<Anims>
 <anim name="anim" root="BUILD_PLAYER" numframes="100" framerate="40">
  <frame idx="0" w="277" h="828" x="6.727264" y="-321.627350">
   <element name="ghost_eyes" layername="ghost_eyes" frame="0" z_index="2" m_a="0.999420" m_b="-0.030792" m_c="0.030792" m_d="0.999420" m_tx="6.750000" m_ty="-401.748993"/>
   <element name="ghost_tail" layername="ghost_tail" frame="0" z_index="3" m_a="1.000000" m_b="0.000000" m_c="0.000000" m_d="1.000000" m_tx="0.000000" m_ty="19.950001"/>
   <element name="ghost_Hat" layername="ghost_Hat" frame="0" z_index="1" m_a="1.000000" m_b="0.000000" m_c="0.000000" m_d="1.000000" m_tx="1.156690" m_ty="-475.453705"/>
  </frame>
  <frame idx="25" w="277" h="828" x="6.727264" y="-321.627350">
   <element name="ghost_eyes" layername="ghost_eyes" frame="0" z_index="2" m_a="0.999420" m_b="-0.030792" m_c="0.030792" m_d="0.999420" m_tx="6.750000" m_ty="-401.748993"/>
   <element name="ghost_tail" layername="ghost_tail" frame="0" z_index="3" m_a="1.000000" m_b="0.000000" m_c="0.000000" m_d="1.000000" m_tx="0.000000" m_ty="19.950001"/>
   <element name="ghost_Hat" layername="ghost_Hat" frame="0" z_index="1" m_a="1.000000" m_b="0.000000" m_c="0.000000" m_d="1.000000" m_tx="1.156690" m_ty="-475.453705"/>
  </frame>
  <frame idx="50" w="277" h="828" x="6.727264" y="-321.627350">
   <element name="ghost_eyes" layername="ghost_eyes" frame="0" z_index="2" m_a="0.999420" m_b="-0.030792" m_c="0.030792" m_d="0.999420" m_tx="6.750000" m_ty="-401.748993"/>
   <element name="ghost_tail" layername="ghost_tail" frame="0" z_index="3" m_a="1.000000" m_b="0.000000" m_c="0.000000" m_d="1.000000" m_tx="0.000000" m_ty="19.950001"/>
   <element name="ghost_Hat" layername="ghost_Hat" frame="0" z_index="1" m_a="1.000000" m_b="0.000000" m_c="0.000000" m_d="1.000000" m_tx="1.156690" m_ty="-475.453705"/>
  </frame>
  <frame idx="75" w="277" h="828" x="6.727264" y="-321.627350">
   <element name="ghost_eyes" layername="ghost_eyes" frame="0" z_index="2" m_a="0.999420" m_b="-0.030792" m_c="0.030792" m_d="0.999420" m_tx="6.750000" m_ty="-401.748993"/>
   <element name="ghost_tail" layername="ghost_tail" frame="0" z_index="3" m_a="1.000000" m_b="0.000000" m_c="0.000000" m_d="1.000000" m_tx="0.000000" m_ty="19.950001"/>
   <element name="ghost_Hat" layername="ghost_Hat" frame="0" z_index="1" m_a="1.000000" m_b="0.000000" m_c="0.000000" m_d="1.000000" m_tx="1.156690" m_ty="-475.453705"/>
  </frame>
 </anim>
</Anims>
