<Anims>
 <anim name="close" root="ui_hatpack_3x3" numframes="150" framerate="40">
  <frame idx="0" w="382" h="352" x="134.121445" y="122.686172">
   <element name="frame" layername="timeline_0" frame="0" z_index="2" m_a="1.000000" m_b="0.000000" m_c="0.000000" m_d="0.934753" m_tx="-21.878555" m_ty="-21.313822"/>
  </frame>
  <frame idx="25" w="382" h="328" x="134.121445" y="114.163986">
   <element name="frame" layername="timeline_0" frame="0" z_index="2" m_a="1.000000" m_b="0.000000" m_c="0.000000" m_d="0.869941" m_tx="-21.878555" m_ty="-19.836012"/>
  </frame>
  <frame idx="50" w="382" h="270" x="134.121445" y="93.693634">
   <element name="frame" layername="timeline_0" frame="0" z_index="2" m_a="1.000000" m_b="0.000000" m_c="0.000000" m_d="0.715143" m_tx="-21.878555" m_ty="-16.306368"/>
  </frame>
  <frame idx="75" w="382" h="170" x="134.121445" y="58.774811">
   <element name="frame" layername="timeline_0" frame="0" z_index="2" m_a="1.000000" m_b="0.000000" m_c="0.000000" m_d="0.448443" m_tx="-21.878555" m_ty="-10.225192"/>
  </frame>
  <frame idx="100" w="382" h="20" x="134.121445" y="6.825401">
   <element name="frame" layername="timeline_0" frame="0" z_index="2" m_a="1.000000" m_b="0.000000" m_c="0.000000" m_d="0.051514" m_tx="-21.878555" m_ty="-1.174599"/>
  </frame>
  <frame idx="125" w="382" h="145" x="134.121445" y="49.810768">
   <element name="frame" layername="timeline_0" frame="0" z_index="2" m_a="1.000000" m_b="0.000000" m_c="0.000000" m_d="0.381081" m_tx="-21.878555" m_ty="-8.689234"/>
  </frame>
 </anim>
 <anim name="open" root="ui_hatpack_3x3" numframes="225" framerate="40">
  <frame idx="0" w="382" h="29" x="134.121445" y="9.768724">
   <element name="frame" layername="timeline_0" frame="0" z_index="2" m_a="1.000000" m_b="0.000000" m_c="0.000000" m_d="0.075928" m_tx="-21.878555" m_ty="-1.731276"/>
  </frame>
  <frame idx="25" w="388" h="88" x="135.807098" y="30.672466">
   <element name="frame" layername="timeline_0" frame="0" z_index="2" m_a="1.014368" m_b="0.000000" m_c="0.000000" m_d="0.233648" m_tx="-22.192900" m_ty="-5.327534"/>
  </frame>
  <frame idx="50" w="403" h="245" x="141.480042" y="84.710564">
   <element name="frame" layername="timeline_0" frame="0" z_index="2" m_a="1.052170" m_b="0.000000" m_c="0.000000" m_d="0.648615" m_tx="-23.019966" m_ty="-14.789434"/>
  </frame>
  <frame idx="75" w="411" h="387" x="143.994720" y="134.129379">
   <element name="frame" layername="timeline_0" frame="0" z_index="2" m_a="1.074353" m_b="0.000000" m_c="0.000000" m_d="1.024957" m_tx="-23.505287" m_ty="-23.370621"/>
  </frame>
  <frame idx="100" w="396" h="382" x="139.348480" y="132.930984">
   <element name="frame" layername="timeline_0" frame="0" z_index="2" m_a="1.035330" m_b="0.000000" m_c="0.000000" m_d="1.011730" m_tx="-22.651525" m_ty="-23.069017"/>
  </frame>
  <frame idx="125" w="389" h="379" x="136.277359" y="131.582550">
   <element name="frame" layername="timeline_0" frame="0" z_index="2" m_a="1.015727" m_b="0.000000" m_c="0.000000" m_d="1.005083" m_tx="-22.222641" m_ty="-22.917454"/>
  </frame>
  <frame idx="150" w="384" h="378" x="135.023727" y="131.169540">
   <element name="frame" layername="timeline_0" frame="0" z_index="2" m_a="1.004466" m_b="0.000000" m_c="0.000000" m_d="1.001267" m_tx="-21.976273" m_ty="-22.830454"/>
  </frame>
  <frame idx="175" w="382" h="377" x="134.121445" y="130.704010">
   <element name="frame" layername="timeline_0" frame="0" z_index="2" m_a="1.000000" m_b="0.000000" m_c="0.000000" m_d="0.999756" m_tx="-21.878555" m_ty="-22.795992"/>
  </frame>
  <frame idx="200" w="382" h="377" x="134.121445" y="130.704010">
   <element name="frame" layername="timeline_0" frame="0" z_index="2" m_a="1.000000" m_b="0.000000" m_c="0.000000" m_d="0.999756" m_tx="-21.878555" m_ty="-22.795992"/>
  </frame>
 </anim>
</Anims>
