<Anims>
 <anim name="close" root="ui_hatpack_3x3" numframes="150" framerate="40">
  <frame idx="0" w="382" h="365" x="0.025116" y="-10.933273">
   <element name="frame" layername="frame" frame="0" z_index="2" m_a="1.000000" m_b="0.000000" m_c="0.000000" m_d="0.934753" m_tx="-21.878555" m_ty="-21.313822"/>
  </frame>
  <frame idx="25" w="382" h="351" x="0.025116" y="-20.538269">
   <element name="frame" layername="frame" frame="0" z_index="2" m_a="1.000000" m_b="0.000000" m_c="0.000000" m_d="0.869941" m_tx="-21.878555" m_ty="-19.836012"/>
  </frame>
  <frame idx="50" w="382" h="318" x="0.025116" y="-43.479141">
   <element name="frame" layername="frame" frame="0" z_index="2" m_a="1.000000" m_b="0.000000" m_c="0.000000" m_d="0.715143" m_tx="-21.878555" m_ty="-16.306368"/>
  </frame>
  <frame idx="75" w="382" h="261" x="0.025116" y="-83.003677">
   <element name="frame" layername="frame" frame="0" z_index="2" m_a="1.000000" m_b="0.000000" m_c="0.000000" m_d="0.448443" m_tx="-21.878555" m_ty="-10.225192"/>
  </frame>
  <frame idx="100" w="382" h="176" x="0.025116" y="-141.827911">
   <element name="frame" layername="frame" frame="0" z_index="2" m_a="1.000000" m_b="0.000000" m_c="0.000000" m_d="0.051514" m_tx="-21.878555" m_ty="-1.174599"/>
  </frame>
  <frame idx="125" w="382" h="247" x="0.025116" y="-92.986633">
   <element name="frame" layername="frame" frame="0" z_index="2" m_a="1.000000" m_b="0.000000" m_c="0.000000" m_d="0.381081" m_tx="-21.878555" m_ty="-8.689234"/>
  </frame>
 </anim>
 <anim name="open" root="ui_hatpack_3x3" numframes="225" framerate="40">
  <frame idx="0" w="382" h="182" x="0.025116" y="-138.209793">
   <element name="frame" layername="frame" frame="0" z_index="2" m_a="1.000000" m_b="0.000000" m_c="0.000000" m_d="0.075928" m_tx="-21.878555" m_ty="-1.731276"/>
  </frame>
  <frame idx="25" w="385" h="215" x="2.203552" y="-114.835953">
   <element name="frame" layername="frame" frame="0" z_index="2" m_a="1.014368" m_b="0.000000" m_c="0.000000" m_d="0.233648" m_tx="-22.192900" m_ty="-5.327534"/>
  </frame>
  <frame idx="50" w="394" h="304" x="7.935257" y="-53.338448">
   <element name="frame" layername="frame" frame="0" z_index="2" m_a="1.052170" m_b="0.000000" m_c="0.000000" m_d="0.648615" m_tx="-23.019966" m_ty="-14.789434"/>
  </frame>
  <frame idx="75" w="399" h="384" x="11.298599" y="2.434860">
   <element name="frame" layername="frame" frame="0" z_index="2" m_a="1.074353" m_b="0.000000" m_c="0.000000" m_d="1.024957" m_tx="-23.505287" m_ty="-23.370621"/>
  </frame>
  <frame idx="100" w="390" h="381" x="5.381912" y="0.474609">
   <element name="frame" layername="frame" frame="0" z_index="2" m_a="1.035330" m_b="0.000000" m_c="0.000000" m_d="1.011730" m_tx="-22.651525" m_ty="-23.069017"/>
  </frame>
  <frame idx="125" w="387" h="380" x="2.409668" y="-0.510483">
   <element name="frame" layername="frame" frame="0" z_index="2" m_a="1.015727" m_b="0.000000" m_c="0.000000" m_d="1.005083" m_tx="-22.222641" m_ty="-22.917454"/>
  </frame>
  <frame idx="150" w="383" h="379" x="0.702301" y="-1.075928">
   <element name="frame" layername="frame" frame="0" z_index="2" m_a="1.004466" m_b="0.000000" m_c="0.000000" m_d="1.001267" m_tx="-21.976273" m_ty="-22.830454"/>
  </frame>
  <frame idx="175" w="382" h="379" x="0.025116" y="-1.299927">
   <element name="frame" layername="frame" frame="0" z_index="2" m_a="1.000000" m_b="0.000000" m_c="0.000000" m_d="0.999756" m_tx="-21.878555" m_ty="-22.795992"/>
  </frame>
  <frame idx="200" w="382" h="379" x="0.025116" y="-1.299927">
   <element name="frame" layername="frame" frame="0" z_index="2" m_a="1.000000" m_b="0.000000" m_c="0.000000" m_d="0.999756" m_tx="-21.878555" m_ty="-22.795992"/>
  </frame>
 </anim>
</Anims>
