<Anims>
 <anim name="idle" root="kidhat_dye_toonlink" numframes="1000" framerate="40">
  <frame idx="0" w="337" h="329" x="-54.770538" y="-122.305634">
   <element name="swap_hat" layername="swap_hat-3" frame="3" z_index="1" m_a="0.705290" m_b="0.000000" m_c="0.000000" m_d="0.705290" m_tx="-0.004571" m_ty="3.363852"/>
  </frame>
  <frame idx="25" w="337" h="329" x="-54.770538" y="-122.305634">
   <element name="swap_hat" layername="swap_hat-3" frame="3" z_index="1" m_a="0.705290" m_b="0.000000" m_c="0.000000" m_d="0.705290" m_tx="-0.004571" m_ty="3.363852"/>
  </frame>
  <frame idx="50" w="337" h="329" x="-54.770538" y="-122.305634">
   <element name="swap_hat" layername="swap_hat-3" frame="3" z_index="1" m_a="0.705290" m_b="0.000000" m_c="0.000000" m_d="0.705290" m_tx="-0.004571" m_ty="3.363852"/>
  </frame>
  <frame idx="75" w="337" h="329" x="-54.770538" y="-122.305634">
   <element name="swap_hat" layername="swap_hat-3" frame="3" z_index="1" m_a="0.705290" m_b="0.000000" m_c="0.000000" m_d="0.705290" m_tx="-0.004571" m_ty="3.363852"/>
  </frame>
  <frame idx="100" w="337" h="329" x="-54.770538" y="-122.305634">
   <element name="swap_hat" layername="swap_hat-3" frame="3" z_index="1" m_a="0.705290" m_b="0.000000" m_c="0.000000" m_d="0.705290" m_tx="-0.004571" m_ty="3.363852"/>
  </frame>
  <frame idx="125" w="337" h="329" x="-54.770538" y="-122.305634">
   <element name="swap_hat" layername="swap_hat-3" frame="3" z_index="1" m_a="0.705290" m_b="0.000000" m_c="0.000000" m_d="0.705290" m_tx="-0.004571" m_ty="3.363852"/>
  </frame>
  <frame idx="150" w="337" h="329" x="-54.770538" y="-122.305634">
   <element name="swap_hat" layername="swap_hat-3" frame="3" z_index="1" m_a="0.705290" m_b="0.000000" m_c="0.000000" m_d="0.705290" m_tx="-0.004571" m_ty="3.363852"/>
  </frame>
  <frame idx="175" w="337" h="329" x="-54.770538" y="-122.305634">
   <element name="swap_hat" layername="swap_hat-3" frame="3" z_index="1" m_a="0.705290" m_b="0.000000" m_c="0.000000" m_d="0.705290" m_tx="-0.004571" m_ty="3.363852"/>
  </frame>
  <frame idx="200" w="337" h="329" x="-54.770538" y="-122.305634">
   <element name="swap_hat" layername="swap_hat-3" frame="3" z_index="1" m_a="0.705290" m_b="0.000000" m_c="0.000000" m_d="0.705290" m_tx="-0.004571" m_ty="3.363852"/>
  </frame>
  <frame idx="225" w="337" h="329" x="-54.770538" y="-122.305634">
   <element name="swap_hat" layername="swap_hat-3" frame="3" z_index="1" m_a="0.705290" m_b="0.000000" m_c="0.000000" m_d="0.705290" m_tx="-0.004571" m_ty="3.363852"/>
  </frame>
  <frame idx="250" w="337" h="329" x="-54.770538" y="-122.305634">
   <element name="swap_hat" layername="swap_hat-3" frame="3" z_index="1" m_a="0.705290" m_b="0.000000" m_c="0.000000" m_d="0.705290" m_tx="-0.004571" m_ty="3.363852"/>
  </frame>
  <frame idx="275" w="337" h="329" x="-54.770538" y="-122.305634">
   <element name="swap_hat" layername="swap_hat-3" frame="3" z_index="1" m_a="0.705290" m_b="0.000000" m_c="0.000000" m_d="0.705290" m_tx="-0.004571" m_ty="3.363852"/>
  </frame>
  <frame idx="300" w="337" h="329" x="-54.770538" y="-122.305634">
   <element name="swap_hat" layername="swap_hat-3" frame="3" z_index="1" m_a="0.705290" m_b="0.000000" m_c="0.000000" m_d="0.705290" m_tx="-0.004571" m_ty="3.363852"/>
  </frame>
  <frame idx="325" w="337" h="329" x="-54.770538" y="-122.305634">
   <element name="swap_hat" layername="swap_hat-3" frame="3" z_index="1" m_a="0.705290" m_b="0.000000" m_c="0.000000" m_d="0.705290" m_tx="-0.004571" m_ty="3.363852"/>
  </frame>
  <frame idx="350" w="337" h="329" x="-54.770538" y="-122.305634">
   <element name="swap_hat" layername="swap_hat-3" frame="3" z_index="1" m_a="0.705290" m_b="0.000000" m_c="0.000000" m_d="0.705290" m_tx="-0.004571" m_ty="3.363852"/>
  </frame>
  <frame idx="375" w="337" h="329" x="-54.770538" y="-122.305634">
   <element name="swap_hat" layername="swap_hat-3" frame="3" z_index="1" m_a="0.705290" m_b="0.000000" m_c="0.000000" m_d="0.705290" m_tx="-0.004571" m_ty="3.363852"/>
  </frame>
  <frame idx="400" w="337" h="329" x="-54.770538" y="-122.305634">
   <element name="swap_hat" layername="swap_hat-3" frame="3" z_index="1" m_a="0.705290" m_b="0.000000" m_c="0.000000" m_d="0.705290" m_tx="-0.004571" m_ty="3.363852"/>
  </frame>
  <frame idx="425" w="337" h="329" x="-54.770538" y="-122.305634">
   <element name="swap_hat" layername="swap_hat-3" frame="3" z_index="1" m_a="0.705290" m_b="0.000000" m_c="0.000000" m_d="0.705290" m_tx="-0.004571" m_ty="3.363852"/>
  </frame>
  <frame idx="450" w="337" h="329" x="-54.770538" y="-122.305634">
   <element name="swap_hat" layername="swap_hat-3" frame="3" z_index="1" m_a="0.705290" m_b="0.000000" m_c="0.000000" m_d="0.705290" m_tx="-0.004571" m_ty="3.363852"/>
  </frame>
  <frame idx="475" w="337" h="329" x="-54.770538" y="-122.305634">
   <element name="swap_hat" layername="swap_hat-3" frame="3" z_index="1" m_a="0.705290" m_b="0.000000" m_c="0.000000" m_d="0.705290" m_tx="-0.004571" m_ty="3.363852"/>
  </frame>
  <frame idx="500" w="337" h="329" x="-54.770538" y="-122.305634">
   <element name="swap_hat" layername="swap_hat-3" frame="3" z_index="1" m_a="0.705290" m_b="0.000000" m_c="0.000000" m_d="0.705290" m_tx="-0.004571" m_ty="3.363852"/>
  </frame>
  <frame idx="525" w="337" h="329" x="-54.770538" y="-122.305634">
   <element name="swap_hat" layername="swap_hat-3" frame="3" z_index="1" m_a="0.705290" m_b="0.000000" m_c="0.000000" m_d="0.705290" m_tx="-0.004571" m_ty="3.363852"/>
  </frame>
  <frame idx="550" w="337" h="329" x="-54.770538" y="-122.305634">
   <element name="swap_hat" layername="swap_hat-3" frame="3" z_index="1" m_a="0.705290" m_b="0.000000" m_c="0.000000" m_d="0.705290" m_tx="-0.004571" m_ty="3.363852"/>
  </frame>
  <frame idx="575" w="337" h="329" x="-54.770538" y="-122.305634">
   <element name="swap_hat" layername="swap_hat-3" frame="3" z_index="1" m_a="0.705290" m_b="0.000000" m_c="0.000000" m_d="0.705290" m_tx="-0.004571" m_ty="3.363852"/>
  </frame>
  <frame idx="600" w="337" h="329" x="-54.770538" y="-122.305634">
   <element name="swap_hat" layername="swap_hat-3" frame="3" z_index="1" m_a="0.705290" m_b="0.000000" m_c="0.000000" m_d="0.705290" m_tx="-0.004571" m_ty="3.363852"/>
  </frame>
  <frame idx="625" w="337" h="329" x="-54.770538" y="-122.305634">
   <element name="swap_hat" layername="swap_hat-3" frame="3" z_index="1" m_a="0.705290" m_b="0.000000" m_c="0.000000" m_d="0.705290" m_tx="-0.004571" m_ty="3.363852"/>
  </frame>
  <frame idx="650" w="337" h="329" x="-54.770538" y="-122.305634">
   <element name="swap_hat" layername="swap_hat-3" frame="3" z_index="1" m_a="0.705290" m_b="0.000000" m_c="0.000000" m_d="0.705290" m_tx="-0.004571" m_ty="3.363852"/>
  </frame>
  <frame idx="675" w="337" h="329" x="-54.770538" y="-122.305634">
   <element name="swap_hat" layername="swap_hat-3" frame="3" z_index="1" m_a="0.705290" m_b="0.000000" m_c="0.000000" m_d="0.705290" m_tx="-0.004571" m_ty="3.363852"/>
  </frame>
  <frame idx="700" w="337" h="329" x="-54.770538" y="-122.305634">
   <element name="swap_hat" layername="swap_hat-3" frame="3" z_index="1" m_a="0.705290" m_b="0.000000" m_c="0.000000" m_d="0.705290" m_tx="-0.004571" m_ty="3.363852"/>
  </frame>
  <frame idx="725" w="337" h="329" x="-54.770538" y="-122.305634">
   <element name="swap_hat" layername="swap_hat-3" frame="3" z_index="1" m_a="0.705290" m_b="0.000000" m_c="0.000000" m_d="0.705290" m_tx="-0.004571" m_ty="3.363852"/>
  </frame>
  <frame idx="750" w="337" h="329" x="-54.770538" y="-122.305634">
   <element name="swap_hat" layername="swap_hat-3" frame="3" z_index="1" m_a="0.705290" m_b="0.000000" m_c="0.000000" m_d="0.705290" m_tx="-0.004571" m_ty="3.363852"/>
  </frame>
  <frame idx="775" w="337" h="329" x="-54.770538" y="-122.305634">
   <element name="swap_hat" layername="swap_hat-3" frame="3" z_index="1" m_a="0.705290" m_b="0.000000" m_c="0.000000" m_d="0.705290" m_tx="-0.004571" m_ty="3.363852"/>
  </frame>
  <frame idx="800" w="337" h="329" x="-54.770538" y="-122.305634">
   <element name="swap_hat" layername="swap_hat-3" frame="3" z_index="1" m_a="0.705290" m_b="0.000000" m_c="0.000000" m_d="0.705290" m_tx="-0.004571" m_ty="3.363852"/>
  </frame>
  <frame idx="825" w="337" h="329" x="-54.770538" y="-122.305634">
   <element name="swap_hat" layername="swap_hat-3" frame="3" z_index="1" m_a="0.705290" m_b="0.000000" m_c="0.000000" m_d="0.705290" m_tx="-0.004571" m_ty="3.363852"/>
  </frame>
  <frame idx="850" w="337" h="329" x="-54.770538" y="-122.305634">
   <element name="swap_hat" layername="swap_hat-3" frame="3" z_index="1" m_a="0.705290" m_b="0.000000" m_c="0.000000" m_d="0.705290" m_tx="-0.004571" m_ty="3.363852"/>
  </frame>
  <frame idx="875" w="337" h="329" x="-54.770538" y="-122.305634">
   <element name="swap_hat" layername="swap_hat-3" frame="3" z_index="1" m_a="0.705290" m_b="0.000000" m_c="0.000000" m_d="0.705290" m_tx="-0.004571" m_ty="3.363852"/>
  </frame>
  <frame idx="900" w="337" h="329" x="-54.770538" y="-122.305634">
   <element name="swap_hat" layername="swap_hat-3" frame="3" z_index="1" m_a="0.705290" m_b="0.000000" m_c="0.000000" m_d="0.705290" m_tx="-0.004571" m_ty="3.363852"/>
  </frame>
  <frame idx="925" w="337" h="329" x="-54.770538" y="-122.305634">
   <element name="swap_hat" layername="swap_hat-3" frame="3" z_index="1" m_a="0.705290" m_b="0.000000" m_c="0.000000" m_d="0.705290" m_tx="-0.004571" m_ty="3.363852"/>
  </frame>
  <frame idx="950" w="337" h="329" x="-54.770538" y="-122.305634">
   <element name="swap_hat" layername="swap_hat-3" frame="3" z_index="1" m_a="0.705290" m_b="0.000000" m_c="0.000000" m_d="0.705290" m_tx="-0.004571" m_ty="3.363852"/>
  </frame>
  <frame idx="975" w="337" h="329" x="-54.770538" y="-122.305634">
   <element name="swap_hat" layername="swap_hat-3" frame="3" z_index="1" m_a="0.705290" m_b="0.000000" m_c="0.000000" m_d="0.705290" m_tx="-0.004571" m_ty="3.363852"/>
  </frame>
 </anim>
</Anims>
