<Anims>
 <anim name="explode" root="icecloud" numframes="1050" framerate="40">
  <frame idx="0" w="2" h="0" x="0.000000" y="0.000000"/>
  <frame idx="25" w="2" h="0" x="0.000000" y="0.000000"/>
  <frame idx="50" w="2" h="0" x="0.000000" y="0.000000"/>
  <frame idx="75" w="2" h="0" x="0.000000" y="0.000000"/>
  <frame idx="100" w="2" h="0" x="0.000000" y="0.000000"/>
  <frame idx="125" w="2" h="0" x="0.000000" y="0.000000"/>
  <frame idx="150" w="739" h="261" x="-198.619843" y="-23.698486">
   <element name="sleepcloud_pre" layername="sleepcloud_pre" frame="0" z_index="1" m_a="-0.814194" m_b="0.000000" m_c="0.000000" m_d="1.000000" m_tx="3.850000" m_ty="-36.749001"/>
   <element name="sleepcloud_pre" layername="sleepcloud_pre" frame="0" z_index="2" m_a="1.000000" m_b="0.000000" m_c="0.000000" m_d="1.000000" m_tx="4.450000" m_ty="-37.449001"/>
  </frame>
  <frame idx="175" w="741" h="263" x="-198.516876" y="-25.808151">
   <element name="sleepcloud_pre" layername="sleepcloud_pre" frame="0" z_index="1" m_a="-0.814194" m_b="0.000000" m_c="0.000000" m_d="1.000000" m_tx="2.947558" m_ty="-38.858669"/>
   <element name="sleepcloud_pre" layername="sleepcloud_pre" frame="0" z_index="2" m_a="1.000000" m_b="0.000000" m_c="0.000000" m_d="1.000000" m_tx="5.558386" m_ty="-39.558670"/>
  </frame>
  <frame idx="200" w="1008" h="327" x="-272.800720" y="-19.653046">
   <element name="sleepcloud_pre" layername="sleepcloud_pre" frame="1" z_index="1" m_a="-0.814194" m_b="0.000000" m_c="0.000000" m_d="1.000000" m_tx="-1.132520" m_ty="-48.078526"/>
   <element name="sleepcloud_pre" layername="sleepcloud_pre" frame="1" z_index="2" m_a="1.000000" m_b="0.000000" m_c="0.000000" m_d="1.000000" m_tx="10.569572" m_ty="-48.778526"/>
  </frame>
  <frame idx="225" w="1008" h="327" x="-272.800720" y="-19.653046">
   <element name="sleepcloud_pre" layername="sleepcloud_pre" frame="1" z_index="1" m_a="-0.814194" m_b="0.000000" m_c="0.000000" m_d="1.000000" m_tx="-1.132520" m_ty="-48.078526"/>
   <element name="sleepcloud_pre" layername="sleepcloud_pre" frame="1" z_index="2" m_a="1.000000" m_b="0.000000" m_c="0.000000" m_d="1.000000" m_tx="10.569572" m_ty="-48.778526"/>
  </frame>
  <frame idx="250" w="1011" h="328" x="-272.666779" y="-20.836655">
   <element name="sleepcloud_pre" layername="sleepcloud_pre" frame="1" z_index="1" m_a="-0.814194" m_b="0.000000" m_c="0.000000" m_d="1.000000" m_tx="-2.306131" m_ty="-49.262146"/>
   <element name="sleepcloud_pre" layername="sleepcloud_pre" frame="1" z_index="2" m_a="1.000000" m_b="0.000000" m_c="0.000000" m_d="1.000000" m_tx="12.011013" m_ty="-49.962143"/>
  </frame>
  <frame idx="275" w="1147" h="384" x="-310.855164" y="-16.113266">
   <element name="sleepcloud_pre" layername="sleepcloud_pre" frame="2" z_index="1" m_a="-0.814194" m_b="0.000000" m_c="0.000000" m_d="1.000000" m_tx="-4.489117" m_ty="-53.313801"/>
   <element name="sleepcloud_pre" layername="sleepcloud_pre" frame="2" z_index="2" m_a="1.000000" m_b="0.000000" m_c="0.000000" m_d="1.000000" m_tx="14.692174" m_ty="-54.013802"/>
  </frame>
  <frame idx="300" w="1147" h="384" x="-310.855164" y="-16.113266">
   <element name="sleepcloud_pre" layername="sleepcloud_pre" frame="2" z_index="1" m_a="-0.814194" m_b="0.000000" m_c="0.000000" m_d="1.000000" m_tx="-4.489117" m_ty="-53.313801"/>
   <element name="sleepcloud_pre" layername="sleepcloud_pre" frame="2" z_index="2" m_a="1.000000" m_b="0.000000" m_c="0.000000" m_d="1.000000" m_tx="14.692174" m_ty="-54.013802"/>
  </frame>
  <frame idx="325" w="1128" h="380" x="-311.750885" y="-11.654221">
   <element name="sleepcloud_pre" layername="sleepcloud_pre" frame="2" z_index="1" m_a="-0.814194" m_b="0.000000" m_c="0.000000" m_d="1.000000" m_tx="3.360913" m_ty="-48.854755"/>
   <element name="sleepcloud_pre" layername="sleepcloud_pre" frame="2" z_index="2" m_a="1.000000" m_b="0.000000" m_c="0.000000" m_d="1.000000" m_tx="5.050701" m_ty="-49.554756"/>
  </frame>
  <frame idx="350" w="1334" h="422" x="-360.820374" y="-13.837708">
   <element name="sleepcloud_pre" layername="sleepcloud_pre" frame="3" z_index="1" m_a="-0.814194" m_b="0.000000" m_c="0.000000" m_d="1.000000" m_tx="6.663846" m_ty="-48.388107"/>
   <element name="sleepcloud_pre" layername="sleepcloud_pre" frame="3" z_index="2" m_a="1.000000" m_b="0.000000" m_c="0.000000" m_d="1.000000" m_tx="0.994009" m_ty="-49.088112"/>
  </frame>
  <frame idx="375" w="1331" h="422" x="-360.950256" y="-14.074219">
   <element name="sleepcloud_pre" layername="sleepcloud_pre" frame="3" z_index="1" m_a="-0.814194" m_b="0.000000" m_c="0.000000" m_d="1.000000" m_tx="7.802585" m_ty="-48.624607"/>
   <element name="sleepcloud_pre" layername="sleepcloud_pre" frame="3" z_index="2" m_a="1.000000" m_b="0.000000" m_c="0.000000" m_d="1.000000" m_tx="-0.404599" m_ty="-49.324608"/>
  </frame>
  <frame idx="400" w="1484" h="483" x="-401.316345" y="-10.045120">
   <element name="sleepcloud_pre" layername="sleepcloud_pre" frame="4" z_index="1" m_a="-0.814194" m_b="0.000000" m_c="0.000000" m_d="1.000000" m_tx="12.315948" m_ty="-51.420410"/>
   <element name="sleepcloud_pre" layername="sleepcloud_pre" frame="4" z_index="2" m_a="1.000000" m_b="0.000000" m_c="0.000000" m_d="1.000000" m_tx="-5.947950" m_ty="-52.120407"/>
  </frame>
  <frame idx="425" w="1484" h="483" x="-401.316345" y="-10.045120">
   <element name="sleepcloud_pre" layername="sleepcloud_pre" frame="4" z_index="1" m_a="-0.814194" m_b="0.000000" m_c="0.000000" m_d="1.000000" m_tx="12.315948" m_ty="-51.420410"/>
   <element name="sleepcloud_pre" layername="sleepcloud_pre" frame="4" z_index="2" m_a="1.000000" m_b="0.000000" m_c="0.000000" m_d="1.000000" m_tx="-5.947950" m_ty="-52.120407"/>
  </frame>
  <frame idx="450" w="1490" h="486" x="-401.043640" y="-11.730545">
   <element name="sleepcloud_pre" layername="sleepcloud_pre" frame="4" z_index="1" m_a="-0.814194" m_b="0.000000" m_c="0.000000" m_d="1.000000" m_tx="9.926001" m_ty="-53.105850"/>
   <element name="sleepcloud_pre" layername="sleepcloud_pre" frame="4" z_index="2" m_a="1.000000" m_b="0.000000" m_c="0.000000" m_d="1.000000" m_tx="-3.012595" m_ty="-53.805855"/>
  </frame>
  <frame idx="475" w="1797" h="566" x="-487.145752" y="-4.988327">
   <element name="sleepcloud_pre" layername="sleepcloud_pre" frame="5" z_index="1" m_a="-0.814194" m_b="0.000000" m_c="0.000000" m_d="1.000000" m_tx="8.078062" m_ty="-58.288719"/>
   <element name="sleepcloud_pre" layername="sleepcloud_pre" frame="5" z_index="2" m_a="1.000000" m_b="0.000000" m_c="0.000000" m_d="1.000000" m_tx="-0.742941" m_ty="-58.988716"/>
  </frame>
  <frame idx="500" w="1797" h="566" x="-487.145752" y="-4.988327">
   <element name="sleepcloud_pre" layername="sleepcloud_pre" frame="5" z_index="1" m_a="-0.814194" m_b="0.000000" m_c="0.000000" m_d="1.000000" m_tx="8.078062" m_ty="-58.288719"/>
   <element name="sleepcloud_pre" layername="sleepcloud_pre" frame="5" z_index="2" m_a="1.000000" m_b="0.000000" m_c="0.000000" m_d="1.000000" m_tx="-0.742941" m_ty="-58.988716"/>
  </frame>
  <frame idx="525" w="1834" h="546" x="-485.295471" y="13.602234">
   <element name="sleepcloud_pre" layername="sleepcloud_pre" frame="5" z_index="1" m_a="-0.814194" m_b="0.000000" m_c="0.000000" m_d="1.000000" m_tx="-8.137934" m_ty="-39.698158"/>
   <element name="sleepcloud_pre" layername="sleepcloud_pre" frame="5" z_index="2" m_a="1.000000" m_b="0.000000" m_c="0.000000" m_d="1.000000" m_tx="19.173683" m_ty="-40.398159"/>
  </frame>
  <frame idx="550" w="1688" h="545" x="-459.804871" y="-6.252518">
   <element name="sleepcloud_pre" layername="sleepcloud_pre" frame="6" z_index="1" m_a="-0.814194" m_b="0.000000" m_c="0.000000" m_d="1.000000" m_tx="-12.181913" m_ty="-33.152939"/>
   <element name="sleepcloud_pre" layername="sleepcloud_pre" frame="6" z_index="2" m_a="1.000000" m_b="0.000000" m_c="0.000000" m_d="1.000000" m_tx="24.140533" m_ty="-33.852940"/>
  </frame>
  <frame idx="575" w="1699" h="532" x="-459.305420" y="6.105392">
   <element name="sleepcloud_pre" layername="sleepcloud_pre" frame="6" z_index="1" m_a="-0.814194" m_b="0.000000" m_c="0.000000" m_d="1.000000" m_tx="-16.559109" m_ty="-20.795038"/>
   <element name="sleepcloud_pre" layername="sleepcloud_pre" frame="6" z_index="2" m_a="1.000000" m_b="0.000000" m_c="0.000000" m_d="1.000000" m_tx="29.516640" m_ty="-21.495039"/>
  </frame>
  <frame idx="600" w="1718" h="467" x="-469.765747" y="16.713409">
   <element name="sleepcloud_pre" layername="sleepcloud_pre" frame="7" z_index="1" m_a="-0.814194" m_b="0.000000" m_c="0.000000" m_d="1.000000" m_tx="-29.522718" m_ty="15.013001"/>
   <element name="sleepcloud_pre" layername="sleepcloud_pre" frame="7" z_index="2" m_a="1.000000" m_b="0.000000" m_c="0.000000" m_d="1.000000" m_tx="45.438656" m_ty="14.313001"/>
  </frame>
  <frame idx="625" w="1718" h="469" x="-469.765747" y="15.242813">
   <element name="sleepcloud_pre" layername="sleepcloud_pre" frame="7" z_index="1" m_a="-0.814194" m_b="0.000000" m_c="0.000000" m_d="1.000000" m_tx="-29.522718" m_ty="13.542414"/>
   <element name="sleepcloud_pre" layername="sleepcloud_pre" frame="7" z_index="2" m_a="1.000000" m_b="0.000000" m_c="0.000000" m_d="1.000000" m_tx="45.438656" m_ty="12.842413"/>
  </frame>
  <frame idx="650" w="1721" h="467" x="-469.086304" y="17.344864">
   <element name="sleepcloud_pre" layername="sleepcloud_pre" frame="7" z_index="1" m_a="-0.814194" m_b="0.000000" m_c="0.000000" m_d="1.000000" m_tx="-30.743391" m_ty="15.644451"/>
   <element name="sleepcloud_pre" layername="sleepcloud_pre" frame="7" z_index="2" m_a="1.000000" m_b="0.000000" m_c="0.000000" m_d="1.000000" m_tx="48.018242" m_ty="14.944452"/>
  </frame>
  <frame idx="675" w="1754" h="462" x="-479.510986" y="5.005081">
   <element name="sleepcloud_pre" layername="sleepcloud_pre" frame="8" z_index="1" m_a="-0.814194" m_b="0.000000" m_c="0.000000" m_d="1.000000" m_tx="-32.567364" m_ty="15.354692"/>
   <element name="sleepcloud_pre" layername="sleepcloud_pre" frame="8" z_index="2" m_a="1.000000" m_b="0.000000" m_c="0.000000" m_d="1.000000" m_tx="51.406322" m_ty="14.654694"/>
  </frame>
  <frame idx="700" w="1754" h="468" x="-479.510986" y="-0.297943">
   <element name="sleepcloud_pre" layername="sleepcloud_pre" frame="8" z_index="1" m_a="-0.814194" m_b="0.000000" m_c="0.000000" m_d="1.000000" m_tx="-32.567364" m_ty="10.051662"/>
   <element name="sleepcloud_pre" layername="sleepcloud_pre" frame="8" z_index="2" m_a="1.000000" m_b="0.000000" m_c="0.000000" m_d="1.000000" m_tx="51.406322" m_ty="9.351664"/>
  </frame>
  <frame idx="725" w="1753" h="466" x="-479.574707" y="2.612381">
   <element name="sleepcloud_pre" layername="sleepcloud_pre" frame="8" z_index="1" m_a="-0.814194" m_b="0.000000" m_c="0.000000" m_d="1.000000" m_tx="-32.008667" m_ty="12.961998"/>
   <element name="sleepcloud_pre" layername="sleepcloud_pre" frame="8" z_index="2" m_a="1.000000" m_b="0.000000" m_c="0.000000" m_d="1.000000" m_tx="50.720127" m_ty="12.262001"/>
  </frame>
  <frame idx="750" w="1765" h="464" x="-482.556458" y="-7.965561">
   <element name="sleepcloud_pre" layername="sleepcloud_pre" frame="9" z_index="1" m_a="-0.814194" m_b="0.000000" m_c="0.000000" m_d="1.000000" m_tx="-32.550537" m_ty="9.833870"/>
   <element name="sleepcloud_pre" layername="sleepcloud_pre" frame="9" z_index="2" m_a="1.000000" m_b="0.000000" m_c="0.000000" m_d="1.000000" m_tx="50.305313" m_ty="9.133869"/>
  </frame>
  <frame idx="775" w="1764" h="466" x="-483.125977" y="-9.852127">
   <element name="sleepcloud_pre" layername="sleepcloud_pre" frame="9" z_index="1" m_a="-0.814194" m_b="0.000000" m_c="0.000000" m_d="1.000000" m_tx="-32.588791" m_ty="7.947296"/>
   <element name="sleepcloud_pre" layername="sleepcloud_pre" frame="9" z_index="2" m_a="1.000000" m_b="0.000000" m_c="0.000000" m_d="1.000000" m_tx="49.204430" m_ty="7.247295"/>
  </frame>
  <frame idx="800" w="1770" h="464" x="-484.271729" y="-11.309311">
   <element name="sleepcloud_pre" layername="sleepcloud_pre" frame="10" z_index="1" m_a="-0.814194" m_b="0.000000" m_c="0.000000" m_d="1.000000" m_tx="-31.342882" m_ty="11.240368"/>
   <element name="sleepcloud_pre" layername="sleepcloud_pre" frame="10" z_index="2" m_a="1.000000" m_b="0.000000" m_c="0.000000" m_d="1.000000" m_tx="47.674198" m_ty="10.540367"/>
  </frame>
  <frame idx="825" w="1770" h="464" x="-484.271729" y="-11.309311">
   <element name="sleepcloud_pre" layername="sleepcloud_pre" frame="10" z_index="1" m_a="-0.814194" m_b="0.000000" m_c="0.000000" m_d="1.000000" m_tx="-31.342882" m_ty="11.240368"/>
   <element name="sleepcloud_pre" layername="sleepcloud_pre" frame="10" z_index="2" m_a="1.000000" m_b="0.000000" m_c="0.000000" m_d="1.000000" m_tx="47.674198" m_ty="10.540367"/>
  </frame>
  <frame idx="850" w="1758" h="512" x="-496.359131" y="-24.106445">
   <element name="sleepcloud_pre" layername="sleepcloud_pre" frame="10" z_index="1" m_a="-0.814194" m_b="0.000000" m_c="0.000000" m_d="1.000000" m_tx="-31.846312" m_ty="14.401306"/>
   <element name="sleepcloud_pre" layername="sleepcloud_pre" frame="10" z_index="2" m_a="1.000000" m_b="0.000000" m_c="0.000000" m_d="1.000000" m_tx="24.002907" m_ty="-18.214823"/>
  </frame>
  <frame idx="875" w="1774" h="450" x="-485.428589" y="-12.067825">
   <element name="sleepcloud_pre" layername="sleepcloud_pre" frame="11" z_index="1" m_a="-0.814194" m_b="0.000000" m_c="0.000000" m_d="1.000000" m_tx="-32.381203" m_ty="16.156597"/>
   <element name="sleepcloud_pre" layername="sleepcloud_pre" frame="11" z_index="2" m_a="1.000000" m_b="0.000000" m_c="0.000000" m_d="1.000000" m_tx="48.949471" m_ty="15.456596"/>
  </frame>
  <frame idx="900" w="1774" h="450" x="-485.428589" y="-12.067825">
   <element name="sleepcloud_pre" layername="sleepcloud_pre" frame="11" z_index="1" m_a="-0.814194" m_b="0.000000" m_c="0.000000" m_d="1.000000" m_tx="-32.381203" m_ty="16.156597"/>
   <element name="sleepcloud_pre" layername="sleepcloud_pre" frame="11" z_index="2" m_a="1.000000" m_b="0.000000" m_c="0.000000" m_d="1.000000" m_tx="48.949471" m_ty="15.456596"/>
  </frame>
  <frame idx="925" w="1784" h="449" x="-484.933289" y="-11.227203">
   <element name="sleepcloud_pre" layername="sleepcloud_pre" frame="11" z_index="1" m_a="-0.814194" m_b="0.000000" m_c="0.000000" m_d="1.000000" m_tx="-36.721973" m_ty="16.997231"/>
   <element name="sleepcloud_pre" layername="sleepcloud_pre" frame="11" z_index="2" m_a="1.000000" m_b="0.000000" m_c="0.000000" m_d="1.000000" m_tx="54.280842" m_ty="16.297230"/>
  </frame>
  <frame idx="950" w="1770" h="447" x="-485.114502" y="-12.320663">
   <element name="sleepcloud_pre" layername="sleepcloud_pre" frame="12" z_index="1" m_a="-0.814194" m_b="0.000000" m_c="0.000000" m_d="1.000000" m_tx="-37.699451" m_ty="16.753906"/>
   <element name="sleepcloud_pre" layername="sleepcloud_pre" frame="12" z_index="2" m_a="1.000000" m_b="0.000000" m_c="0.000000" m_d="1.000000" m_tx="55.481388" m_ty="16.053905"/>
  </frame>
  <frame idx="975" w="1746" h="464" x="-487.571045" y="-27.653442">
   <element name="sleepcloud_pre" layername="sleepcloud_pre" frame="12" z_index="1" m_a="-0.814194" m_b="0.000000" m_c="0.000000" m_d="1.000000" m_tx="-27.955284" m_ty="1.421127"/>
   <element name="sleepcloud_pre" layername="sleepcloud_pre" frame="12" z_index="2" m_a="1.000000" m_b="0.000000" m_c="0.000000" m_d="1.000000" m_tx="40.824181" m_ty="0.721127"/>
  </frame>
  <frame idx="1000" w="1617" h="417" x="-459.127869" y="-14.090546">
   <element name="sleepcloud_pre" layername="sleepcloud_pre" frame="13" z_index="1" m_a="-0.814194" m_b="0.000000" m_c="0.000000" m_d="1.000000" m_tx="-182.376694" m_ty="24.258854"/>
   <element name="sleepcloud_pre" layername="sleepcloud_pre" frame="13" z_index="2" m_a="1.000000" m_b="0.000000" m_c="0.000000" m_d="1.000000" m_tx="233.175217" m_ty="23.558853"/>
  </frame>
  <frame idx="1025" w="1617" h="417" x="-459.127869" y="-14.090546">
   <element name="sleepcloud_pre" layername="sleepcloud_pre" frame="13" z_index="1" m_a="-0.814194" m_b="0.000000" m_c="0.000000" m_d="1.000000" m_tx="-182.376694" m_ty="24.258854"/>
   <element name="sleepcloud_pre" layername="sleepcloud_pre" frame="13" z_index="2" m_a="1.000000" m_b="0.000000" m_c="0.000000" m_d="1.000000" m_tx="233.175217" m_ty="23.558853"/>
  </frame>
 </anim>
</Anims>
