<Anims>
 <anim name="idle" root="pon" numframes="1000" framerate="40">
  <frame idx="0" w="72" h="71" x="-0.029247" y="0.002625">
   <element name="pon_pickup" layername="pon_large" frame="0" z_index="2" m_a="1.000000" m_b="0.000000" m_c="0.000000" m_d="1.000000" m_tx="0.000000" m_ty="0.000000"/>
  </frame>
  <frame idx="25" w="72" h="71" x="-0.029247" y="0.002625">
   <element name="pon_pickup" layername="pon_large" frame="0" z_index="2" m_a="1.000000" m_b="0.000000" m_c="0.000000" m_d="1.000000" m_tx="0.000000" m_ty="0.000000"/>
  </frame>
  <frame idx="50" w="72" h="71" x="-0.029247" y="0.002625">
   <element name="pon_pickup" layername="pon_large" frame="0" z_index="2" m_a="1.000000" m_b="0.000000" m_c="0.000000" m_d="1.000000" m_tx="0.000000" m_ty="0.000000"/>
  </frame>
  <frame idx="75" w="72" h="71" x="-0.029247" y="0.002625">
   <element name="pon_pickup" layername="pon_large" frame="0" z_index="2" m_a="1.000000" m_b="0.000000" m_c="0.000000" m_d="1.000000" m_tx="0.000000" m_ty="0.000000"/>
  </frame>
  <frame idx="100" w="72" h="71" x="-0.029247" y="0.002625">
   <element name="pon_pickup" layername="pon_large" frame="0" z_index="2" m_a="1.000000" m_b="0.000000" m_c="0.000000" m_d="1.000000" m_tx="0.000000" m_ty="0.000000"/>
  </frame>
  <frame idx="125" w="72" h="71" x="-0.029247" y="0.002625">
   <element name="pon_pickup" layername="pon_large" frame="0" z_index="2" m_a="1.000000" m_b="0.000000" m_c="0.000000" m_d="1.000000" m_tx="0.000000" m_ty="0.000000"/>
  </frame>
  <frame idx="150" w="72" h="71" x="-0.029247" y="0.002625">
   <element name="pon_pickup" layername="pon_large" frame="0" z_index="2" m_a="1.000000" m_b="0.000000" m_c="0.000000" m_d="1.000000" m_tx="0.000000" m_ty="0.000000"/>
  </frame>
  <frame idx="175" w="72" h="71" x="-0.029247" y="0.002625">
   <element name="pon_pickup" layername="pon_large" frame="0" z_index="2" m_a="1.000000" m_b="0.000000" m_c="0.000000" m_d="1.000000" m_tx="0.000000" m_ty="0.000000"/>
  </frame>
  <frame idx="200" w="72" h="71" x="-0.029247" y="0.002625">
   <element name="pon_pickup" layername="pon_large" frame="0" z_index="2" m_a="1.000000" m_b="0.000000" m_c="0.000000" m_d="1.000000" m_tx="0.000000" m_ty="0.000000"/>
  </frame>
  <frame idx="225" w="72" h="71" x="-0.029247" y="0.002625">
   <element name="pon_pickup" layername="pon_large" frame="0" z_index="2" m_a="1.000000" m_b="0.000000" m_c="0.000000" m_d="1.000000" m_tx="0.000000" m_ty="0.000000"/>
  </frame>
  <frame idx="250" w="72" h="71" x="-0.029247" y="0.002625">
   <element name="pon_pickup" layername="pon_large" frame="0" z_index="2" m_a="1.000000" m_b="0.000000" m_c="0.000000" m_d="1.000000" m_tx="0.000000" m_ty="0.000000"/>
  </frame>
  <frame idx="275" w="72" h="71" x="-0.029247" y="0.002625">
   <element name="pon_pickup" layername="pon_large" frame="0" z_index="2" m_a="1.000000" m_b="0.000000" m_c="0.000000" m_d="1.000000" m_tx="0.000000" m_ty="0.000000"/>
  </frame>
  <frame idx="300" w="72" h="71" x="-0.029247" y="0.002625">
   <element name="pon_pickup" layername="pon_large" frame="0" z_index="2" m_a="1.000000" m_b="0.000000" m_c="0.000000" m_d="1.000000" m_tx="0.000000" m_ty="0.000000"/>
  </frame>
  <frame idx="325" w="72" h="71" x="-0.029247" y="0.002625">
   <element name="pon_pickup" layername="pon_large" frame="0" z_index="2" m_a="1.000000" m_b="0.000000" m_c="0.000000" m_d="1.000000" m_tx="0.000000" m_ty="0.000000"/>
  </frame>
  <frame idx="350" w="72" h="71" x="-0.029247" y="0.002625">
   <element name="pon_pickup" layername="pon_large" frame="0" z_index="2" m_a="1.000000" m_b="0.000000" m_c="0.000000" m_d="1.000000" m_tx="0.000000" m_ty="0.000000"/>
  </frame>
  <frame idx="375" w="72" h="71" x="-0.029247" y="0.002625">
   <element name="pon_pickup" layername="pon_large" frame="0" z_index="2" m_a="1.000000" m_b="0.000000" m_c="0.000000" m_d="1.000000" m_tx="0.000000" m_ty="0.000000"/>
  </frame>
  <frame idx="400" w="72" h="71" x="-0.029247" y="0.002625">
   <element name="pon_pickup" layername="pon_large" frame="0" z_index="2" m_a="1.000000" m_b="0.000000" m_c="0.000000" m_d="1.000000" m_tx="0.000000" m_ty="0.000000"/>
  </frame>
  <frame idx="425" w="72" h="71" x="-0.029247" y="0.002625">
   <element name="pon_pickup" layername="pon_large" frame="0" z_index="2" m_a="1.000000" m_b="0.000000" m_c="0.000000" m_d="1.000000" m_tx="0.000000" m_ty="0.000000"/>
  </frame>
  <frame idx="450" w="72" h="71" x="-0.029247" y="0.002625">
   <element name="pon_pickup" layername="pon_large" frame="0" z_index="2" m_a="1.000000" m_b="0.000000" m_c="0.000000" m_d="1.000000" m_tx="0.000000" m_ty="0.000000"/>
  </frame>
  <frame idx="475" w="72" h="71" x="-0.029247" y="0.002625">
   <element name="pon_pickup" layername="pon_large" frame="0" z_index="2" m_a="1.000000" m_b="0.000000" m_c="0.000000" m_d="1.000000" m_tx="0.000000" m_ty="0.000000"/>
  </frame>
  <frame idx="500" w="72" h="71" x="-0.029247" y="0.002625">
   <element name="pon_pickup" layername="pon_large" frame="0" z_index="2" m_a="1.000000" m_b="0.000000" m_c="0.000000" m_d="1.000000" m_tx="0.000000" m_ty="0.000000"/>
  </frame>
  <frame idx="525" w="72" h="71" x="-0.029247" y="0.002625">
   <element name="pon_pickup" layername="pon_large" frame="0" z_index="2" m_a="1.000000" m_b="0.000000" m_c="0.000000" m_d="1.000000" m_tx="0.000000" m_ty="0.000000"/>
  </frame>
  <frame idx="550" w="72" h="71" x="-0.029247" y="0.002625">
   <element name="pon_pickup" layername="pon_large" frame="0" z_index="2" m_a="1.000000" m_b="0.000000" m_c="0.000000" m_d="1.000000" m_tx="0.000000" m_ty="0.000000"/>
  </frame>
  <frame idx="575" w="72" h="71" x="-0.029247" y="0.002625">
   <element name="pon_pickup" layername="pon_large" frame="0" z_index="2" m_a="1.000000" m_b="0.000000" m_c="0.000000" m_d="1.000000" m_tx="0.000000" m_ty="0.000000"/>
  </frame>
  <frame idx="600" w="72" h="71" x="-0.029247" y="0.002625">
   <element name="pon_pickup" layername="pon_large" frame="0" z_index="2" m_a="1.000000" m_b="0.000000" m_c="0.000000" m_d="1.000000" m_tx="0.000000" m_ty="0.000000"/>
  </frame>
  <frame idx="625" w="72" h="71" x="-0.029247" y="0.002625">
   <element name="pon_pickup" layername="pon_large" frame="0" z_index="2" m_a="1.000000" m_b="0.000000" m_c="0.000000" m_d="1.000000" m_tx="0.000000" m_ty="0.000000"/>
  </frame>
  <frame idx="650" w="72" h="71" x="-0.029247" y="0.002625">
   <element name="pon_pickup" layername="pon_large" frame="0" z_index="2" m_a="1.000000" m_b="0.000000" m_c="0.000000" m_d="1.000000" m_tx="0.000000" m_ty="0.000000"/>
  </frame>
  <frame idx="675" w="72" h="71" x="-0.029247" y="0.002625">
   <element name="pon_pickup" layername="pon_large" frame="0" z_index="2" m_a="1.000000" m_b="0.000000" m_c="0.000000" m_d="1.000000" m_tx="0.000000" m_ty="0.000000"/>
  </frame>
  <frame idx="700" w="72" h="71" x="-0.029247" y="0.002625">
   <element name="pon_pickup" layername="pon_large" frame="0" z_index="2" m_a="1.000000" m_b="0.000000" m_c="0.000000" m_d="1.000000" m_tx="0.000000" m_ty="0.000000"/>
  </frame>
  <frame idx="725" w="72" h="71" x="-0.029247" y="0.002625">
   <element name="pon_pickup" layername="pon_large" frame="0" z_index="2" m_a="1.000000" m_b="0.000000" m_c="0.000000" m_d="1.000000" m_tx="0.000000" m_ty="0.000000"/>
  </frame>
  <frame idx="750" w="72" h="71" x="-0.029247" y="0.002625">
   <element name="pon_pickup" layername="pon_large" frame="0" z_index="2" m_a="1.000000" m_b="0.000000" m_c="0.000000" m_d="1.000000" m_tx="0.000000" m_ty="0.000000"/>
  </frame>
  <frame idx="775" w="72" h="71" x="-0.029247" y="0.002625">
   <element name="pon_pickup" layername="pon_large" frame="0" z_index="2" m_a="1.000000" m_b="0.000000" m_c="0.000000" m_d="1.000000" m_tx="0.000000" m_ty="0.000000"/>
  </frame>
  <frame idx="800" w="72" h="71" x="-0.029247" y="0.002625">
   <element name="pon_pickup" layername="pon_large" frame="0" z_index="2" m_a="1.000000" m_b="0.000000" m_c="0.000000" m_d="1.000000" m_tx="0.000000" m_ty="0.000000"/>
  </frame>
  <frame idx="825" w="72" h="71" x="-0.029247" y="0.002625">
   <element name="pon_pickup" layername="pon_large" frame="0" z_index="2" m_a="1.000000" m_b="0.000000" m_c="0.000000" m_d="1.000000" m_tx="0.000000" m_ty="0.000000"/>
  </frame>
  <frame idx="850" w="72" h="71" x="-0.029247" y="0.002625">
   <element name="pon_pickup" layername="pon_large" frame="0" z_index="2" m_a="1.000000" m_b="0.000000" m_c="0.000000" m_d="1.000000" m_tx="0.000000" m_ty="0.000000"/>
  </frame>
  <frame idx="875" w="72" h="71" x="-0.029247" y="0.002625">
   <element name="pon_pickup" layername="pon_large" frame="0" z_index="2" m_a="1.000000" m_b="0.000000" m_c="0.000000" m_d="1.000000" m_tx="0.000000" m_ty="0.000000"/>
  </frame>
  <frame idx="900" w="72" h="71" x="-0.029247" y="0.002625">
   <element name="pon_pickup" layername="pon_large" frame="0" z_index="2" m_a="1.000000" m_b="0.000000" m_c="0.000000" m_d="1.000000" m_tx="0.000000" m_ty="0.000000"/>
  </frame>
  <frame idx="925" w="72" h="71" x="-0.029247" y="0.002625">
   <element name="pon_pickup" layername="pon_large" frame="0" z_index="2" m_a="1.000000" m_b="0.000000" m_c="0.000000" m_d="1.000000" m_tx="0.000000" m_ty="0.000000"/>
  </frame>
  <frame idx="950" w="72" h="71" x="-0.029247" y="0.002625">
   <element name="pon_pickup" layername="pon_large" frame="0" z_index="2" m_a="1.000000" m_b="0.000000" m_c="0.000000" m_d="1.000000" m_tx="0.000000" m_ty="0.000000"/>
  </frame>
  <frame idx="975" w="72" h="71" x="-0.029247" y="0.002625">
   <element name="pon_pickup" layername="pon_large" frame="0" z_index="2" m_a="1.000000" m_b="0.000000" m_c="0.000000" m_d="1.000000" m_tx="0.000000" m_ty="0.000000"/>
  </frame>
 </anim>
 <anim name="bob" root="pon" numframes="3000" framerate="40">
  <frame idx="0" w="72" h="96" x="-0.029247" y="-22.997375">
   <element name="pon_pickup" layername="pon_large" frame="0" z_index="2" m_a="1.000000" m_b="0.000000" m_c="0.000000" m_d="1.000000" m_tx="0.000000" m_ty="-23.000000"/>
  </frame>
  <frame idx="25" w="72" h="97" x="-0.029247" y="-23.364044">
   <element name="pon_pickup" layername="pon_large" frame="0" z_index="2" m_a="1.000000" m_b="0.000000" m_c="0.000000" m_d="1.000000" m_tx="0.000000" m_ty="-23.366667"/>
  </frame>
  <frame idx="50" w="72" h="97" x="-0.029247" y="-23.730709">
   <element name="pon_pickup" layername="pon_large" frame="0" z_index="2" m_a="1.000000" m_b="0.000000" m_c="0.000000" m_d="1.000000" m_tx="0.000000" m_ty="-23.733334"/>
  </frame>
  <frame idx="75" w="72" h="98" x="-0.029247" y="-24.097374">
   <element name="pon_pickup" layername="pon_large" frame="0" z_index="2" m_a="1.000000" m_b="0.000000" m_c="0.000000" m_d="1.000000" m_tx="0.000000" m_ty="-24.100000"/>
  </frame>
  <frame idx="100" w="72" h="98" x="-0.029247" y="-24.464043">
   <element name="pon_pickup" layername="pon_large" frame="0" z_index="2" m_a="1.000000" m_b="0.000000" m_c="0.000000" m_d="1.000000" m_tx="0.000000" m_ty="-24.466667"/>
  </frame>
  <frame idx="125" w="72" h="98" x="-0.029247" y="-24.830711">
   <element name="pon_pickup" layername="pon_large" frame="0" z_index="2" m_a="1.000000" m_b="0.000000" m_c="0.000000" m_d="1.000000" m_tx="0.000000" m_ty="-24.833334"/>
  </frame>
  <frame idx="150" w="72" h="99" x="-0.029247" y="-25.197376">
   <element name="pon_pickup" layername="pon_large" frame="0" z_index="2" m_a="1.000000" m_b="0.000000" m_c="0.000000" m_d="1.000000" m_tx="0.000000" m_ty="-25.200001"/>
  </frame>
  <frame idx="175" w="72" h="99" x="-0.029247" y="-25.564041">
   <element name="pon_pickup" layername="pon_large" frame="0" z_index="2" m_a="1.000000" m_b="0.000000" m_c="0.000000" m_d="1.000000" m_tx="0.000000" m_ty="-25.566666"/>
  </frame>
  <frame idx="200" w="72" h="99" x="-0.029247" y="-25.930710">
   <element name="pon_pickup" layername="pon_large" frame="0" z_index="2" m_a="1.000000" m_b="0.000000" m_c="0.000000" m_d="1.000000" m_tx="0.000000" m_ty="-25.933334"/>
  </frame>
  <frame idx="225" w="72" h="101" x="-0.029247" y="-26.297375">
   <element name="pon_pickup" layername="pon_large" frame="0" z_index="2" m_a="1.000000" m_b="0.000000" m_c="0.000000" m_d="1.000000" m_tx="0.000000" m_ty="-26.299999"/>
  </frame>
  <frame idx="250" w="72" h="101" x="-0.029247" y="-26.664040">
   <element name="pon_pickup" layername="pon_large" frame="0" z_index="2" m_a="1.000000" m_b="0.000000" m_c="0.000000" m_d="1.000000" m_tx="0.000000" m_ty="-26.666666"/>
  </frame>
  <frame idx="275" w="72" h="102" x="-0.029247" y="-27.030708">
   <element name="pon_pickup" layername="pon_large" frame="0" z_index="2" m_a="1.000000" m_b="0.000000" m_c="0.000000" m_d="1.000000" m_tx="0.000000" m_ty="-27.033333"/>
  </frame>
  <frame idx="300" w="72" h="102" x="-0.029247" y="-27.397377">
   <element name="pon_pickup" layername="pon_large" frame="0" z_index="2" m_a="1.000000" m_b="0.000000" m_c="0.000000" m_d="1.000000" m_tx="0.000000" m_ty="-27.400000"/>
  </frame>
  <frame idx="325" w="72" h="102" x="-0.029247" y="-27.764042">
   <element name="pon_pickup" layername="pon_large" frame="0" z_index="2" m_a="1.000000" m_b="0.000000" m_c="0.000000" m_d="1.000000" m_tx="0.000000" m_ty="-27.766666"/>
  </frame>
  <frame idx="350" w="72" h="103" x="-0.029247" y="-28.130707">
   <element name="pon_pickup" layername="pon_large" frame="0" z_index="2" m_a="1.000000" m_b="0.000000" m_c="0.000000" m_d="1.000000" m_tx="0.000000" m_ty="-28.133333"/>
  </frame>
  <frame idx="375" w="72" h="103" x="-0.029247" y="-28.497375">
   <element name="pon_pickup" layername="pon_large" frame="0" z_index="2" m_a="1.000000" m_b="0.000000" m_c="0.000000" m_d="1.000000" m_tx="0.000000" m_ty="-28.500000"/>
  </frame>
  <frame idx="400" w="72" h="103" x="-0.029247" y="-28.864044">
   <element name="pon_pickup" layername="pon_large" frame="0" z_index="2" m_a="1.000000" m_b="0.000000" m_c="0.000000" m_d="1.000000" m_tx="0.000000" m_ty="-28.866667"/>
  </frame>
  <frame idx="425" w="72" h="104" x="-0.029247" y="-29.230709">
   <element name="pon_pickup" layername="pon_large" frame="0" z_index="2" m_a="1.000000" m_b="0.000000" m_c="0.000000" m_d="1.000000" m_tx="0.000000" m_ty="-29.233334"/>
  </frame>
  <frame idx="450" w="72" h="104" x="-0.029247" y="-29.597374">
   <element name="pon_pickup" layername="pon_large" frame="0" z_index="2" m_a="1.000000" m_b="0.000000" m_c="0.000000" m_d="1.000000" m_tx="0.000000" m_ty="-29.600000"/>
  </frame>
  <frame idx="475" w="72" h="104" x="-0.029247" y="-29.964043">
   <element name="pon_pickup" layername="pon_large" frame="0" z_index="2" m_a="1.000000" m_b="0.000000" m_c="0.000000" m_d="1.000000" m_tx="0.000000" m_ty="-29.966667"/>
  </frame>
  <frame idx="500" w="72" h="105" x="-0.029247" y="-30.330711">
   <element name="pon_pickup" layername="pon_large" frame="0" z_index="2" m_a="1.000000" m_b="0.000000" m_c="0.000000" m_d="1.000000" m_tx="0.000000" m_ty="-30.333334"/>
  </frame>
  <frame idx="525" w="72" h="105" x="-0.029247" y="-30.697376">
   <element name="pon_pickup" layername="pon_large" frame="0" z_index="2" m_a="1.000000" m_b="0.000000" m_c="0.000000" m_d="1.000000" m_tx="0.000000" m_ty="-30.700001"/>
  </frame>
  <frame idx="550" w="72" h="106" x="-0.029247" y="-31.064041">
   <element name="pon_pickup" layername="pon_large" frame="0" z_index="2" m_a="1.000000" m_b="0.000000" m_c="0.000000" m_d="1.000000" m_tx="0.000000" m_ty="-31.066666"/>
  </frame>
  <frame idx="575" w="72" h="106" x="-0.029247" y="-31.430710">
   <element name="pon_pickup" layername="pon_large" frame="0" z_index="2" m_a="1.000000" m_b="0.000000" m_c="0.000000" m_d="1.000000" m_tx="0.000000" m_ty="-31.433334"/>
  </frame>
  <frame idx="600" w="72" h="106" x="-0.029247" y="-31.797375">
   <element name="pon_pickup" layername="pon_large" frame="0" z_index="2" m_a="1.000000" m_b="0.000000" m_c="0.000000" m_d="1.000000" m_tx="0.000000" m_ty="-31.799999"/>
  </frame>
  <frame idx="625" w="72" h="107" x="-0.029247" y="-32.164040">
   <element name="pon_pickup" layername="pon_large" frame="0" z_index="2" m_a="1.000000" m_b="0.000000" m_c="0.000000" m_d="1.000000" m_tx="0.000000" m_ty="-32.166664"/>
  </frame>
  <frame idx="650" w="72" h="107" x="-0.029247" y="-32.530708">
   <element name="pon_pickup" layername="pon_large" frame="0" z_index="2" m_a="1.000000" m_b="0.000000" m_c="0.000000" m_d="1.000000" m_tx="0.000000" m_ty="-32.533333"/>
  </frame>
  <frame idx="675" w="72" h="107" x="-0.029247" y="-32.897377">
   <element name="pon_pickup" layername="pon_large" frame="0" z_index="2" m_a="1.000000" m_b="0.000000" m_c="0.000000" m_d="1.000000" m_tx="0.000000" m_ty="-32.900002"/>
  </frame>
  <frame idx="700" w="72" h="108" x="-0.029247" y="-33.264038">
   <element name="pon_pickup" layername="pon_large" frame="0" z_index="2" m_a="1.000000" m_b="0.000000" m_c="0.000000" m_d="1.000000" m_tx="0.000000" m_ty="-33.266666"/>
  </frame>
  <frame idx="725" w="72" h="108" x="-0.029247" y="-33.630707">
   <element name="pon_pickup" layername="pon_large" frame="0" z_index="2" m_a="1.000000" m_b="0.000000" m_c="0.000000" m_d="1.000000" m_tx="0.000000" m_ty="-33.633331"/>
  </frame>
  <frame idx="750" w="72" h="108" x="-0.029247" y="-33.997375">
   <element name="pon_pickup" layername="pon_large" frame="0" z_index="2" m_a="1.000000" m_b="0.000000" m_c="0.000000" m_d="1.000000" m_tx="0.000000" m_ty="-34.000000"/>
  </frame>
  <frame idx="775" w="72" h="109" x="-0.029247" y="-34.364044">
   <element name="pon_pickup" layername="pon_large" frame="0" z_index="2" m_a="1.000000" m_b="0.000000" m_c="0.000000" m_d="1.000000" m_tx="0.000000" m_ty="-34.366669"/>
  </frame>
  <frame idx="800" w="72" h="109" x="-0.029247" y="-34.730713">
   <element name="pon_pickup" layername="pon_large" frame="0" z_index="2" m_a="1.000000" m_b="0.000000" m_c="0.000000" m_d="1.000000" m_tx="0.000000" m_ty="-34.733334"/>
  </frame>
  <frame idx="825" w="72" h="110" x="-0.029247" y="-35.097374">
   <element name="pon_pickup" layername="pon_large" frame="0" z_index="2" m_a="1.000000" m_b="0.000000" m_c="0.000000" m_d="1.000000" m_tx="0.000000" m_ty="-35.099998"/>
  </frame>
  <frame idx="850" w="72" h="110" x="-0.029247" y="-35.464043">
   <element name="pon_pickup" layername="pon_large" frame="0" z_index="2" m_a="1.000000" m_b="0.000000" m_c="0.000000" m_d="1.000000" m_tx="0.000000" m_ty="-35.466667"/>
  </frame>
  <frame idx="875" w="72" h="110" x="-0.029247" y="-35.830704">
   <element name="pon_pickup" layername="pon_large" frame="0" z_index="2" m_a="1.000000" m_b="0.000000" m_c="0.000000" m_d="1.000000" m_tx="0.000000" m_ty="-35.833332"/>
  </frame>
  <frame idx="900" w="72" h="112" x="-0.029247" y="-36.197372">
   <element name="pon_pickup" layername="pon_large" frame="0" z_index="2" m_a="1.000000" m_b="0.000000" m_c="0.000000" m_d="1.000000" m_tx="0.000000" m_ty="-36.200001"/>
  </frame>
  <frame idx="925" w="72" h="112" x="-0.029247" y="-36.564041">
   <element name="pon_pickup" layername="pon_large" frame="0" z_index="2" m_a="1.000000" m_b="0.000000" m_c="0.000000" m_d="1.000000" m_tx="0.000000" m_ty="-36.566666"/>
  </frame>
  <frame idx="950" w="72" h="112" x="-0.029247" y="-36.930710">
   <element name="pon_pickup" layername="pon_large" frame="0" z_index="2" m_a="1.000000" m_b="0.000000" m_c="0.000000" m_d="1.000000" m_tx="0.000000" m_ty="-36.933334"/>
  </frame>
  <frame idx="975" w="72" h="113" x="-0.029247" y="-37.297379">
   <element name="pon_pickup" layername="pon_large" frame="0" z_index="2" m_a="1.000000" m_b="0.000000" m_c="0.000000" m_d="1.000000" m_tx="0.000000" m_ty="-37.299999"/>
  </frame>
  <frame idx="1000" w="72" h="113" x="-0.029247" y="-37.664047">
   <element name="pon_pickup" layername="pon_large" frame="0" z_index="2" m_a="1.000000" m_b="0.000000" m_c="0.000000" m_d="1.000000" m_tx="0.000000" m_ty="-37.666668"/>
  </frame>
  <frame idx="1025" w="72" h="114" x="-0.029247" y="-38.030708">
   <element name="pon_pickup" layername="pon_large" frame="0" z_index="2" m_a="1.000000" m_b="0.000000" m_c="0.000000" m_d="1.000000" m_tx="0.000000" m_ty="-38.033333"/>
  </frame>
  <frame idx="1050" w="72" h="114" x="-0.029247" y="-38.397377">
   <element name="pon_pickup" layername="pon_large" frame="0" z_index="2" m_a="1.000000" m_b="0.000000" m_c="0.000000" m_d="1.000000" m_tx="0.000000" m_ty="-38.400002"/>
  </frame>
  <frame idx="1075" w="72" h="114" x="-0.029247" y="-38.764038">
   <element name="pon_pickup" layername="pon_large" frame="0" z_index="2" m_a="1.000000" m_b="0.000000" m_c="0.000000" m_d="1.000000" m_tx="0.000000" m_ty="-38.766666"/>
  </frame>
  <frame idx="1100" w="72" h="115" x="-0.029247" y="-39.130707">
   <element name="pon_pickup" layername="pon_large" frame="0" z_index="2" m_a="1.000000" m_b="0.000000" m_c="0.000000" m_d="1.000000" m_tx="0.000000" m_ty="-39.133331"/>
  </frame>
  <frame idx="1125" w="72" h="115" x="-0.029247" y="-39.497375">
   <element name="pon_pickup" layername="pon_large" frame="0" z_index="2" m_a="1.000000" m_b="0.000000" m_c="0.000000" m_d="1.000000" m_tx="0.000000" m_ty="-39.500000"/>
  </frame>
  <frame idx="1150" w="72" h="115" x="-0.029247" y="-39.864044">
   <element name="pon_pickup" layername="pon_large" frame="0" z_index="2" m_a="1.000000" m_b="0.000000" m_c="0.000000" m_d="1.000000" m_tx="0.000000" m_ty="-39.866669"/>
  </frame>
  <frame idx="1175" w="72" h="116" x="-0.029247" y="-40.230713">
   <element name="pon_pickup" layername="pon_large" frame="0" z_index="2" m_a="1.000000" m_b="0.000000" m_c="0.000000" m_d="1.000000" m_tx="0.000000" m_ty="-40.233334"/>
  </frame>
  <frame idx="1200" w="72" h="116" x="-0.029247" y="-40.597374">
   <element name="pon_pickup" layername="pon_large" frame="0" z_index="2" m_a="1.000000" m_b="0.000000" m_c="0.000000" m_d="1.000000" m_tx="0.000000" m_ty="-40.599998"/>
  </frame>
  <frame idx="1225" w="72" h="116" x="-0.029247" y="-40.964043">
   <element name="pon_pickup" layername="pon_large" frame="0" z_index="2" m_a="1.000000" m_b="0.000000" m_c="0.000000" m_d="1.000000" m_tx="0.000000" m_ty="-40.966667"/>
  </frame>
  <frame idx="1250" w="72" h="117" x="-0.029247" y="-41.330704">
   <element name="pon_pickup" layername="pon_large" frame="0" z_index="2" m_a="1.000000" m_b="0.000000" m_c="0.000000" m_d="1.000000" m_tx="0.000000" m_ty="-41.333332"/>
  </frame>
  <frame idx="1275" w="72" h="117" x="-0.029247" y="-41.697372">
   <element name="pon_pickup" layername="pon_large" frame="0" z_index="2" m_a="1.000000" m_b="0.000000" m_c="0.000000" m_d="1.000000" m_tx="0.000000" m_ty="-41.700001"/>
  </frame>
  <frame idx="1300" w="72" h="118" x="-0.029247" y="-42.064041">
   <element name="pon_pickup" layername="pon_large" frame="0" z_index="2" m_a="1.000000" m_b="0.000000" m_c="0.000000" m_d="1.000000" m_tx="0.000000" m_ty="-42.066666"/>
  </frame>
  <frame idx="1325" w="72" h="118" x="-0.029247" y="-42.430710">
   <element name="pon_pickup" layername="pon_large" frame="0" z_index="2" m_a="1.000000" m_b="0.000000" m_c="0.000000" m_d="1.000000" m_tx="0.000000" m_ty="-42.433334"/>
  </frame>
  <frame idx="1350" w="72" h="118" x="-0.029247" y="-42.797379">
   <element name="pon_pickup" layername="pon_large" frame="0" z_index="2" m_a="1.000000" m_b="0.000000" m_c="0.000000" m_d="1.000000" m_tx="0.000000" m_ty="-42.799999"/>
  </frame>
  <frame idx="1375" w="72" h="119" x="-0.029247" y="-43.164047">
   <element name="pon_pickup" layername="pon_large" frame="0" z_index="2" m_a="1.000000" m_b="0.000000" m_c="0.000000" m_d="1.000000" m_tx="0.000000" m_ty="-43.166668"/>
  </frame>
  <frame idx="1400" w="72" h="119" x="-0.029247" y="-43.530708">
   <element name="pon_pickup" layername="pon_large" frame="0" z_index="2" m_a="1.000000" m_b="0.000000" m_c="0.000000" m_d="1.000000" m_tx="0.000000" m_ty="-43.533333"/>
  </frame>
  <frame idx="1425" w="72" h="119" x="-0.029247" y="-43.897377">
   <element name="pon_pickup" layername="pon_large" frame="0" z_index="2" m_a="1.000000" m_b="0.000000" m_c="0.000000" m_d="1.000000" m_tx="0.000000" m_ty="-43.900002"/>
  </frame>
  <frame idx="1450" w="72" h="120" x="-0.029247" y="-44.264038">
   <element name="pon_pickup" layername="pon_large" frame="0" z_index="2" m_a="1.000000" m_b="0.000000" m_c="0.000000" m_d="1.000000" m_tx="0.000000" m_ty="-44.266666"/>
  </frame>
  <frame idx="1475" w="72" h="120" x="-0.029247" y="-44.630707">
   <element name="pon_pickup" layername="pon_large" frame="0" z_index="2" m_a="1.000000" m_b="0.000000" m_c="0.000000" m_d="1.000000" m_tx="0.000000" m_ty="-44.633331"/>
  </frame>
  <frame idx="1500" w="72" h="120" x="-0.029247" y="-44.997375">
   <element name="pon_pickup" layername="pon_large" frame="0" z_index="2" m_a="1.000000" m_b="0.000000" m_c="0.000000" m_d="1.000000" m_tx="0.000000" m_ty="-45.000000"/>
  </frame>
  <frame idx="1525" w="72" h="120" x="-0.029247" y="-44.630707">
   <element name="pon_pickup" layername="pon_large" frame="0" z_index="2" m_a="1.000000" m_b="0.000000" m_c="0.000000" m_d="1.000000" m_tx="0.000000" m_ty="-44.633335"/>
  </frame>
  <frame idx="1550" w="72" h="120" x="-0.029247" y="-44.264038">
   <element name="pon_pickup" layername="pon_large" frame="0" z_index="2" m_a="1.000000" m_b="0.000000" m_c="0.000000" m_d="1.000000" m_tx="0.000000" m_ty="-44.266666"/>
  </frame>
  <frame idx="1575" w="72" h="119" x="-0.029247" y="-43.897377">
   <element name="pon_pickup" layername="pon_large" frame="0" z_index="2" m_a="1.000000" m_b="0.000000" m_c="0.000000" m_d="1.000000" m_tx="0.000000" m_ty="-43.900002"/>
  </frame>
  <frame idx="1600" w="72" h="119" x="-0.029247" y="-43.530708">
   <element name="pon_pickup" layername="pon_large" frame="0" z_index="2" m_a="1.000000" m_b="0.000000" m_c="0.000000" m_d="1.000000" m_tx="0.000000" m_ty="-43.533333"/>
  </frame>
  <frame idx="1625" w="72" h="119" x="-0.029247" y="-43.164047">
   <element name="pon_pickup" layername="pon_large" frame="0" z_index="2" m_a="1.000000" m_b="0.000000" m_c="0.000000" m_d="1.000000" m_tx="0.000000" m_ty="-43.166668"/>
  </frame>
  <frame idx="1650" w="72" h="118" x="-0.029247" y="-42.797379">
   <element name="pon_pickup" layername="pon_large" frame="0" z_index="2" m_a="1.000000" m_b="0.000000" m_c="0.000000" m_d="1.000000" m_tx="0.000000" m_ty="-42.799999"/>
  </frame>
  <frame idx="1675" w="72" h="118" x="-0.029247" y="-42.430710">
   <element name="pon_pickup" layername="pon_large" frame="0" z_index="2" m_a="1.000000" m_b="0.000000" m_c="0.000000" m_d="1.000000" m_tx="0.000000" m_ty="-42.433334"/>
  </frame>
  <frame idx="1700" w="72" h="118" x="-0.029247" y="-42.064041">
   <element name="pon_pickup" layername="pon_large" frame="0" z_index="2" m_a="1.000000" m_b="0.000000" m_c="0.000000" m_d="1.000000" m_tx="0.000000" m_ty="-42.066666"/>
  </frame>
  <frame idx="1725" w="72" h="117" x="-0.029247" y="-41.697372">
   <element name="pon_pickup" layername="pon_large" frame="0" z_index="2" m_a="1.000000" m_b="0.000000" m_c="0.000000" m_d="1.000000" m_tx="0.000000" m_ty="-41.700001"/>
  </frame>
  <frame idx="1750" w="72" h="117" x="-0.029247" y="-41.330704">
   <element name="pon_pickup" layername="pon_large" frame="0" z_index="2" m_a="1.000000" m_b="0.000000" m_c="0.000000" m_d="1.000000" m_tx="0.000000" m_ty="-41.333332"/>
  </frame>
  <frame idx="1775" w="72" h="116" x="-0.029247" y="-40.964043">
   <element name="pon_pickup" layername="pon_large" frame="0" z_index="2" m_a="1.000000" m_b="0.000000" m_c="0.000000" m_d="1.000000" m_tx="0.000000" m_ty="-40.966667"/>
  </frame>
  <frame idx="1800" w="72" h="116" x="-0.029247" y="-40.597374">
   <element name="pon_pickup" layername="pon_large" frame="0" z_index="2" m_a="1.000000" m_b="0.000000" m_c="0.000000" m_d="1.000000" m_tx="0.000000" m_ty="-40.599998"/>
  </frame>
  <frame idx="1825" w="72" h="116" x="-0.029247" y="-40.230713">
   <element name="pon_pickup" layername="pon_large" frame="0" z_index="2" m_a="1.000000" m_b="0.000000" m_c="0.000000" m_d="1.000000" m_tx="0.000000" m_ty="-40.233334"/>
  </frame>
  <frame idx="1850" w="72" h="115" x="-0.029247" y="-39.864044">
   <element name="pon_pickup" layername="pon_large" frame="0" z_index="2" m_a="1.000000" m_b="0.000000" m_c="0.000000" m_d="1.000000" m_tx="0.000000" m_ty="-39.866669"/>
  </frame>
  <frame idx="1875" w="72" h="115" x="-0.029247" y="-39.497375">
   <element name="pon_pickup" layername="pon_large" frame="0" z_index="2" m_a="1.000000" m_b="0.000000" m_c="0.000000" m_d="1.000000" m_tx="0.000000" m_ty="-39.500000"/>
  </frame>
  <frame idx="1900" w="72" h="115" x="-0.029247" y="-39.130707">
   <element name="pon_pickup" layername="pon_large" frame="0" z_index="2" m_a="1.000000" m_b="0.000000" m_c="0.000000" m_d="1.000000" m_tx="0.000000" m_ty="-39.133331"/>
  </frame>
  <frame idx="1925" w="72" h="114" x="-0.029247" y="-38.764038">
   <element name="pon_pickup" layername="pon_large" frame="0" z_index="2" m_a="1.000000" m_b="0.000000" m_c="0.000000" m_d="1.000000" m_tx="0.000000" m_ty="-38.766666"/>
  </frame>
  <frame idx="1950" w="72" h="114" x="-0.029247" y="-38.397377">
   <element name="pon_pickup" layername="pon_large" frame="0" z_index="2" m_a="1.000000" m_b="0.000000" m_c="0.000000" m_d="1.000000" m_tx="0.000000" m_ty="-38.400002"/>
  </frame>
  <frame idx="1975" w="72" h="114" x="-0.029247" y="-38.030708">
   <element name="pon_pickup" layername="pon_large" frame="0" z_index="2" m_a="1.000000" m_b="0.000000" m_c="0.000000" m_d="1.000000" m_tx="0.000000" m_ty="-38.033333"/>
  </frame>
  <frame idx="2000" w="72" h="113" x="-0.029247" y="-37.664047">
   <element name="pon_pickup" layername="pon_large" frame="0" z_index="2" m_a="1.000000" m_b="0.000000" m_c="0.000000" m_d="1.000000" m_tx="0.000000" m_ty="-37.666668"/>
  </frame>
  <frame idx="2025" w="72" h="113" x="-0.029247" y="-37.297379">
   <element name="pon_pickup" layername="pon_large" frame="0" z_index="2" m_a="1.000000" m_b="0.000000" m_c="0.000000" m_d="1.000000" m_tx="0.000000" m_ty="-37.299999"/>
  </frame>
  <frame idx="2050" w="72" h="112" x="-0.029247" y="-36.930710">
   <element name="pon_pickup" layername="pon_large" frame="0" z_index="2" m_a="1.000000" m_b="0.000000" m_c="0.000000" m_d="1.000000" m_tx="0.000000" m_ty="-36.933334"/>
  </frame>
  <frame idx="2075" w="72" h="112" x="-0.029247" y="-36.564041">
   <element name="pon_pickup" layername="pon_large" frame="0" z_index="2" m_a="1.000000" m_b="0.000000" m_c="0.000000" m_d="1.000000" m_tx="0.000000" m_ty="-36.566666"/>
  </frame>
  <frame idx="2100" w="72" h="112" x="-0.029247" y="-36.197372">
   <element name="pon_pickup" layername="pon_large" frame="0" z_index="2" m_a="1.000000" m_b="0.000000" m_c="0.000000" m_d="1.000000" m_tx="0.000000" m_ty="-36.200001"/>
  </frame>
  <frame idx="2125" w="72" h="110" x="-0.029247" y="-35.830711">
   <element name="pon_pickup" layername="pon_large" frame="0" z_index="2" m_a="1.000000" m_b="0.000000" m_c="0.000000" m_d="1.000000" m_tx="0.000000" m_ty="-35.833336"/>
  </frame>
  <frame idx="2150" w="72" h="110" x="-0.029247" y="-35.464043">
   <element name="pon_pickup" layername="pon_large" frame="0" z_index="2" m_a="1.000000" m_b="0.000000" m_c="0.000000" m_d="1.000000" m_tx="0.000000" m_ty="-35.466667"/>
  </frame>
  <frame idx="2175" w="72" h="110" x="-0.029247" y="-35.097374">
   <element name="pon_pickup" layername="pon_large" frame="0" z_index="2" m_a="1.000000" m_b="0.000000" m_c="0.000000" m_d="1.000000" m_tx="0.000000" m_ty="-35.099998"/>
  </frame>
  <frame idx="2200" w="72" h="109" x="-0.029247" y="-34.730713">
   <element name="pon_pickup" layername="pon_large" frame="0" z_index="2" m_a="1.000000" m_b="0.000000" m_c="0.000000" m_d="1.000000" m_tx="0.000000" m_ty="-34.733334"/>
  </frame>
  <frame idx="2225" w="72" h="109" x="-0.029247" y="-34.364044">
   <element name="pon_pickup" layername="pon_large" frame="0" z_index="2" m_a="1.000000" m_b="0.000000" m_c="0.000000" m_d="1.000000" m_tx="0.000000" m_ty="-34.366669"/>
  </frame>
  <frame idx="2250" w="72" h="108" x="-0.029247" y="-33.997375">
   <element name="pon_pickup" layername="pon_large" frame="0" z_index="2" m_a="1.000000" m_b="0.000000" m_c="0.000000" m_d="1.000000" m_tx="0.000000" m_ty="-34.000000"/>
  </frame>
  <frame idx="2275" w="72" h="108" x="-0.029247" y="-33.630707">
   <element name="pon_pickup" layername="pon_large" frame="0" z_index="2" m_a="1.000000" m_b="0.000000" m_c="0.000000" m_d="1.000000" m_tx="0.000000" m_ty="-33.633331"/>
  </frame>
  <frame idx="2300" w="72" h="108" x="-0.029247" y="-33.264038">
   <element name="pon_pickup" layername="pon_large" frame="0" z_index="2" m_a="1.000000" m_b="0.000000" m_c="0.000000" m_d="1.000000" m_tx="0.000000" m_ty="-33.266666"/>
  </frame>
  <frame idx="2325" w="72" h="107" x="-0.029247" y="-32.897377">
   <element name="pon_pickup" layername="pon_large" frame="0" z_index="2" m_a="1.000000" m_b="0.000000" m_c="0.000000" m_d="1.000000" m_tx="0.000000" m_ty="-32.900002"/>
  </frame>
  <frame idx="2350" w="72" h="107" x="-0.029247" y="-32.530708">
   <element name="pon_pickup" layername="pon_large" frame="0" z_index="2" m_a="1.000000" m_b="0.000000" m_c="0.000000" m_d="1.000000" m_tx="0.000000" m_ty="-32.533333"/>
  </frame>
  <frame idx="2375" w="72" h="107" x="-0.029247" y="-32.164047">
   <element name="pon_pickup" layername="pon_large" frame="0" z_index="2" m_a="1.000000" m_b="0.000000" m_c="0.000000" m_d="1.000000" m_tx="0.000000" m_ty="-32.166668"/>
  </frame>
  <frame idx="2400" w="72" h="106" x="-0.029247" y="-31.797375">
   <element name="pon_pickup" layername="pon_large" frame="0" z_index="2" m_a="1.000000" m_b="0.000000" m_c="0.000000" m_d="1.000000" m_tx="0.000000" m_ty="-31.799999"/>
  </frame>
  <frame idx="2425" w="72" h="106" x="-0.029247" y="-31.430710">
   <element name="pon_pickup" layername="pon_large" frame="0" z_index="2" m_a="1.000000" m_b="0.000000" m_c="0.000000" m_d="1.000000" m_tx="0.000000" m_ty="-31.433334"/>
  </frame>
  <frame idx="2450" w="72" h="106" x="-0.029247" y="-31.064041">
   <element name="pon_pickup" layername="pon_large" frame="0" z_index="2" m_a="1.000000" m_b="0.000000" m_c="0.000000" m_d="1.000000" m_tx="0.000000" m_ty="-31.066666"/>
  </frame>
  <frame idx="2475" w="72" h="105" x="-0.029247" y="-30.697376">
   <element name="pon_pickup" layername="pon_large" frame="0" z_index="2" m_a="1.000000" m_b="0.000000" m_c="0.000000" m_d="1.000000" m_tx="0.000000" m_ty="-30.700001"/>
  </frame>
  <frame idx="2500" w="72" h="105" x="-0.029247" y="-30.330708">
   <element name="pon_pickup" layername="pon_large" frame="0" z_index="2" m_a="1.000000" m_b="0.000000" m_c="0.000000" m_d="1.000000" m_tx="0.000000" m_ty="-30.333332"/>
  </frame>
  <frame idx="2525" w="72" h="104" x="-0.029247" y="-29.964043">
   <element name="pon_pickup" layername="pon_large" frame="0" z_index="2" m_a="1.000000" m_b="0.000000" m_c="0.000000" m_d="1.000000" m_tx="0.000000" m_ty="-29.966667"/>
  </frame>
  <frame idx="2550" w="72" h="104" x="-0.029247" y="-29.597374">
   <element name="pon_pickup" layername="pon_large" frame="0" z_index="2" m_a="1.000000" m_b="0.000000" m_c="0.000000" m_d="1.000000" m_tx="0.000000" m_ty="-29.600000"/>
  </frame>
  <frame idx="2575" w="72" h="104" x="-0.029247" y="-29.230709">
   <element name="pon_pickup" layername="pon_large" frame="0" z_index="2" m_a="1.000000" m_b="0.000000" m_c="0.000000" m_d="1.000000" m_tx="0.000000" m_ty="-29.233334"/>
  </frame>
  <frame idx="2600" w="72" h="103" x="-0.029247" y="-28.864044">
   <element name="pon_pickup" layername="pon_large" frame="0" z_index="2" m_a="1.000000" m_b="0.000000" m_c="0.000000" m_d="1.000000" m_tx="0.000000" m_ty="-28.866667"/>
  </frame>
  <frame idx="2625" w="72" h="103" x="-0.029247" y="-28.497375">
   <element name="pon_pickup" layername="pon_large" frame="0" z_index="2" m_a="1.000000" m_b="0.000000" m_c="0.000000" m_d="1.000000" m_tx="0.000000" m_ty="-28.500000"/>
  </frame>
  <frame idx="2650" w="72" h="103" x="-0.029247" y="-28.130707">
   <element name="pon_pickup" layername="pon_large" frame="0" z_index="2" m_a="1.000000" m_b="0.000000" m_c="0.000000" m_d="1.000000" m_tx="0.000000" m_ty="-28.133333"/>
  </frame>
  <frame idx="2675" w="72" h="102" x="-0.029247" y="-27.764042">
   <element name="pon_pickup" layername="pon_large" frame="0" z_index="2" m_a="1.000000" m_b="0.000000" m_c="0.000000" m_d="1.000000" m_tx="0.000000" m_ty="-27.766666"/>
  </frame>
  <frame idx="2700" w="72" h="102" x="-0.029247" y="-27.397377">
   <element name="pon_pickup" layername="pon_large" frame="0" z_index="2" m_a="1.000000" m_b="0.000000" m_c="0.000000" m_d="1.000000" m_tx="0.000000" m_ty="-27.400000"/>
  </frame>
  <frame idx="2725" w="72" h="102" x="-0.029247" y="-27.030708">
   <element name="pon_pickup" layername="pon_large" frame="0" z_index="2" m_a="1.000000" m_b="0.000000" m_c="0.000000" m_d="1.000000" m_tx="0.000000" m_ty="-27.033333"/>
  </frame>
  <frame idx="2750" w="72" h="101" x="-0.029247" y="-26.664043">
   <element name="pon_pickup" layername="pon_large" frame="0" z_index="2" m_a="1.000000" m_b="0.000000" m_c="0.000000" m_d="1.000000" m_tx="0.000000" m_ty="-26.666668"/>
  </frame>
  <frame idx="2775" w="72" h="101" x="-0.029247" y="-26.297375">
   <element name="pon_pickup" layername="pon_large" frame="0" z_index="2" m_a="1.000000" m_b="0.000000" m_c="0.000000" m_d="1.000000" m_tx="0.000000" m_ty="-26.299999"/>
  </frame>
  <frame idx="2800" w="72" h="99" x="-0.029247" y="-25.930710">
   <element name="pon_pickup" layername="pon_large" frame="0" z_index="2" m_a="1.000000" m_b="0.000000" m_c="0.000000" m_d="1.000000" m_tx="0.000000" m_ty="-25.933332"/>
  </frame>
  <frame idx="2825" w="72" h="99" x="-0.029247" y="-25.564041">
   <element name="pon_pickup" layername="pon_large" frame="0" z_index="2" m_a="1.000000" m_b="0.000000" m_c="0.000000" m_d="1.000000" m_tx="0.000000" m_ty="-25.566668"/>
  </frame>
  <frame idx="2850" w="72" h="99" x="-0.029247" y="-25.197376">
   <element name="pon_pickup" layername="pon_large" frame="0" z_index="2" m_a="1.000000" m_b="0.000000" m_c="0.000000" m_d="1.000000" m_tx="0.000000" m_ty="-25.200001"/>
  </frame>
  <frame idx="2875" w="72" h="98" x="-0.029247" y="-24.830708">
   <element name="pon_pickup" layername="pon_large" frame="0" z_index="2" m_a="1.000000" m_b="0.000000" m_c="0.000000" m_d="1.000000" m_tx="0.000000" m_ty="-24.833332"/>
  </frame>
  <frame idx="2900" w="72" h="98" x="-0.029247" y="-24.464043">
   <element name="pon_pickup" layername="pon_large" frame="0" z_index="2" m_a="1.000000" m_b="0.000000" m_c="0.000000" m_d="1.000000" m_tx="0.000000" m_ty="-24.466667"/>
  </frame>
  <frame idx="2925" w="72" h="98" x="-0.029247" y="-24.097374">
   <element name="pon_pickup" layername="pon_large" frame="0" z_index="2" m_a="1.000000" m_b="0.000000" m_c="0.000000" m_d="1.000000" m_tx="0.000000" m_ty="-24.100000"/>
  </frame>
  <frame idx="2950" w="72" h="97" x="-0.029247" y="-23.730709">
   <element name="pon_pickup" layername="pon_large" frame="0" z_index="2" m_a="1.000000" m_b="0.000000" m_c="0.000000" m_d="1.000000" m_tx="0.000000" m_ty="-23.733334"/>
  </frame>
  <frame idx="2975" w="72" h="97" x="-0.029247" y="-23.364044">
   <element name="pon_pickup" layername="pon_large" frame="0" z_index="2" m_a="1.000000" m_b="0.000000" m_c="0.000000" m_d="1.000000" m_tx="0.000000" m_ty="-23.366667"/>
  </frame>
 </anim>
</Anims>
