<Anims>
 <anim name="idle" root="pon" numframes="1000" framerate="40">
  <frame idx="0" w="72" h="71" x="-0.029247" y="0.002625">
   <element name="pon_pickup" layername="pon_large" frame="0" z_index="2" m_a="1.000000" m_b="0.000000" m_c="0.000000" m_d="1.000000" m_tx="0.000000" m_ty="0.000000"/>
  </frame>
  <frame idx="25" w="72" h="71" x="-0.029247" y="0.002625">
   <element name="pon_pickup" layername="pon_large" frame="0" z_index="2" m_a="1.000000" m_b="0.000000" m_c="0.000000" m_d="1.000000" m_tx="0.000000" m_ty="0.000000"/>
  </frame>
  <frame idx="50" w="72" h="71" x="-0.029247" y="0.002625">
   <element name="pon_pickup" layername="pon_large" frame="0" z_index="2" m_a="1.000000" m_b="0.000000" m_c="0.000000" m_d="1.000000" m_tx="0.000000" m_ty="0.000000"/>
  </frame>
  <frame idx="75" w="72" h="71" x="-0.029247" y="0.002625">
   <element name="pon_pickup" layername="pon_large" frame="0" z_index="2" m_a="1.000000" m_b="0.000000" m_c="0.000000" m_d="1.000000" m_tx="0.000000" m_ty="0.000000"/>
  </frame>
  <frame idx="100" w="72" h="71" x="-0.029247" y="0.002625">
   <element name="pon_pickup" layername="pon_large" frame="0" z_index="2" m_a="1.000000" m_b="0.000000" m_c="0.000000" m_d="1.000000" m_tx="0.000000" m_ty="0.000000"/>
  </frame>
  <frame idx="125" w="72" h="71" x="-0.029247" y="0.002625">
   <element name="pon_pickup" layername="pon_large" frame="0" z_index="2" m_a="1.000000" m_b="0.000000" m_c="0.000000" m_d="1.000000" m_tx="0.000000" m_ty="0.000000"/>
  </frame>
  <frame idx="150" w="72" h="71" x="-0.029247" y="0.002625">
   <element name="pon_pickup" layername="pon_large" frame="0" z_index="2" m_a="1.000000" m_b="0.000000" m_c="0.000000" m_d="1.000000" m_tx="0.000000" m_ty="0.000000"/>
  </frame>
  <frame idx="175" w="72" h="71" x="-0.029247" y="0.002625">
   <element name="pon_pickup" layername="pon_large" frame="0" z_index="2" m_a="1.000000" m_b="0.000000" m_c="0.000000" m_d="1.000000" m_tx="0.000000" m_ty="0.000000"/>
  </frame>
  <frame idx="200" w="72" h="71" x="-0.029247" y="0.002625">
   <element name="pon_pickup" layername="pon_large" frame="0" z_index="2" m_a="1.000000" m_b="0.000000" m_c="0.000000" m_d="1.000000" m_tx="0.000000" m_ty="0.000000"/>
  </frame>
  <frame idx="225" w="72" h="71" x="-0.029247" y="0.002625">
   <element name="pon_pickup" layername="pon_large" frame="0" z_index="2" m_a="1.000000" m_b="0.000000" m_c="0.000000" m_d="1.000000" m_tx="0.000000" m_ty="0.000000"/>
  </frame>
  <frame idx="250" w="72" h="71" x="-0.029247" y="0.002625">
   <element name="pon_pickup" layername="pon_large" frame="0" z_index="2" m_a="1.000000" m_b="0.000000" m_c="0.000000" m_d="1.000000" m_tx="0.000000" m_ty="0.000000"/>
  </frame>
  <frame idx="275" w="72" h="71" x="-0.029247" y="0.002625">
   <element name="pon_pickup" layername="pon_large" frame="0" z_index="2" m_a="1.000000" m_b="0.000000" m_c="0.000000" m_d="1.000000" m_tx="0.000000" m_ty="0.000000"/>
  </frame>
  <frame idx="300" w="72" h="71" x="-0.029247" y="0.002625">
   <element name="pon_pickup" layername="pon_large" frame="0" z_index="2" m_a="1.000000" m_b="0.000000" m_c="0.000000" m_d="1.000000" m_tx="0.000000" m_ty="0.000000"/>
  </frame>
  <frame idx="325" w="72" h="71" x="-0.029247" y="0.002625">
   <element name="pon_pickup" layername="pon_large" frame="0" z_index="2" m_a="1.000000" m_b="0.000000" m_c="0.000000" m_d="1.000000" m_tx="0.000000" m_ty="0.000000"/>
  </frame>
  <frame idx="350" w="72" h="71" x="-0.029247" y="0.002625">
   <element name="pon_pickup" layername="pon_large" frame="0" z_index="2" m_a="1.000000" m_b="0.000000" m_c="0.000000" m_d="1.000000" m_tx="0.000000" m_ty="0.000000"/>
  </frame>
  <frame idx="375" w="72" h="71" x="-0.029247" y="0.002625">
   <element name="pon_pickup" layername="pon_large" frame="0" z_index="2" m_a="1.000000" m_b="0.000000" m_c="0.000000" m_d="1.000000" m_tx="0.000000" m_ty="0.000000"/>
  </frame>
  <frame idx="400" w="72" h="71" x="-0.029247" y="0.002625">
   <element name="pon_pickup" layername="pon_large" frame="0" z_index="2" m_a="1.000000" m_b="0.000000" m_c="0.000000" m_d="1.000000" m_tx="0.000000" m_ty="0.000000"/>
  </frame>
  <frame idx="425" w="72" h="71" x="-0.029247" y="0.002625">
   <element name="pon_pickup" layername="pon_large" frame="0" z_index="2" m_a="1.000000" m_b="0.000000" m_c="0.000000" m_d="1.000000" m_tx="0.000000" m_ty="0.000000"/>
  </frame>
  <frame idx="450" w="72" h="71" x="-0.029247" y="0.002625">
   <element name="pon_pickup" layername="pon_large" frame="0" z_index="2" m_a="1.000000" m_b="0.000000" m_c="0.000000" m_d="1.000000" m_tx="0.000000" m_ty="0.000000"/>
  </frame>
  <frame idx="475" w="72" h="71" x="-0.029247" y="0.002625">
   <element name="pon_pickup" layername="pon_large" frame="0" z_index="2" m_a="1.000000" m_b="0.000000" m_c="0.000000" m_d="1.000000" m_tx="0.000000" m_ty="0.000000"/>
  </frame>
  <frame idx="500" w="72" h="71" x="-0.029247" y="0.002625">
   <element name="pon_pickup" layername="pon_large" frame="0" z_index="2" m_a="1.000000" m_b="0.000000" m_c="0.000000" m_d="1.000000" m_tx="0.000000" m_ty="0.000000"/>
  </frame>
  <frame idx="525" w="72" h="71" x="-0.029247" y="0.002625">
   <element name="pon_pickup" layername="pon_large" frame="0" z_index="2" m_a="1.000000" m_b="0.000000" m_c="0.000000" m_d="1.000000" m_tx="0.000000" m_ty="0.000000"/>
  </frame>
  <frame idx="550" w="72" h="71" x="-0.029247" y="0.002625">
   <element name="pon_pickup" layername="pon_large" frame="0" z_index="2" m_a="1.000000" m_b="0.000000" m_c="0.000000" m_d="1.000000" m_tx="0.000000" m_ty="0.000000"/>
  </frame>
  <frame idx="575" w="72" h="71" x="-0.029247" y="0.002625">
   <element name="pon_pickup" layername="pon_large" frame="0" z_index="2" m_a="1.000000" m_b="0.000000" m_c="0.000000" m_d="1.000000" m_tx="0.000000" m_ty="0.000000"/>
  </frame>
  <frame idx="600" w="72" h="71" x="-0.029247" y="0.002625">
   <element name="pon_pickup" layername="pon_large" frame="0" z_index="2" m_a="1.000000" m_b="0.000000" m_c="0.000000" m_d="1.000000" m_tx="0.000000" m_ty="0.000000"/>
  </frame>
  <frame idx="625" w="72" h="71" x="-0.029247" y="0.002625">
   <element name="pon_pickup" layername="pon_large" frame="0" z_index="2" m_a="1.000000" m_b="0.000000" m_c="0.000000" m_d="1.000000" m_tx="0.000000" m_ty="0.000000"/>
  </frame>
  <frame idx="650" w="72" h="71" x="-0.029247" y="0.002625">
   <element name="pon_pickup" layername="pon_large" frame="0" z_index="2" m_a="1.000000" m_b="0.000000" m_c="0.000000" m_d="1.000000" m_tx="0.000000" m_ty="0.000000"/>
  </frame>
  <frame idx="675" w="72" h="71" x="-0.029247" y="0.002625">
   <element name="pon_pickup" layername="pon_large" frame="0" z_index="2" m_a="1.000000" m_b="0.000000" m_c="0.000000" m_d="1.000000" m_tx="0.000000" m_ty="0.000000"/>
  </frame>
  <frame idx="700" w="72" h="71" x="-0.029247" y="0.002625">
   <element name="pon_pickup" layername="pon_large" frame="0" z_index="2" m_a="1.000000" m_b="0.000000" m_c="0.000000" m_d="1.000000" m_tx="0.000000" m_ty="0.000000"/>
  </frame>
  <frame idx="725" w="72" h="71" x="-0.029247" y="0.002625">
   <element name="pon_pickup" layername="pon_large" frame="0" z_index="2" m_a="1.000000" m_b="0.000000" m_c="0.000000" m_d="1.000000" m_tx="0.000000" m_ty="0.000000"/>
  </frame>
  <frame idx="750" w="72" h="71" x="-0.029247" y="0.002625">
   <element name="pon_pickup" layername="pon_large" frame="0" z_index="2" m_a="1.000000" m_b="0.000000" m_c="0.000000" m_d="1.000000" m_tx="0.000000" m_ty="0.000000"/>
  </frame>
  <frame idx="775" w="72" h="71" x="-0.029247" y="0.002625">
   <element name="pon_pickup" layername="pon_large" frame="0" z_index="2" m_a="1.000000" m_b="0.000000" m_c="0.000000" m_d="1.000000" m_tx="0.000000" m_ty="0.000000"/>
  </frame>
  <frame idx="800" w="72" h="71" x="-0.029247" y="0.002625">
   <element name="pon_pickup" layername="pon_large" frame="0" z_index="2" m_a="1.000000" m_b="0.000000" m_c="0.000000" m_d="1.000000" m_tx="0.000000" m_ty="0.000000"/>
  </frame>
  <frame idx="825" w="72" h="71" x="-0.029247" y="0.002625">
   <element name="pon_pickup" layername="pon_large" frame="0" z_index="2" m_a="1.000000" m_b="0.000000" m_c="0.000000" m_d="1.000000" m_tx="0.000000" m_ty="0.000000"/>
  </frame>
  <frame idx="850" w="72" h="71" x="-0.029247" y="0.002625">
   <element name="pon_pickup" layername="pon_large" frame="0" z_index="2" m_a="1.000000" m_b="0.000000" m_c="0.000000" m_d="1.000000" m_tx="0.000000" m_ty="0.000000"/>
  </frame>
  <frame idx="875" w="72" h="71" x="-0.029247" y="0.002625">
   <element name="pon_pickup" layername="pon_large" frame="0" z_index="2" m_a="1.000000" m_b="0.000000" m_c="0.000000" m_d="1.000000" m_tx="0.000000" m_ty="0.000000"/>
  </frame>
  <frame idx="900" w="72" h="71" x="-0.029247" y="0.002625">
   <element name="pon_pickup" layername="pon_large" frame="0" z_index="2" m_a="1.000000" m_b="0.000000" m_c="0.000000" m_d="1.000000" m_tx="0.000000" m_ty="0.000000"/>
  </frame>
  <frame idx="925" w="72" h="71" x="-0.029247" y="0.002625">
   <element name="pon_pickup" layername="pon_large" frame="0" z_index="2" m_a="1.000000" m_b="0.000000" m_c="0.000000" m_d="1.000000" m_tx="0.000000" m_ty="0.000000"/>
  </frame>
  <frame idx="950" w="72" h="71" x="-0.029247" y="0.002625">
   <element name="pon_pickup" layername="pon_large" frame="0" z_index="2" m_a="1.000000" m_b="0.000000" m_c="0.000000" m_d="1.000000" m_tx="0.000000" m_ty="0.000000"/>
  </frame>
  <frame idx="975" w="72" h="71" x="-0.029247" y="0.002625">
   <element name="pon_pickup" layername="pon_large" frame="0" z_index="2" m_a="1.000000" m_b="0.000000" m_c="0.000000" m_d="1.000000" m_tx="0.000000" m_ty="0.000000"/>
  </frame>
 </anim>
 <anim name="bob" root="pon" numframes="2000" framerate="40">
  <frame idx="0" w="72" h="96" x="-0.029247" y="-22.997375">
   <element name="pon_pickup" layername="pon_large" frame="0" z_index="2" m_a="1.000000" m_b="0.000000" m_c="0.000000" m_d="1.000000" m_tx="0.000000" m_ty="-23.000000"/>
  </frame>
  <frame idx="25" w="72" h="97" x="-0.029247" y="-23.547375">
   <element name="pon_pickup" layername="pon_large" frame="0" z_index="2" m_a="1.000000" m_b="0.000000" m_c="0.000000" m_d="1.000000" m_tx="0.000000" m_ty="-23.549999"/>
  </frame>
  <frame idx="50" w="72" h="98" x="-0.029247" y="-24.097374">
   <element name="pon_pickup" layername="pon_large" frame="0" z_index="2" m_a="1.000000" m_b="0.000000" m_c="0.000000" m_d="1.000000" m_tx="0.000000" m_ty="-24.100000"/>
  </frame>
  <frame idx="75" w="72" h="98" x="-0.029247" y="-24.647377">
   <element name="pon_pickup" layername="pon_large" frame="0" z_index="2" m_a="1.000000" m_b="0.000000" m_c="0.000000" m_d="1.000000" m_tx="0.000000" m_ty="-24.650000"/>
  </frame>
  <frame idx="100" w="72" h="99" x="-0.029247" y="-25.197376">
   <element name="pon_pickup" layername="pon_large" frame="0" z_index="2" m_a="1.000000" m_b="0.000000" m_c="0.000000" m_d="1.000000" m_tx="0.000000" m_ty="-25.200001"/>
  </frame>
  <frame idx="125" w="72" h="99" x="-0.029247" y="-25.747375">
   <element name="pon_pickup" layername="pon_large" frame="0" z_index="2" m_a="1.000000" m_b="0.000000" m_c="0.000000" m_d="1.000000" m_tx="0.000000" m_ty="-25.750000"/>
  </frame>
  <frame idx="150" w="72" h="101" x="-0.029247" y="-26.297375">
   <element name="pon_pickup" layername="pon_large" frame="0" z_index="2" m_a="1.000000" m_b="0.000000" m_c="0.000000" m_d="1.000000" m_tx="0.000000" m_ty="-26.299999"/>
  </frame>
  <frame idx="175" w="72" h="101" x="-0.029247" y="-26.847374">
   <element name="pon_pickup" layername="pon_large" frame="0" z_index="2" m_a="1.000000" m_b="0.000000" m_c="0.000000" m_d="1.000000" m_tx="0.000000" m_ty="-26.850000"/>
  </frame>
  <frame idx="200" w="72" h="102" x="-0.029247" y="-27.397377">
   <element name="pon_pickup" layername="pon_large" frame="0" z_index="2" m_a="1.000000" m_b="0.000000" m_c="0.000000" m_d="1.000000" m_tx="0.000000" m_ty="-27.400000"/>
  </frame>
  <frame idx="225" w="72" h="102" x="-0.029247" y="-27.947376">
   <element name="pon_pickup" layername="pon_large" frame="0" z_index="2" m_a="1.000000" m_b="0.000000" m_c="0.000000" m_d="1.000000" m_tx="0.000000" m_ty="-27.950001"/>
  </frame>
  <frame idx="250" w="72" h="103" x="-0.029247" y="-28.497375">
   <element name="pon_pickup" layername="pon_large" frame="0" z_index="2" m_a="1.000000" m_b="0.000000" m_c="0.000000" m_d="1.000000" m_tx="0.000000" m_ty="-28.500000"/>
  </frame>
  <frame idx="275" w="72" h="104" x="-0.029247" y="-29.047375">
   <element name="pon_pickup" layername="pon_large" frame="0" z_index="2" m_a="1.000000" m_b="0.000000" m_c="0.000000" m_d="1.000000" m_tx="0.000000" m_ty="-29.049999"/>
  </frame>
  <frame idx="300" w="72" h="104" x="-0.029247" y="-29.597374">
   <element name="pon_pickup" layername="pon_large" frame="0" z_index="2" m_a="1.000000" m_b="0.000000" m_c="0.000000" m_d="1.000000" m_tx="0.000000" m_ty="-29.600000"/>
  </frame>
  <frame idx="325" w="72" h="105" x="-0.029247" y="-30.147377">
   <element name="pon_pickup" layername="pon_large" frame="0" z_index="2" m_a="1.000000" m_b="0.000000" m_c="0.000000" m_d="1.000000" m_tx="0.000000" m_ty="-30.150000"/>
  </frame>
  <frame idx="350" w="72" h="105" x="-0.029247" y="-30.697376">
   <element name="pon_pickup" layername="pon_large" frame="0" z_index="2" m_a="1.000000" m_b="0.000000" m_c="0.000000" m_d="1.000000" m_tx="0.000000" m_ty="-30.700001"/>
  </frame>
  <frame idx="375" w="72" h="106" x="-0.029247" y="-31.247375">
   <element name="pon_pickup" layername="pon_large" frame="0" z_index="2" m_a="1.000000" m_b="0.000000" m_c="0.000000" m_d="1.000000" m_tx="0.000000" m_ty="-31.250000"/>
  </frame>
  <frame idx="400" w="72" h="106" x="-0.029247" y="-31.797375">
   <element name="pon_pickup" layername="pon_large" frame="0" z_index="2" m_a="1.000000" m_b="0.000000" m_c="0.000000" m_d="1.000000" m_tx="0.000000" m_ty="-31.799999"/>
  </frame>
  <frame idx="425" w="72" h="107" x="-0.029247" y="-32.347374">
   <element name="pon_pickup" layername="pon_large" frame="0" z_index="2" m_a="1.000000" m_b="0.000000" m_c="0.000000" m_d="1.000000" m_tx="0.000000" m_ty="-32.349998"/>
  </frame>
  <frame idx="450" w="72" h="107" x="-0.029247" y="-32.897377">
   <element name="pon_pickup" layername="pon_large" frame="0" z_index="2" m_a="1.000000" m_b="0.000000" m_c="0.000000" m_d="1.000000" m_tx="0.000000" m_ty="-32.900002"/>
  </frame>
  <frame idx="475" w="72" h="108" x="-0.029247" y="-33.447372">
   <element name="pon_pickup" layername="pon_large" frame="0" z_index="2" m_a="1.000000" m_b="0.000000" m_c="0.000000" m_d="1.000000" m_tx="0.000000" m_ty="-33.450001"/>
  </frame>
  <frame idx="500" w="72" h="108" x="-0.029247" y="-33.997375">
   <element name="pon_pickup" layername="pon_large" frame="0" z_index="2" m_a="1.000000" m_b="0.000000" m_c="0.000000" m_d="1.000000" m_tx="0.000000" m_ty="-34.000000"/>
  </frame>
  <frame idx="525" w="72" h="109" x="-0.029247" y="-34.547379">
   <element name="pon_pickup" layername="pon_large" frame="0" z_index="2" m_a="1.000000" m_b="0.000000" m_c="0.000000" m_d="1.000000" m_tx="0.000000" m_ty="-34.549999"/>
  </frame>
  <frame idx="550" w="72" h="110" x="-0.029247" y="-35.097374">
   <element name="pon_pickup" layername="pon_large" frame="0" z_index="2" m_a="1.000000" m_b="0.000000" m_c="0.000000" m_d="1.000000" m_tx="0.000000" m_ty="-35.099998"/>
  </frame>
  <frame idx="575" w="72" h="110" x="-0.029247" y="-35.647377">
   <element name="pon_pickup" layername="pon_large" frame="0" z_index="2" m_a="1.000000" m_b="0.000000" m_c="0.000000" m_d="1.000000" m_tx="0.000000" m_ty="-35.650002"/>
  </frame>
  <frame idx="600" w="72" h="112" x="-0.029247" y="-36.197372">
   <element name="pon_pickup" layername="pon_large" frame="0" z_index="2" m_a="1.000000" m_b="0.000000" m_c="0.000000" m_d="1.000000" m_tx="0.000000" m_ty="-36.200001"/>
  </frame>
  <frame idx="625" w="72" h="112" x="-0.029247" y="-36.747375">
   <element name="pon_pickup" layername="pon_large" frame="0" z_index="2" m_a="1.000000" m_b="0.000000" m_c="0.000000" m_d="1.000000" m_tx="0.000000" m_ty="-36.750000"/>
  </frame>
  <frame idx="650" w="72" h="113" x="-0.029247" y="-37.297379">
   <element name="pon_pickup" layername="pon_large" frame="0" z_index="2" m_a="1.000000" m_b="0.000000" m_c="0.000000" m_d="1.000000" m_tx="0.000000" m_ty="-37.299999"/>
  </frame>
  <frame idx="675" w="72" h="113" x="-0.029247" y="-37.847374">
   <element name="pon_pickup" layername="pon_large" frame="0" z_index="2" m_a="1.000000" m_b="0.000000" m_c="0.000000" m_d="1.000000" m_tx="0.000000" m_ty="-37.849998"/>
  </frame>
  <frame idx="700" w="72" h="114" x="-0.029247" y="-38.397377">
   <element name="pon_pickup" layername="pon_large" frame="0" z_index="2" m_a="1.000000" m_b="0.000000" m_c="0.000000" m_d="1.000000" m_tx="0.000000" m_ty="-38.400002"/>
  </frame>
  <frame idx="725" w="72" h="114" x="-0.029247" y="-38.947372">
   <element name="pon_pickup" layername="pon_large" frame="0" z_index="2" m_a="1.000000" m_b="0.000000" m_c="0.000000" m_d="1.000000" m_tx="0.000000" m_ty="-38.950001"/>
  </frame>
  <frame idx="750" w="72" h="115" x="-0.029247" y="-39.497375">
   <element name="pon_pickup" layername="pon_large" frame="0" z_index="2" m_a="1.000000" m_b="0.000000" m_c="0.000000" m_d="1.000000" m_tx="0.000000" m_ty="-39.500000"/>
  </frame>
  <frame idx="775" w="72" h="116" x="-0.029247" y="-40.047379">
   <element name="pon_pickup" layername="pon_large" frame="0" z_index="2" m_a="1.000000" m_b="0.000000" m_c="0.000000" m_d="1.000000" m_tx="0.000000" m_ty="-40.049999"/>
  </frame>
  <frame idx="800" w="72" h="116" x="-0.029247" y="-40.597374">
   <element name="pon_pickup" layername="pon_large" frame="0" z_index="2" m_a="1.000000" m_b="0.000000" m_c="0.000000" m_d="1.000000" m_tx="0.000000" m_ty="-40.599998"/>
  </frame>
  <frame idx="825" w="72" h="117" x="-0.029247" y="-41.147377">
   <element name="pon_pickup" layername="pon_large" frame="0" z_index="2" m_a="1.000000" m_b="0.000000" m_c="0.000000" m_d="1.000000" m_tx="0.000000" m_ty="-41.150002"/>
  </frame>
  <frame idx="850" w="72" h="117" x="-0.029247" y="-41.697372">
   <element name="pon_pickup" layername="pon_large" frame="0" z_index="2" m_a="1.000000" m_b="0.000000" m_c="0.000000" m_d="1.000000" m_tx="0.000000" m_ty="-41.700001"/>
  </frame>
  <frame idx="875" w="72" h="118" x="-0.029247" y="-42.247375">
   <element name="pon_pickup" layername="pon_large" frame="0" z_index="2" m_a="1.000000" m_b="0.000000" m_c="0.000000" m_d="1.000000" m_tx="0.000000" m_ty="-42.250000"/>
  </frame>
  <frame idx="900" w="72" h="118" x="-0.029247" y="-42.797379">
   <element name="pon_pickup" layername="pon_large" frame="0" z_index="2" m_a="1.000000" m_b="0.000000" m_c="0.000000" m_d="1.000000" m_tx="0.000000" m_ty="-42.799999"/>
  </frame>
  <frame idx="925" w="72" h="119" x="-0.029247" y="-43.347374">
   <element name="pon_pickup" layername="pon_large" frame="0" z_index="2" m_a="1.000000" m_b="0.000000" m_c="0.000000" m_d="1.000000" m_tx="0.000000" m_ty="-43.349998"/>
  </frame>
  <frame idx="950" w="72" h="119" x="-0.029247" y="-43.897377">
   <element name="pon_pickup" layername="pon_large" frame="0" z_index="2" m_a="1.000000" m_b="0.000000" m_c="0.000000" m_d="1.000000" m_tx="0.000000" m_ty="-43.900002"/>
  </frame>
  <frame idx="975" w="72" h="120" x="-0.029247" y="-44.447372">
   <element name="pon_pickup" layername="pon_large" frame="0" z_index="2" m_a="1.000000" m_b="0.000000" m_c="0.000000" m_d="1.000000" m_tx="0.000000" m_ty="-44.450001"/>
  </frame>
  <frame idx="1000" w="72" h="120" x="-0.029247" y="-44.997375">
   <element name="pon_pickup" layername="pon_large" frame="0" z_index="2" m_a="1.000000" m_b="0.000000" m_c="0.000000" m_d="1.000000" m_tx="0.000000" m_ty="-45.000000"/>
  </frame>
  <frame idx="1025" w="72" h="120" x="-0.029247" y="-44.447372">
   <element name="pon_pickup" layername="pon_large" frame="0" z_index="2" m_a="1.000000" m_b="0.000000" m_c="0.000000" m_d="1.000000" m_tx="0.000000" m_ty="-44.450001"/>
  </frame>
  <frame idx="1050" w="72" h="119" x="-0.029247" y="-43.897377">
   <element name="pon_pickup" layername="pon_large" frame="0" z_index="2" m_a="1.000000" m_b="0.000000" m_c="0.000000" m_d="1.000000" m_tx="0.000000" m_ty="-43.900002"/>
  </frame>
  <frame idx="1075" w="72" h="119" x="-0.029247" y="-43.347374">
   <element name="pon_pickup" layername="pon_large" frame="0" z_index="2" m_a="1.000000" m_b="0.000000" m_c="0.000000" m_d="1.000000" m_tx="0.000000" m_ty="-43.349998"/>
  </frame>
  <frame idx="1100" w="72" h="118" x="-0.029247" y="-42.797379">
   <element name="pon_pickup" layername="pon_large" frame="0" z_index="2" m_a="1.000000" m_b="0.000000" m_c="0.000000" m_d="1.000000" m_tx="0.000000" m_ty="-42.799999"/>
  </frame>
  <frame idx="1125" w="72" h="118" x="-0.029247" y="-42.247375">
   <element name="pon_pickup" layername="pon_large" frame="0" z_index="2" m_a="1.000000" m_b="0.000000" m_c="0.000000" m_d="1.000000" m_tx="0.000000" m_ty="-42.250000"/>
  </frame>
  <frame idx="1150" w="72" h="117" x="-0.029247" y="-41.697372">
   <element name="pon_pickup" layername="pon_large" frame="0" z_index="2" m_a="1.000000" m_b="0.000000" m_c="0.000000" m_d="1.000000" m_tx="0.000000" m_ty="-41.700001"/>
  </frame>
  <frame idx="1175" w="72" h="117" x="-0.029247" y="-41.147377">
   <element name="pon_pickup" layername="pon_large" frame="0" z_index="2" m_a="1.000000" m_b="0.000000" m_c="0.000000" m_d="1.000000" m_tx="0.000000" m_ty="-41.150002"/>
  </frame>
  <frame idx="1200" w="72" h="116" x="-0.029247" y="-40.597374">
   <element name="pon_pickup" layername="pon_large" frame="0" z_index="2" m_a="1.000000" m_b="0.000000" m_c="0.000000" m_d="1.000000" m_tx="0.000000" m_ty="-40.599998"/>
  </frame>
  <frame idx="1225" w="72" h="116" x="-0.029247" y="-40.047379">
   <element name="pon_pickup" layername="pon_large" frame="0" z_index="2" m_a="1.000000" m_b="0.000000" m_c="0.000000" m_d="1.000000" m_tx="0.000000" m_ty="-40.049999"/>
  </frame>
  <frame idx="1250" w="72" h="115" x="-0.029247" y="-39.497375">
   <element name="pon_pickup" layername="pon_large" frame="0" z_index="2" m_a="1.000000" m_b="0.000000" m_c="0.000000" m_d="1.000000" m_tx="0.000000" m_ty="-39.500000"/>
  </frame>
  <frame idx="1275" w="72" h="114" x="-0.029247" y="-38.947372">
   <element name="pon_pickup" layername="pon_large" frame="0" z_index="2" m_a="1.000000" m_b="0.000000" m_c="0.000000" m_d="1.000000" m_tx="0.000000" m_ty="-38.950001"/>
  </frame>
  <frame idx="1300" w="72" h="114" x="-0.029247" y="-38.397377">
   <element name="pon_pickup" layername="pon_large" frame="0" z_index="2" m_a="1.000000" m_b="0.000000" m_c="0.000000" m_d="1.000000" m_tx="0.000000" m_ty="-38.400002"/>
  </frame>
  <frame idx="1325" w="72" h="113" x="-0.029247" y="-37.847374">
   <element name="pon_pickup" layername="pon_large" frame="0" z_index="2" m_a="1.000000" m_b="0.000000" m_c="0.000000" m_d="1.000000" m_tx="0.000000" m_ty="-37.849998"/>
  </frame>
  <frame idx="1350" w="72" h="113" x="-0.029247" y="-37.297379">
   <element name="pon_pickup" layername="pon_large" frame="0" z_index="2" m_a="1.000000" m_b="0.000000" m_c="0.000000" m_d="1.000000" m_tx="0.000000" m_ty="-37.299999"/>
  </frame>
  <frame idx="1375" w="72" h="112" x="-0.029247" y="-36.747375">
   <element name="pon_pickup" layername="pon_large" frame="0" z_index="2" m_a="1.000000" m_b="0.000000" m_c="0.000000" m_d="1.000000" m_tx="0.000000" m_ty="-36.750000"/>
  </frame>
  <frame idx="1400" w="72" h="112" x="-0.029247" y="-36.197372">
   <element name="pon_pickup" layername="pon_large" frame="0" z_index="2" m_a="1.000000" m_b="0.000000" m_c="0.000000" m_d="1.000000" m_tx="0.000000" m_ty="-36.200001"/>
  </frame>
  <frame idx="1425" w="72" h="110" x="-0.029247" y="-35.647377">
   <element name="pon_pickup" layername="pon_large" frame="0" z_index="2" m_a="1.000000" m_b="0.000000" m_c="0.000000" m_d="1.000000" m_tx="0.000000" m_ty="-35.650002"/>
  </frame>
  <frame idx="1450" w="72" h="110" x="-0.029247" y="-35.097374">
   <element name="pon_pickup" layername="pon_large" frame="0" z_index="2" m_a="1.000000" m_b="0.000000" m_c="0.000000" m_d="1.000000" m_tx="0.000000" m_ty="-35.099998"/>
  </frame>
  <frame idx="1475" w="72" h="109" x="-0.029247" y="-34.547379">
   <element name="pon_pickup" layername="pon_large" frame="0" z_index="2" m_a="1.000000" m_b="0.000000" m_c="0.000000" m_d="1.000000" m_tx="0.000000" m_ty="-34.549999"/>
  </frame>
  <frame idx="1500" w="72" h="108" x="-0.029247" y="-33.997375">
   <element name="pon_pickup" layername="pon_large" frame="0" z_index="2" m_a="1.000000" m_b="0.000000" m_c="0.000000" m_d="1.000000" m_tx="0.000000" m_ty="-34.000000"/>
  </frame>
  <frame idx="1525" w="72" h="108" x="-0.029247" y="-33.447372">
   <element name="pon_pickup" layername="pon_large" frame="0" z_index="2" m_a="1.000000" m_b="0.000000" m_c="0.000000" m_d="1.000000" m_tx="0.000000" m_ty="-33.450001"/>
  </frame>
  <frame idx="1550" w="72" h="107" x="-0.029247" y="-32.897377">
   <element name="pon_pickup" layername="pon_large" frame="0" z_index="2" m_a="1.000000" m_b="0.000000" m_c="0.000000" m_d="1.000000" m_tx="0.000000" m_ty="-32.900002"/>
  </frame>
  <frame idx="1575" w="72" h="107" x="-0.029247" y="-32.347374">
   <element name="pon_pickup" layername="pon_large" frame="0" z_index="2" m_a="1.000000" m_b="0.000000" m_c="0.000000" m_d="1.000000" m_tx="0.000000" m_ty="-32.349998"/>
  </frame>
  <frame idx="1600" w="72" h="106" x="-0.029247" y="-31.797375">
   <element name="pon_pickup" layername="pon_large" frame="0" z_index="2" m_a="1.000000" m_b="0.000000" m_c="0.000000" m_d="1.000000" m_tx="0.000000" m_ty="-31.799999"/>
  </frame>
  <frame idx="1625" w="72" h="106" x="-0.029247" y="-31.247375">
   <element name="pon_pickup" layername="pon_large" frame="0" z_index="2" m_a="1.000000" m_b="0.000000" m_c="0.000000" m_d="1.000000" m_tx="0.000000" m_ty="-31.250000"/>
  </frame>
  <frame idx="1650" w="72" h="105" x="-0.029247" y="-30.697376">
   <element name="pon_pickup" layername="pon_large" frame="0" z_index="2" m_a="1.000000" m_b="0.000000" m_c="0.000000" m_d="1.000000" m_tx="0.000000" m_ty="-30.700001"/>
  </frame>
  <frame idx="1675" w="72" h="105" x="-0.029247" y="-30.147377">
   <element name="pon_pickup" layername="pon_large" frame="0" z_index="2" m_a="1.000000" m_b="0.000000" m_c="0.000000" m_d="1.000000" m_tx="0.000000" m_ty="-30.150000"/>
  </frame>
  <frame idx="1700" w="72" h="104" x="-0.029247" y="-29.597374">
   <element name="pon_pickup" layername="pon_large" frame="0" z_index="2" m_a="1.000000" m_b="0.000000" m_c="0.000000" m_d="1.000000" m_tx="0.000000" m_ty="-29.600000"/>
  </frame>
  <frame idx="1725" w="72" h="104" x="-0.029247" y="-29.047375">
   <element name="pon_pickup" layername="pon_large" frame="0" z_index="2" m_a="1.000000" m_b="0.000000" m_c="0.000000" m_d="1.000000" m_tx="0.000000" m_ty="-29.049999"/>
  </frame>
  <frame idx="1750" w="72" h="103" x="-0.029247" y="-28.497375">
   <element name="pon_pickup" layername="pon_large" frame="0" z_index="2" m_a="1.000000" m_b="0.000000" m_c="0.000000" m_d="1.000000" m_tx="0.000000" m_ty="-28.500000"/>
  </frame>
  <frame idx="1775" w="72" h="102" x="-0.029247" y="-27.947376">
   <element name="pon_pickup" layername="pon_large" frame="0" z_index="2" m_a="1.000000" m_b="0.000000" m_c="0.000000" m_d="1.000000" m_tx="0.000000" m_ty="-27.950001"/>
  </frame>
  <frame idx="1800" w="72" h="102" x="-0.029247" y="-27.397377">
   <element name="pon_pickup" layername="pon_large" frame="0" z_index="2" m_a="1.000000" m_b="0.000000" m_c="0.000000" m_d="1.000000" m_tx="0.000000" m_ty="-27.400000"/>
  </frame>
  <frame idx="1825" w="72" h="101" x="-0.029247" y="-26.847374">
   <element name="pon_pickup" layername="pon_large" frame="0" z_index="2" m_a="1.000000" m_b="0.000000" m_c="0.000000" m_d="1.000000" m_tx="0.000000" m_ty="-26.850000"/>
  </frame>
  <frame idx="1850" w="72" h="101" x="-0.029247" y="-26.297375">
   <element name="pon_pickup" layername="pon_large" frame="0" z_index="2" m_a="1.000000" m_b="0.000000" m_c="0.000000" m_d="1.000000" m_tx="0.000000" m_ty="-26.299999"/>
  </frame>
  <frame idx="1875" w="72" h="99" x="-0.029247" y="-25.747375">
   <element name="pon_pickup" layername="pon_large" frame="0" z_index="2" m_a="1.000000" m_b="0.000000" m_c="0.000000" m_d="1.000000" m_tx="0.000000" m_ty="-25.750000"/>
  </frame>
  <frame idx="1900" w="72" h="99" x="-0.029247" y="-25.197376">
   <element name="pon_pickup" layername="pon_large" frame="0" z_index="2" m_a="1.000000" m_b="0.000000" m_c="0.000000" m_d="1.000000" m_tx="0.000000" m_ty="-25.200001"/>
  </frame>
  <frame idx="1925" w="72" h="98" x="-0.029247" y="-24.647377">
   <element name="pon_pickup" layername="pon_large" frame="0" z_index="2" m_a="1.000000" m_b="0.000000" m_c="0.000000" m_d="1.000000" m_tx="0.000000" m_ty="-24.650000"/>
  </frame>
  <frame idx="1950" w="72" h="98" x="-0.029247" y="-24.097374">
   <element name="pon_pickup" layername="pon_large" frame="0" z_index="2" m_a="1.000000" m_b="0.000000" m_c="0.000000" m_d="1.000000" m_tx="0.000000" m_ty="-24.100000"/>
  </frame>
  <frame idx="1975" w="72" h="97" x="-0.029247" y="-23.547375">
   <element name="pon_pickup" layername="pon_large" frame="0" z_index="2" m_a="1.000000" m_b="0.000000" m_c="0.000000" m_d="1.000000" m_tx="0.000000" m_ty="-23.549999"/>
  </frame>
 </anim>
</Anims>
