<Anims>
 <anim name="idle" root="hatbrellaopen_ground" numframes="1000" framerate="40">
  <frame idx="0" w="378" h="601" x="56.076340" y="-152.645798">
   <element name="swap_object_ground" layername="swap_object_ground" frame="0" z_index="1" m_a="1.000000" m_b="0.000000" m_c="0.000000" m_d="0.945827" m_tx="-100.783340" m_ty="41.935089"/>
  </frame>
  <frame idx="25" w="378" h="601" x="56.076340" y="-152.645798">
   <element name="swap_object_ground" layername="swap_object_ground" frame="0" z_index="1" m_a="1.000000" m_b="0.000000" m_c="0.000000" m_d="0.945827" m_tx="-100.783340" m_ty="41.935089"/>
  </frame>
  <frame idx="50" w="378" h="601" x="56.076340" y="-152.645798">
   <element name="swap_object_ground" layername="swap_object_ground" frame="0" z_index="1" m_a="1.000000" m_b="0.000000" m_c="0.000000" m_d="0.945827" m_tx="-100.783340" m_ty="41.935089"/>
  </frame>
  <frame idx="75" w="378" h="601" x="56.076340" y="-152.645798">
   <element name="swap_object_ground" layername="swap_object_ground" frame="0" z_index="1" m_a="1.000000" m_b="0.000000" m_c="0.000000" m_d="0.945827" m_tx="-100.783340" m_ty="41.935089"/>
  </frame>
  <frame idx="100" w="378" h="601" x="56.076340" y="-152.645798">
   <element name="swap_object_ground" layername="swap_object_ground" frame="0" z_index="1" m_a="1.000000" m_b="0.000000" m_c="0.000000" m_d="0.945827" m_tx="-100.783340" m_ty="41.935089"/>
  </frame>
  <frame idx="125" w="378" h="601" x="56.076340" y="-152.645798">
   <element name="swap_object_ground" layername="swap_object_ground" frame="0" z_index="1" m_a="1.000000" m_b="0.000000" m_c="0.000000" m_d="0.945827" m_tx="-100.783340" m_ty="41.935089"/>
  </frame>
  <frame idx="150" w="378" h="601" x="56.076340" y="-152.645798">
   <element name="swap_object_ground" layername="swap_object_ground" frame="0" z_index="1" m_a="1.000000" m_b="0.000000" m_c="0.000000" m_d="0.945827" m_tx="-100.783340" m_ty="41.935089"/>
  </frame>
  <frame idx="175" w="378" h="601" x="56.076340" y="-152.645798">
   <element name="swap_object_ground" layername="swap_object_ground" frame="0" z_index="1" m_a="1.000000" m_b="0.000000" m_c="0.000000" m_d="0.945827" m_tx="-100.783340" m_ty="41.935089"/>
  </frame>
  <frame idx="200" w="378" h="601" x="56.076340" y="-152.645798">
   <element name="swap_object_ground" layername="swap_object_ground" frame="0" z_index="1" m_a="1.000000" m_b="0.000000" m_c="0.000000" m_d="0.945827" m_tx="-100.783340" m_ty="41.935089"/>
  </frame>
  <frame idx="225" w="378" h="601" x="56.076340" y="-152.645798">
   <element name="swap_object_ground" layername="swap_object_ground" frame="0" z_index="1" m_a="1.000000" m_b="0.000000" m_c="0.000000" m_d="0.945827" m_tx="-100.783340" m_ty="41.935089"/>
  </frame>
  <frame idx="250" w="378" h="601" x="56.076340" y="-152.645798">
   <element name="swap_object_ground" layername="swap_object_ground" frame="0" z_index="1" m_a="1.000000" m_b="0.000000" m_c="0.000000" m_d="0.945827" m_tx="-100.783340" m_ty="41.935089"/>
  </frame>
  <frame idx="275" w="378" h="601" x="56.076340" y="-152.645798">
   <element name="swap_object_ground" layername="swap_object_ground" frame="0" z_index="1" m_a="1.000000" m_b="0.000000" m_c="0.000000" m_d="0.945827" m_tx="-100.783340" m_ty="41.935089"/>
  </frame>
  <frame idx="300" w="378" h="601" x="56.076340" y="-152.645798">
   <element name="swap_object_ground" layername="swap_object_ground" frame="0" z_index="1" m_a="1.000000" m_b="0.000000" m_c="0.000000" m_d="0.945827" m_tx="-100.783340" m_ty="41.935089"/>
  </frame>
  <frame idx="325" w="378" h="601" x="56.076340" y="-152.645798">
   <element name="swap_object_ground" layername="swap_object_ground" frame="0" z_index="1" m_a="1.000000" m_b="0.000000" m_c="0.000000" m_d="0.945827" m_tx="-100.783340" m_ty="41.935089"/>
  </frame>
  <frame idx="350" w="378" h="601" x="56.076340" y="-152.645798">
   <element name="swap_object_ground" layername="swap_object_ground" frame="0" z_index="1" m_a="1.000000" m_b="0.000000" m_c="0.000000" m_d="0.945827" m_tx="-100.783340" m_ty="41.935089"/>
  </frame>
  <frame idx="375" w="378" h="601" x="56.076340" y="-152.645798">
   <element name="swap_object_ground" layername="swap_object_ground" frame="0" z_index="1" m_a="1.000000" m_b="0.000000" m_c="0.000000" m_d="0.945827" m_tx="-100.783340" m_ty="41.935089"/>
  </frame>
  <frame idx="400" w="378" h="601" x="56.076340" y="-152.645798">
   <element name="swap_object_ground" layername="swap_object_ground" frame="0" z_index="1" m_a="1.000000" m_b="0.000000" m_c="0.000000" m_d="0.945827" m_tx="-100.783340" m_ty="41.935089"/>
  </frame>
  <frame idx="425" w="378" h="601" x="56.076340" y="-152.645798">
   <element name="swap_object_ground" layername="swap_object_ground" frame="0" z_index="1" m_a="1.000000" m_b="0.000000" m_c="0.000000" m_d="0.945827" m_tx="-100.783340" m_ty="41.935089"/>
  </frame>
  <frame idx="450" w="378" h="601" x="56.076340" y="-152.645798">
   <element name="swap_object_ground" layername="swap_object_ground" frame="0" z_index="1" m_a="1.000000" m_b="0.000000" m_c="0.000000" m_d="0.945827" m_tx="-100.783340" m_ty="41.935089"/>
  </frame>
  <frame idx="475" w="378" h="601" x="56.076340" y="-152.645798">
   <element name="swap_object_ground" layername="swap_object_ground" frame="0" z_index="1" m_a="1.000000" m_b="0.000000" m_c="0.000000" m_d="0.945827" m_tx="-100.783340" m_ty="41.935089"/>
  </frame>
  <frame idx="500" w="378" h="601" x="56.076340" y="-152.645798">
   <element name="swap_object_ground" layername="swap_object_ground" frame="0" z_index="1" m_a="1.000000" m_b="0.000000" m_c="0.000000" m_d="0.945827" m_tx="-100.783340" m_ty="41.935089"/>
  </frame>
  <frame idx="525" w="378" h="601" x="56.076340" y="-152.645798">
   <element name="swap_object_ground" layername="swap_object_ground" frame="0" z_index="1" m_a="1.000000" m_b="0.000000" m_c="0.000000" m_d="0.945827" m_tx="-100.783340" m_ty="41.935089"/>
  </frame>
  <frame idx="550" w="378" h="601" x="56.076340" y="-152.645798">
   <element name="swap_object_ground" layername="swap_object_ground" frame="0" z_index="1" m_a="1.000000" m_b="0.000000" m_c="0.000000" m_d="0.945827" m_tx="-100.783340" m_ty="41.935089"/>
  </frame>
  <frame idx="575" w="378" h="601" x="56.076340" y="-152.645798">
   <element name="swap_object_ground" layername="swap_object_ground" frame="0" z_index="1" m_a="1.000000" m_b="0.000000" m_c="0.000000" m_d="0.945827" m_tx="-100.783340" m_ty="41.935089"/>
  </frame>
  <frame idx="600" w="378" h="601" x="56.076340" y="-152.645798">
   <element name="swap_object_ground" layername="swap_object_ground" frame="0" z_index="1" m_a="1.000000" m_b="0.000000" m_c="0.000000" m_d="0.945827" m_tx="-100.783340" m_ty="41.935089"/>
  </frame>
  <frame idx="625" w="378" h="601" x="56.076340" y="-152.645798">
   <element name="swap_object_ground" layername="swap_object_ground" frame="0" z_index="1" m_a="1.000000" m_b="0.000000" m_c="0.000000" m_d="0.945827" m_tx="-100.783340" m_ty="41.935089"/>
  </frame>
  <frame idx="650" w="378" h="601" x="56.076340" y="-152.645798">
   <element name="swap_object_ground" layername="swap_object_ground" frame="0" z_index="1" m_a="1.000000" m_b="0.000000" m_c="0.000000" m_d="0.945827" m_tx="-100.783340" m_ty="41.935089"/>
  </frame>
  <frame idx="675" w="378" h="601" x="56.076340" y="-152.645798">
   <element name="swap_object_ground" layername="swap_object_ground" frame="0" z_index="1" m_a="1.000000" m_b="0.000000" m_c="0.000000" m_d="0.945827" m_tx="-100.783340" m_ty="41.935089"/>
  </frame>
  <frame idx="700" w="378" h="601" x="56.076340" y="-152.645798">
   <element name="swap_object_ground" layername="swap_object_ground" frame="0" z_index="1" m_a="1.000000" m_b="0.000000" m_c="0.000000" m_d="0.945827" m_tx="-100.783340" m_ty="41.935089"/>
  </frame>
  <frame idx="725" w="378" h="601" x="56.076340" y="-152.645798">
   <element name="swap_object_ground" layername="swap_object_ground" frame="0" z_index="1" m_a="1.000000" m_b="0.000000" m_c="0.000000" m_d="0.945827" m_tx="-100.783340" m_ty="41.935089"/>
  </frame>
  <frame idx="750" w="378" h="601" x="56.076340" y="-152.645798">
   <element name="swap_object_ground" layername="swap_object_ground" frame="0" z_index="1" m_a="1.000000" m_b="0.000000" m_c="0.000000" m_d="0.945827" m_tx="-100.783340" m_ty="41.935089"/>
  </frame>
  <frame idx="775" w="378" h="601" x="56.076340" y="-152.645798">
   <element name="swap_object_ground" layername="swap_object_ground" frame="0" z_index="1" m_a="1.000000" m_b="0.000000" m_c="0.000000" m_d="0.945827" m_tx="-100.783340" m_ty="41.935089"/>
  </frame>
  <frame idx="800" w="378" h="601" x="56.076340" y="-152.645798">
   <element name="swap_object_ground" layername="swap_object_ground" frame="0" z_index="1" m_a="1.000000" m_b="0.000000" m_c="0.000000" m_d="0.945827" m_tx="-100.783340" m_ty="41.935089"/>
  </frame>
  <frame idx="825" w="378" h="601" x="56.076340" y="-152.645798">
   <element name="swap_object_ground" layername="swap_object_ground" frame="0" z_index="1" m_a="1.000000" m_b="0.000000" m_c="0.000000" m_d="0.945827" m_tx="-100.783340" m_ty="41.935089"/>
  </frame>
  <frame idx="850" w="378" h="601" x="56.076340" y="-152.645798">
   <element name="swap_object_ground" layername="swap_object_ground" frame="0" z_index="1" m_a="1.000000" m_b="0.000000" m_c="0.000000" m_d="0.945827" m_tx="-100.783340" m_ty="41.935089"/>
  </frame>
  <frame idx="875" w="378" h="601" x="56.076340" y="-152.645798">
   <element name="swap_object_ground" layername="swap_object_ground" frame="0" z_index="1" m_a="1.000000" m_b="0.000000" m_c="0.000000" m_d="0.945827" m_tx="-100.783340" m_ty="41.935089"/>
  </frame>
  <frame idx="900" w="378" h="601" x="56.076340" y="-152.645798">
   <element name="swap_object_ground" layername="swap_object_ground" frame="0" z_index="1" m_a="1.000000" m_b="0.000000" m_c="0.000000" m_d="0.945827" m_tx="-100.783340" m_ty="41.935089"/>
  </frame>
  <frame idx="925" w="378" h="601" x="56.076340" y="-152.645798">
   <element name="swap_object_ground" layername="swap_object_ground" frame="0" z_index="1" m_a="1.000000" m_b="0.000000" m_c="0.000000" m_d="0.945827" m_tx="-100.783340" m_ty="41.935089"/>
  </frame>
  <frame idx="950" w="378" h="601" x="56.076340" y="-152.645798">
   <element name="swap_object_ground" layername="swap_object_ground" frame="0" z_index="1" m_a="1.000000" m_b="0.000000" m_c="0.000000" m_d="0.945827" m_tx="-100.783340" m_ty="41.935089"/>
  </frame>
  <frame idx="975" w="378" h="601" x="56.076340" y="-152.645798">
   <element name="swap_object_ground" layername="swap_object_ground" frame="0" z_index="1" m_a="1.000000" m_b="0.000000" m_c="0.000000" m_d="0.945827" m_tx="-100.783340" m_ty="41.935089"/>
  </frame>
 </anim>
</Anims>
