<Anims>
 <anim name="idle" root="kidpotion" numframes="125" framerate="40">
  <frame idx="0" w="108" h="220" x="-9.426086" y="-72.422592">
   <element name="kidpotion01" layername="kidpotio" frame="0" z_index="2" m_a="0.832615" m_b="0.000000" m_c="0.000000" m_d="0.832615" m_tx="0.789502" m_ty="-0.121456"/>
  </frame>
  <frame idx="25" w="108" h="220" x="-9.426086" y="-72.422592">
   <element name="kidpotion01" layername="kidpotio" frame="0" z_index="2" m_a="0.832615" m_b="0.000000" m_c="0.000000" m_d="0.832615" m_tx="0.789502" m_ty="-0.121456"/>
  </frame>
  <frame idx="50" w="108" h="220" x="-9.426086" y="-72.422592">
   <element name="kidpotion01" layername="kidpotio" frame="0" z_index="2" m_a="0.832615" m_b="0.000000" m_c="0.000000" m_d="0.832615" m_tx="0.789502" m_ty="-0.121456"/>
  </frame>
  <frame idx="75" w="108" h="220" x="-9.426086" y="-72.422592">
   <element name="kidpotion01" layername="kidpotio" frame="0" z_index="2" m_a="0.832615" m_b="0.000000" m_c="0.000000" m_d="0.832615" m_tx="0.789502" m_ty="-0.121456"/>
  </frame>
  <frame idx="100" w="108" h="220" x="-9.426086" y="-72.422592">
   <element name="kidpotion01" layername="kidpotio" frame="0" z_index="2" m_a="0.832615" m_b="0.000000" m_c="0.000000" m_d="0.832615" m_tx="0.789502" m_ty="-0.121456"/>
  </frame>
 </anim>
 <anim name="spin_loop" root="kidpotion" numframes="300" framerate="40">
  <frame idx="0" w="98" h="141" x="-14.581875" y="-20.948322">
   <element name="kidpotion01" layername="kidpotio" frame="1" z_index="2" m_a="0.698527" m_b="0.000000" m_c="0.000000" m_d="0.698527" m_tx="-1.881645" m_ty="2.456778"/>
  </frame>
  <frame idx="25" w="228" h="146" x="-77.733307" y="-16.339531">
   <element name="kidpotion01" layername="kidpotio" frame="1" z_index="2" m_a="0.326775" m_b="0.617380" m_c="-0.617380" m_d="0.326775" m_tx="1.899301" m_ty="2.783433"/>
  </frame>
  <frame idx="50" w="270" h="218" x="-114.939476" y="-75.603371">
   <element name="kidpotion01" layername="kidpotio" frame="1" z_index="2" m_a="-0.403967" m_b="0.569869" m_c="-0.569869" m_d="-0.403967" m_tx="-0.212093" m_ty="1.939518"/>
  </frame>
  <frame idx="75" w="179" h="269" x="-79.370224" y="-131.592560">
   <element name="kidpotion01" layername="kidpotio" frame="1" z_index="2" m_a="-0.696464" m_b="-0.053640" m_c="0.053640" m_d="-0.696464" m_tx="3.161063" m_ty="1.372332"/>
  </frame>
  <frame idx="100" w="146" h="255" x="-8.167793" y="-128.263779">
   <element name="kidpotion01" layername="kidpotio" frame="1" z_index="2" m_a="-0.201850" m_b="-0.668728" m_c="0.668728" m_d="-0.201850" m_tx="1.094738" m_ty="-0.537278"/>
  </frame>
  <frame idx="125" w="126" h="213" x="14.273861" y="-64.762268">
   <element name="kidpotion01" layername="kidpotio" frame="1" z_index="2" m_a="0.495535" m_b="-0.492326" m_c="0.492326" m_d="0.495535" m_tx="0.069720" m_ty="0.265019"/>
  </frame>
  <frame idx="150" w="147" h="156" x="-28.301998" y="-16.085968">
   <element name="kidpotion01" layername="kidpotio" frame="1" z_index="2" m_a="0.662685" m_b="0.220883" m_c="-0.220883" m_d="0.662685" m_tx="3.195387" m_ty="-1.645699"/>
  </frame>
  <frame idx="175" w="235" h="134" x="-96.644775" y="-33.282612">
   <element name="kidpotion01" layername="kidpotio" frame="1" z_index="2" m_a="0.092759" m_b="0.692341" m_c="-0.692341" m_d="0.092759" m_tx="1.125196" m_ty="-0.230354"/>
  </frame>
  <frame idx="200" w="253" h="252" x="-108.333740" y="-98.956543">
   <element name="kidpotion01" layername="kidpotio" frame="1" z_index="2" m_a="-0.580804" m_b="0.388081" m_c="-0.388081" m_d="-0.580804" m_tx="1.859210" m_ty="1.749082"/>
  </frame>
  <frame idx="225" w="191" h="297" x="-57.095444" y="-139.993774">
   <element name="kidpotion01" layername="kidpotio" frame="1" z_index="2" m_a="-0.615014" m_b="-0.331206" m_c="0.331206" m_d="-0.615014" m_tx="-0.114818" m_ty="1.451155"/>
  </frame>
  <frame idx="250" w="115" h="209" x="5.665771" y="-112.923370">
   <element name="kidpotion01" layername="kidpotio" frame="1" z_index="2" m_a="0.018814" m_b="-0.698274" m_c="0.698274" m_d="0.018814" m_tx="0.972848" m_ty="-0.511751"/>
  </frame>
  <frame idx="275" w="123" h="214" x="17.171738" y="-65.611389">
   <element name="kidpotion01" layername="kidpotio" frame="1" z_index="2" m_a="0.493933" m_b="-0.493933" m_c="0.493933" m_d="0.493933" m_tx="2.929558" m_ty="-0.376395"/>
  </frame>
 </anim>
</Anims>
