<Anims>
 <anim name="open" root="ui_hatpack_3x2" numframes="1000" framerate="40">
  <frame idx="0" w="449" h="429" x="104.099777" y="122.196533">
   <element name="ui_hatpack_3x2" layername="ui_hatpack_3x2" frame="0" z_index="1" m_a="1.000000" m_b="0.000000" m_c="0.000000" m_d="1.000000" m_tx="-1.000000" m_ty="-15.000000"/>
  </frame>
  <frame idx="25" w="449" h="429" x="104.099777" y="122.196533">
   <element name="ui_hatpack_3x2" layername="ui_hatpack_3x2" frame="0" z_index="1" m_a="1.000000" m_b="0.000000" m_c="0.000000" m_d="1.000000" m_tx="-1.000000" m_ty="-15.000000"/>
  </frame>
  <frame idx="50" w="449" h="429" x="104.099777" y="122.196533">
   <element name="ui_hatpack_3x2" layername="ui_hatpack_3x2" frame="0" z_index="1" m_a="1.000000" m_b="0.000000" m_c="0.000000" m_d="1.000000" m_tx="-1.000000" m_ty="-15.000000"/>
  </frame>
  <frame idx="75" w="449" h="429" x="104.099777" y="122.196533">
   <element name="ui_hatpack_3x2" layername="ui_hatpack_3x2" frame="0" z_index="1" m_a="1.000000" m_b="0.000000" m_c="0.000000" m_d="1.000000" m_tx="-1.000000" m_ty="-15.000000"/>
  </frame>
  <frame idx="100" w="449" h="429" x="104.099777" y="122.196533">
   <element name="ui_hatpack_3x2" layername="ui_hatpack_3x2" frame="0" z_index="1" m_a="1.000000" m_b="0.000000" m_c="0.000000" m_d="1.000000" m_tx="-1.000000" m_ty="-15.000000"/>
  </frame>
  <frame idx="125" w="449" h="429" x="104.099777" y="122.196533">
   <element name="ui_hatpack_3x2" layername="ui_hatpack_3x2" frame="0" z_index="1" m_a="1.000000" m_b="0.000000" m_c="0.000000" m_d="1.000000" m_tx="-1.000000" m_ty="-15.000000"/>
  </frame>
  <frame idx="150" w="449" h="429" x="104.099777" y="122.196533">
   <element name="ui_hatpack_3x2" layername="ui_hatpack_3x2" frame="0" z_index="1" m_a="1.000000" m_b="0.000000" m_c="0.000000" m_d="1.000000" m_tx="-1.000000" m_ty="-15.000000"/>
  </frame>
  <frame idx="175" w="449" h="429" x="104.099777" y="122.196533">
   <element name="ui_hatpack_3x2" layername="ui_hatpack_3x2" frame="0" z_index="1" m_a="1.000000" m_b="0.000000" m_c="0.000000" m_d="1.000000" m_tx="-1.000000" m_ty="-15.000000"/>
  </frame>
  <frame idx="200" w="449" h="429" x="104.099777" y="122.196533">
   <element name="ui_hatpack_3x2" layername="ui_hatpack_3x2" frame="0" z_index="1" m_a="1.000000" m_b="0.000000" m_c="0.000000" m_d="1.000000" m_tx="-1.000000" m_ty="-15.000000"/>
  </frame>
  <frame idx="225" w="449" h="429" x="104.099777" y="122.196533">
   <element name="ui_hatpack_3x2" layername="ui_hatpack_3x2" frame="0" z_index="1" m_a="1.000000" m_b="0.000000" m_c="0.000000" m_d="1.000000" m_tx="-1.000000" m_ty="-15.000000"/>
  </frame>
  <frame idx="250" w="449" h="429" x="104.099777" y="122.196533">
   <element name="ui_hatpack_3x2" layername="ui_hatpack_3x2" frame="0" z_index="1" m_a="1.000000" m_b="0.000000" m_c="0.000000" m_d="1.000000" m_tx="-1.000000" m_ty="-15.000000"/>
  </frame>
  <frame idx="275" w="449" h="429" x="104.099777" y="122.196533">
   <element name="ui_hatpack_3x2" layername="ui_hatpack_3x2" frame="0" z_index="1" m_a="1.000000" m_b="0.000000" m_c="0.000000" m_d="1.000000" m_tx="-1.000000" m_ty="-15.000000"/>
  </frame>
  <frame idx="300" w="449" h="429" x="104.099777" y="122.196533">
   <element name="ui_hatpack_3x2" layername="ui_hatpack_3x2" frame="0" z_index="1" m_a="1.000000" m_b="0.000000" m_c="0.000000" m_d="1.000000" m_tx="-1.000000" m_ty="-15.000000"/>
  </frame>
  <frame idx="325" w="449" h="429" x="104.099777" y="122.196533">
   <element name="ui_hatpack_3x2" layername="ui_hatpack_3x2" frame="0" z_index="1" m_a="1.000000" m_b="0.000000" m_c="0.000000" m_d="1.000000" m_tx="-1.000000" m_ty="-15.000000"/>
  </frame>
  <frame idx="350" w="449" h="429" x="104.099777" y="122.196533">
   <element name="ui_hatpack_3x2" layername="ui_hatpack_3x2" frame="0" z_index="1" m_a="1.000000" m_b="0.000000" m_c="0.000000" m_d="1.000000" m_tx="-1.000000" m_ty="-15.000000"/>
  </frame>
  <frame idx="375" w="449" h="429" x="104.099777" y="122.196533">
   <element name="ui_hatpack_3x2" layername="ui_hatpack_3x2" frame="0" z_index="1" m_a="1.000000" m_b="0.000000" m_c="0.000000" m_d="1.000000" m_tx="-1.000000" m_ty="-15.000000"/>
  </frame>
  <frame idx="400" w="449" h="429" x="104.099777" y="122.196533">
   <element name="ui_hatpack_3x2" layername="ui_hatpack_3x2" frame="0" z_index="1" m_a="1.000000" m_b="0.000000" m_c="0.000000" m_d="1.000000" m_tx="-1.000000" m_ty="-15.000000"/>
  </frame>
  <frame idx="425" w="449" h="429" x="104.099777" y="122.196533">
   <element name="ui_hatpack_3x2" layername="ui_hatpack_3x2" frame="0" z_index="1" m_a="1.000000" m_b="0.000000" m_c="0.000000" m_d="1.000000" m_tx="-1.000000" m_ty="-15.000000"/>
  </frame>
  <frame idx="450" w="449" h="429" x="104.099777" y="122.196533">
   <element name="ui_hatpack_3x2" layername="ui_hatpack_3x2" frame="0" z_index="1" m_a="1.000000" m_b="0.000000" m_c="0.000000" m_d="1.000000" m_tx="-1.000000" m_ty="-15.000000"/>
  </frame>
  <frame idx="475" w="449" h="429" x="104.099777" y="122.196533">
   <element name="ui_hatpack_3x2" layername="ui_hatpack_3x2" frame="0" z_index="1" m_a="1.000000" m_b="0.000000" m_c="0.000000" m_d="1.000000" m_tx="-1.000000" m_ty="-15.000000"/>
  </frame>
  <frame idx="500" w="449" h="429" x="104.099777" y="122.196533">
   <element name="ui_hatpack_3x2" layername="ui_hatpack_3x2" frame="0" z_index="1" m_a="1.000000" m_b="0.000000" m_c="0.000000" m_d="1.000000" m_tx="-1.000000" m_ty="-15.000000"/>
  </frame>
  <frame idx="525" w="449" h="429" x="104.099777" y="122.196533">
   <element name="ui_hatpack_3x2" layername="ui_hatpack_3x2" frame="0" z_index="1" m_a="1.000000" m_b="0.000000" m_c="0.000000" m_d="1.000000" m_tx="-1.000000" m_ty="-15.000000"/>
  </frame>
  <frame idx="550" w="449" h="429" x="104.099777" y="122.196533">
   <element name="ui_hatpack_3x2" layername="ui_hatpack_3x2" frame="0" z_index="1" m_a="1.000000" m_b="0.000000" m_c="0.000000" m_d="1.000000" m_tx="-1.000000" m_ty="-15.000000"/>
  </frame>
  <frame idx="575" w="449" h="429" x="104.099777" y="122.196533">
   <element name="ui_hatpack_3x2" layername="ui_hatpack_3x2" frame="0" z_index="1" m_a="1.000000" m_b="0.000000" m_c="0.000000" m_d="1.000000" m_tx="-1.000000" m_ty="-15.000000"/>
  </frame>
  <frame idx="600" w="449" h="429" x="104.099777" y="122.196533">
   <element name="ui_hatpack_3x2" layername="ui_hatpack_3x2" frame="0" z_index="1" m_a="1.000000" m_b="0.000000" m_c="0.000000" m_d="1.000000" m_tx="-1.000000" m_ty="-15.000000"/>
  </frame>
  <frame idx="625" w="449" h="429" x="104.099777" y="122.196533">
   <element name="ui_hatpack_3x2" layername="ui_hatpack_3x2" frame="0" z_index="1" m_a="1.000000" m_b="0.000000" m_c="0.000000" m_d="1.000000" m_tx="-1.000000" m_ty="-15.000000"/>
  </frame>
  <frame idx="650" w="449" h="429" x="104.099777" y="122.196533">
   <element name="ui_hatpack_3x2" layername="ui_hatpack_3x2" frame="0" z_index="1" m_a="1.000000" m_b="0.000000" m_c="0.000000" m_d="1.000000" m_tx="-1.000000" m_ty="-15.000000"/>
  </frame>
  <frame idx="675" w="449" h="429" x="104.099777" y="122.196533">
   <element name="ui_hatpack_3x2" layername="ui_hatpack_3x2" frame="0" z_index="1" m_a="1.000000" m_b="0.000000" m_c="0.000000" m_d="1.000000" m_tx="-1.000000" m_ty="-15.000000"/>
  </frame>
  <frame idx="700" w="449" h="429" x="104.099777" y="122.196533">
   <element name="ui_hatpack_3x2" layername="ui_hatpack_3x2" frame="0" z_index="1" m_a="1.000000" m_b="0.000000" m_c="0.000000" m_d="1.000000" m_tx="-1.000000" m_ty="-15.000000"/>
  </frame>
  <frame idx="725" w="449" h="429" x="104.099777" y="122.196533">
   <element name="ui_hatpack_3x2" layername="ui_hatpack_3x2" frame="0" z_index="1" m_a="1.000000" m_b="0.000000" m_c="0.000000" m_d="1.000000" m_tx="-1.000000" m_ty="-15.000000"/>
  </frame>
  <frame idx="750" w="449" h="429" x="104.099777" y="122.196533">
   <element name="ui_hatpack_3x2" layername="ui_hatpack_3x2" frame="0" z_index="1" m_a="1.000000" m_b="0.000000" m_c="0.000000" m_d="1.000000" m_tx="-1.000000" m_ty="-15.000000"/>
  </frame>
  <frame idx="775" w="449" h="429" x="104.099777" y="122.196533">
   <element name="ui_hatpack_3x2" layername="ui_hatpack_3x2" frame="0" z_index="1" m_a="1.000000" m_b="0.000000" m_c="0.000000" m_d="1.000000" m_tx="-1.000000" m_ty="-15.000000"/>
  </frame>
  <frame idx="800" w="449" h="429" x="104.099777" y="122.196533">
   <element name="ui_hatpack_3x2" layername="ui_hatpack_3x2" frame="0" z_index="1" m_a="1.000000" m_b="0.000000" m_c="0.000000" m_d="1.000000" m_tx="-1.000000" m_ty="-15.000000"/>
  </frame>
  <frame idx="825" w="449" h="429" x="104.099777" y="122.196533">
   <element name="ui_hatpack_3x2" layername="ui_hatpack_3x2" frame="0" z_index="1" m_a="1.000000" m_b="0.000000" m_c="0.000000" m_d="1.000000" m_tx="-1.000000" m_ty="-15.000000"/>
  </frame>
  <frame idx="850" w="449" h="429" x="104.099777" y="122.196533">
   <element name="ui_hatpack_3x2" layername="ui_hatpack_3x2" frame="0" z_index="1" m_a="1.000000" m_b="0.000000" m_c="0.000000" m_d="1.000000" m_tx="-1.000000" m_ty="-15.000000"/>
  </frame>
  <frame idx="875" w="449" h="429" x="104.099777" y="122.196533">
   <element name="ui_hatpack_3x2" layername="ui_hatpack_3x2" frame="0" z_index="1" m_a="1.000000" m_b="0.000000" m_c="0.000000" m_d="1.000000" m_tx="-1.000000" m_ty="-15.000000"/>
  </frame>
  <frame idx="900" w="449" h="429" x="104.099777" y="122.196533">
   <element name="ui_hatpack_3x2" layername="ui_hatpack_3x2" frame="0" z_index="1" m_a="1.000000" m_b="0.000000" m_c="0.000000" m_d="1.000000" m_tx="-1.000000" m_ty="-15.000000"/>
  </frame>
  <frame idx="925" w="449" h="429" x="104.099777" y="122.196533">
   <element name="ui_hatpack_3x2" layername="ui_hatpack_3x2" frame="0" z_index="1" m_a="1.000000" m_b="0.000000" m_c="0.000000" m_d="1.000000" m_tx="-1.000000" m_ty="-15.000000"/>
  </frame>
  <frame idx="950" w="449" h="429" x="104.099777" y="122.196533">
   <element name="ui_hatpack_3x2" layername="ui_hatpack_3x2" frame="0" z_index="1" m_a="1.000000" m_b="0.000000" m_c="0.000000" m_d="1.000000" m_tx="-1.000000" m_ty="-15.000000"/>
  </frame>
  <frame idx="975" w="449" h="429" x="104.099777" y="122.196533">
   <element name="ui_hatpack_3x2" layername="ui_hatpack_3x2" frame="0" z_index="1" m_a="1.000000" m_b="0.000000" m_c="0.000000" m_d="1.000000" m_tx="-1.000000" m_ty="-15.000000"/>
  </frame>
 </anim>
</Anims>
