<Anims>
 <anim name="explode" root="frexplosion" numframes="300" framerate="40">
  <frame idx="0" w="656" h="906" x="24.475525" y="-316.399323">
   <element name="dfs13" layername="df" frame="0" z_index="15" m_a="1.949980" m_b="0.000000" m_c="0.000000" m_d="1.949980" m_tx="-152.348999" m_ty="-428.949005"/>
   <element name="dfs12" layername="df" frame="0" z_index="16" m_a="1.949980" m_b="0.000000" m_c="0.000000" m_d="1.949980" m_tx="-163.748993" m_ty="-302.248993"/>
   <element name="dfs11" layername="df" frame="0" z_index="17" m_a="1.949980" m_b="0.000000" m_c="0.000000" m_d="1.949980" m_tx="-59.148998" m_ty="-448.148987"/>
   <element name="dfs10" layername="dfs" frame="0" z_index="18" m_a="1.949980" m_b="0.000000" m_c="0.000000" m_d="1.949980" m_tx="134.899994" m_ty="-378.299011"/>
   <element name="dfs9" layername="dfs9" frame="0" z_index="19" m_a="1.949980" m_b="0.000000" m_c="0.000000" m_d="1.949980" m_tx="-17.749001" m_ty="-383.799011"/>
   <element name="dfs8" layername="dfs8" frame="0" z_index="20" m_a="1.949980" m_b="0.000000" m_c="0.000000" m_d="1.949980" m_tx="240.550003" m_ty="-166.048996"/>
   <element name="dfs7" layername="dfs7" frame="0" z_index="21" m_a="1.949980" m_b="0.000000" m_c="0.000000" m_d="1.949980" m_tx="-226.399002" m_ty="-210.598999"/>
   <element name="dfs6" layername="dfs6" frame="0" z_index="22" m_a="1.949980" m_b="0.000000" m_c="0.000000" m_d="1.949980" m_tx="97.849998" m_ty="-556.749023"/>
   <element name="dfs5" layername="dfs5" frame="0" z_index="23" m_a="1.949980" m_b="0.000000" m_c="0.000000" m_d="1.949980" m_tx="152.449997" m_ty="-464.098999"/>
   <element name="dfs4" layername="dfs4" frame="0" z_index="24" m_a="1.949980" m_b="0.000000" m_c="0.000000" m_d="1.949980" m_tx="268.250000" m_ty="-282.848999"/>
   <element name="dfs3" layername="dfs3" frame="0" z_index="25" m_a="1.949980" m_b="0.000000" m_c="0.000000" m_d="1.949980" m_tx="129.199997" m_ty="-204.098999"/>
   <element name="dfs2" layername="dfs2" frame="0" z_index="26" m_a="1.949980" m_b="0.000000" m_c="0.000000" m_d="1.949980" m_tx="-230.598999" m_ty="-155.998993"/>
   <element name="dfs1" layername="df" frame="0" z_index="27" m_a="1.949980" m_b="0.000000" m_c="0.000000" m_d="1.949980" m_tx="-110.649002" m_ty="-501.148987"/>
   <element name="dfs0" layername="df" frame="0" z_index="28" m_a="1.949980" m_b="0.000000" m_c="0.000000" m_d="1.949980" m_tx="-265.699005" m_ty="-310.949005"/>
  </frame>
  <frame idx="25" w="794" h="1032" x="13.348114" y="-376.518494">
   <element name="dfs13" layername="df" frame="0" z_index="15" m_a="1.804201" m_b="0.000000" m_c="0.000000" m_d="1.804201" m_tx="-205.363708" m_ty="-511.301941"/>
   <element name="dfs12" layername="df" frame="0" z_index="16" m_a="1.804201" m_b="0.000000" m_c="0.000000" m_d="1.804201" m_tx="-239.079880" m_ty="-349.712250"/>
   <element name="dfs11" layername="df" frame="0" z_index="17" m_a="1.804201" m_b="0.000000" m_c="0.000000" m_d="1.804201" m_tx="-65.803406" m_ty="-571.421082"/>
   <element name="dfs10" layername="dfs" frame="0" z_index="18" m_a="1.804201" m_b="0.000000" m_c="0.000000" m_d="1.804201" m_tx="203.098511" m_ty="-437.637238"/>
   <element name="dfs9" layername="dfs9" frame="0" z_index="19" m_a="1.804201" m_b="0.000000" m_c="0.000000" m_d="1.804201" m_tx="-18.778412" m_ty="-494.938690"/>
   <element name="dfs8" layername="dfs8" frame="0" z_index="20" m_a="1.804201" m_b="0.000000" m_c="0.000000" m_d="1.804201" m_tx="284.299988" m_ty="-159.651947"/>
   <element name="dfs7" layername="dfs7" frame="0" z_index="21" m_a="1.804201" m_b="0.000000" m_c="0.000000" m_d="1.804201" m_tx="-283.457825" m_ty="-222.363708"/>
   <element name="dfs6" layername="dfs6" frame="0" z_index="22" m_a="1.804201" m_b="0.000000" m_c="0.000000" m_d="1.804201" m_tx="146.342651" m_ty="-644.065186"/>
   <element name="dfs5" layername="dfs5" frame="0" z_index="23" m_a="1.804201" m_b="0.000000" m_c="0.000000" m_d="1.804201" m_tx="206.273529" m_ty="-526.709290"/>
   <element name="dfs4" layername="dfs4" frame="0" z_index="24" m_a="1.804201" m_b="0.000000" m_c="0.000000" m_d="1.804201" m_tx="321.448547" m_ty="-306.672516"/>
   <element name="dfs3" layername="dfs3" frame="0" z_index="25" m_a="1.804201" m_b="0.000000" m_c="0.000000" m_d="1.804201" m_tx="181.038239" m_ty="-242.481354"/>
   <element name="dfs2" layername="dfs2" frame="0" z_index="26" m_a="1.804201" m_b="0.000000" m_c="0.000000" m_d="1.804201" m_tx="-287.584290" m_ty="-148.498993"/>
   <element name="dfs1" layername="df" frame="0" z_index="27" m_a="1.804201" m_b="0.000000" m_c="0.000000" m_d="1.804201" m_tx="-119.288712" m_ty="-614.016602"/>
   <element name="dfs0" layername="df" frame="0" z_index="28" m_a="1.804201" m_b="0.000000" m_c="0.000000" m_d="1.804201" m_tx="-334.154907" m_ty="-359.882813"/>
  </frame>
  <frame idx="50" w="924" h="1169" x="2.870117" y="-416.580902">
   <element name="dfs13" layername="df" frame="0" z_index="15" m_a="1.666896" m_b="0.000000" m_c="0.000000" m_d="1.666910" m_tx="-255.333847" m_ty="-588.827759"/>
   <element name="dfs12" layername="df" frame="0" z_index="16" m_a="1.666896" m_b="0.000000" m_c="0.000000" m_d="1.666910" m_tx="-310.053528" m_ty="-394.411133"/>
   <element name="dfs11" layername="df" frame="0" z_index="17" m_a="1.666896" m_b="0.000000" m_c="0.000000" m_d="1.666910" m_tx="-72.053543" m_ty="-687.532349"/>
   <element name="dfs10" layername="dfs" frame="0" z_index="18" m_a="1.666896" m_b="0.000000" m_c="0.000000" m_d="1.666910" m_tx="267.334839" m_ty="-493.520203"/>
   <element name="dfs9" layername="dfs9" frame="0" z_index="19" m_a="1.666896" m_b="0.000000" m_c="0.000000" m_d="1.666910" m_tx="-19.755060" m_ty="-599.627808"/>
   <element name="dfs8" layername="dfs8" frame="0" z_index="20" m_a="1.666896" m_b="0.000000" m_c="0.000000" m_d="1.666910" m_tx="325.456055" m_ty="-153.664154"/>
   <element name="dfs7" layername="dfs7" frame="0" z_index="21" m_a="1.666896" m_b="0.000000" m_c="0.000000" m_d="1.666910" m_tx="-337.162628" m_ty="-233.459595"/>
   <element name="dfs6" layername="dfs6" frame="0" z_index="22" m_a="1.666896" m_b="0.000000" m_c="0.000000" m_d="1.666910" m_tx="192.042435" m_ty="-726.286926"/>
   <element name="dfs5" layername="dfs5" frame="0" z_index="23" m_a="1.666896" m_b="0.000000" m_c="0.000000" m_d="1.666910" m_tx="256.971222" m_ty="-585.685364"/>
   <element name="dfs4" layername="dfs4" frame="0" z_index="24" m_a="1.666896" m_b="0.000000" m_c="0.000000" m_d="1.666910" m_tx="371.509094" m_ty="-329.115662"/>
   <element name="dfs3" layername="dfs3" frame="0" z_index="25" m_a="1.666896" m_b="0.000000" m_c="0.000000" m_d="1.666910" m_tx="229.881821" m_ty="-278.602051"/>
   <element name="dfs2" layername="dfs2" frame="0" z_index="26" m_a="1.666896" m_b="0.000000" m_c="0.000000" m_d="1.666910" m_tx="-341.238403" m_ty="-141.459610"/>
   <element name="dfs1" layername="df" frame="0" z_index="27" m_a="1.666896" m_b="0.000000" m_c="0.000000" m_d="1.666910" m_tx="-127.417183" m_ty="-720.345947"/>
   <element name="dfs0" layername="df" frame="0" z_index="28" m_a="1.666896" m_b="0.000000" m_c="0.000000" m_d="1.666910" m_tx="-398.580811" m_ty="-405.959595"/>
  </frame>
  <frame idx="75" w="1044" h="1325" x="-6.815826" y="-462.562622">
   <element name="dfs13" layername="df" frame="0" z_index="15" m_a="1.540018" m_b="0.000000" m_c="0.000000" m_d="1.540041" m_tx="-301.530823" m_ty="-660.450500"/>
   <element name="dfs12" layername="df" frame="0" z_index="16" m_a="1.540018" m_b="0.000000" m_c="0.000000" m_d="1.540041" m_tx="-375.667175" m_ty="-435.724762"/>
   <element name="dfs11" layername="df" frame="0" z_index="17" m_a="1.540018" m_b="0.000000" m_c="0.000000" m_d="1.540041" m_tx="-77.821732" m_ty="-794.815674"/>
   <element name="dfs10" layername="dfs" frame="0" z_index="18" m_a="1.540018" m_b="0.000000" m_c="0.000000" m_d="1.540041" m_tx="326.687866" m_ty="-545.144409"/>
   <element name="dfs9" layername="dfs9" frame="0" z_index="19" m_a="1.540018" m_b="0.000000" m_c="0.000000" m_d="1.540041" m_tx="-20.665667" m_ty="-696.361145"/>
   <element name="dfs8" layername="dfs8" frame="0" z_index="20" m_a="1.540018" m_b="0.000000" m_c="0.000000" m_d="1.540041" m_tx="363.468201" m_ty="-148.149002"/>
   <element name="dfs7" layername="dfs7" frame="0" z_index="21" m_a="1.540018" m_b="0.000000" m_c="0.000000" m_d="1.540041" m_tx="-386.774750" m_ty="-243.718689"/>
   <element name="dfs6" layername="dfs6" frame="0" z_index="22" m_a="1.540018" m_b="0.000000" m_c="0.000000" m_d="1.540041" m_tx="234.280304" m_ty="-802.261169"/>
   <element name="dfs5" layername="dfs5" frame="0" z_index="23" m_a="1.540018" m_b="0.000000" m_c="0.000000" m_d="1.540041" m_tx="303.825745" m_ty="-640.192932"/>
   <element name="dfs4" layername="dfs4" frame="0" z_index="24" m_a="1.540018" m_b="0.000000" m_c="0.000000" m_d="1.540041" m_tx="417.756073" m_ty="-349.873230"/>
   <element name="dfs3" layername="dfs3" frame="0" z_index="25" m_a="1.540018" m_b="0.000000" m_c="0.000000" m_d="1.540041" m_tx="275.028809" m_ty="-311.959625"/>
   <element name="dfs2" layername="dfs2" frame="0" z_index="26" m_a="1.540018" m_b="0.000000" m_c="0.000000" m_d="1.540041" m_tx="-390.824768" m_ty="-134.958084"/>
   <element name="dfs1" layername="df" frame="0" z_index="27" m_a="1.540018" m_b="0.000000" m_c="0.000000" m_d="1.540041" m_tx="-134.930817" m_ty="-818.609619"/>
   <element name="dfs0" layername="df" frame="0" z_index="28" m_a="1.540018" m_b="0.000000" m_c="0.000000" m_d="1.540041" m_tx="-458.109619" m_ty="-448.526276"/>
  </frame>
  <frame idx="100" w="1153" h="1473" x="-15.594910" y="-506.145477">
   <element name="dfs13" layername="df" frame="0" z_index="15" m_a="1.425170" m_b="0.000000" m_c="0.000000" m_d="1.425170" m_tx="-343.348999" m_ty="-725.299011"/>
   <element name="dfs12" layername="df" frame="0" z_index="16" m_a="1.425170" m_b="0.000000" m_c="0.000000" m_d="1.425170" m_tx="-435.098999" m_ty="-473.148987"/>
   <element name="dfs11" layername="df" frame="0" z_index="17" m_a="1.425170" m_b="0.000000" m_c="0.000000" m_d="1.425170" m_tx="-83.049004" m_ty="-891.898987"/>
   <element name="dfs10" layername="dfs" frame="0" z_index="18" m_a="1.425170" m_b="0.000000" m_c="0.000000" m_d="1.425170" m_tx="380.399994" m_ty="-591.848999"/>
   <element name="dfs9" layername="dfs9" frame="0" z_index="19" m_a="1.425170" m_b="0.000000" m_c="0.000000" m_d="1.425170" m_tx="-21.499001" m_ty="-783.898987"/>
   <element name="dfs8" layername="dfs8" frame="0" z_index="20" m_a="1.425170" m_b="0.000000" m_c="0.000000" m_d="1.425170" m_tx="397.899994" m_ty="-143.149002"/>
   <element name="dfs7" layername="dfs7" frame="0" z_index="21" m_a="1.425170" m_b="0.000000" m_c="0.000000" m_d="1.425170" m_tx="-431.699005" m_ty="-252.998993"/>
   <element name="dfs6" layername="dfs6" frame="0" z_index="22" m_a="1.425170" m_b="0.000000" m_c="0.000000" m_d="1.425170" m_tx="272.500000" m_ty="-871.049011"/>
   <element name="dfs5" layername="dfs5" frame="0" z_index="23" m_a="1.425170" m_b="0.000000" m_c="0.000000" m_d="1.425170" m_tx="346.250000" m_ty="-689.549011"/>
   <element name="dfs4" layername="dfs4" frame="0" z_index="24" m_a="1.425170" m_b="0.000000" m_c="0.000000" m_d="1.425170" m_tx="459.649994" m_ty="-368.699005"/>
   <element name="dfs3" layername="dfs3" frame="0" z_index="25" m_a="1.425170" m_b="0.000000" m_c="0.000000" m_d="1.425170" m_tx="315.899994" m_ty="-342.148987"/>
   <element name="dfs2" layername="dfs2" frame="0" z_index="26" m_a="1.425170" m_b="0.000000" m_c="0.000000" m_d="1.425170" m_tx="-435.748993" m_ty="-129.048996"/>
   <element name="dfs1" layername="df" frame="0" z_index="27" m_a="1.425170" m_b="0.000000" m_c="0.000000" m_d="1.425170" m_tx="-141.748993" m_ty="-907.549011"/>
   <element name="dfs0" layername="df" frame="0" z_index="28" m_a="1.425170" m_b="0.000000" m_c="0.000000" m_d="1.425170" m_tx="-512.049011" m_ty="-487.049011"/>
  </frame>
  <frame idx="125" w="1243" h="1594" x="-22.786133" y="-541.979797">
   <element name="dfs13" layername="df" frame="0" z_index="15" m_a="1.330810" m_b="0.000000" m_c="0.000000" m_d="1.330839" m_tx="-377.650452" m_ty="-778.607849"/>
   <element name="dfs12" layername="df" frame="0" z_index="16" m_a="1.330810" m_b="0.000000" m_c="0.000000" m_d="1.330839" m_tx="-483.848999" m_ty="-503.847504"/>
   <element name="dfs11" layername="df" frame="0" z_index="17" m_a="1.330810" m_b="0.000000" m_c="0.000000" m_d="1.330839" m_tx="-87.350471" m_ty="-971.679138"/>
   <element name="dfs10" layername="dfs" frame="0" z_index="18" m_a="1.330810" m_b="0.000000" m_c="0.000000" m_d="1.330839" m_tx="424.480896" m_ty="-630.231384"/>
   <element name="dfs9" layername="dfs9" frame="0" z_index="19" m_a="1.330810" m_b="0.000000" m_c="0.000000" m_d="1.330839" m_tx="-22.160765" m_ty="-855.884277"/>
   <element name="dfs8" layername="dfs8" frame="0" z_index="20" m_a="1.330810" m_b="0.000000" m_c="0.000000" m_d="1.330839" m_tx="426.245605" m_ty="-139.068115"/>
   <element name="dfs7" layername="dfs7" frame="0" z_index="21" m_a="1.330810" m_b="0.000000" m_c="0.000000" m_d="1.330839" m_tx="-468.610748" m_ty="-260.646057"/>
   <element name="dfs6" layername="dfs6" frame="0" z_index="22" m_a="1.330810" m_b="0.000000" m_c="0.000000" m_d="1.330839" m_tx="303.970581" m_ty="-927.593079"/>
   <element name="dfs5" layername="dfs5" frame="0" z_index="23" m_a="1.330810" m_b="0.000000" m_c="0.000000" m_d="1.330839" m_tx="381.102936" m_ty="-730.026917"/>
   <element name="dfs4" layername="dfs4" frame="0" z_index="24" m_a="1.330810" m_b="0.000000" m_c="0.000000" m_d="1.330839" m_tx="494.061768" m_ty="-384.029907"/>
   <element name="dfs3" layername="dfs3" frame="0" z_index="25" m_a="1.330810" m_b="0.000000" m_c="0.000000" m_d="1.330839" m_tx="349.466156" m_ty="-366.965149"/>
   <element name="dfs2" layername="dfs2" frame="0" z_index="26" m_a="1.330810" m_b="0.000000" m_c="0.000000" m_d="1.330839" m_tx="-472.587219" m_ty="-124.269592"/>
   <element name="dfs1" layername="df" frame="0" z_index="27" m_a="1.330810" m_b="0.000000" m_c="0.000000" m_d="1.330839" m_tx="-147.373993" m_ty="-980.601196"/>
   <element name="dfs0" layername="df" frame="0" z_index="28" m_a="1.330810" m_b="0.000000" m_c="0.000000" m_d="1.330839" m_tx="-556.313721" m_ty="-518.703430"/>
  </frame>
  <frame idx="150" w="1324" h="1703" x="-29.250977" y="-574.184326">
   <element name="dfs13" layername="df" frame="0" z_index="15" m_a="1.245941" m_b="0.000000" m_c="0.000000" m_d="1.245976" m_tx="-408.520203" m_ty="-826.550537"/>
   <element name="dfs12" layername="df" frame="0" z_index="16" m_a="1.245941" m_b="0.000000" m_c="0.000000" m_d="1.245976" m_tx="-527.726257" m_ty="-531.480835"/>
   <element name="dfs11" layername="df" frame="0" z_index="17" m_a="1.245941" m_b="0.000000" m_c="0.000000" m_d="1.245976" m_tx="-91.226273" m_ty="-1043.430298"/>
   <element name="dfs10" layername="dfs" frame="0" z_index="18" m_a="1.245941" m_b="0.000000" m_c="0.000000" m_d="1.245976" m_tx="464.156067" m_ty="-664.776306"/>
   <element name="dfs9" layername="dfs9" frame="0" z_index="19" m_a="1.245941" m_b="0.000000" m_c="0.000000" m_d="1.245976" m_tx="-22.762636" m_ty="-920.586914"/>
   <element name="dfs8" layername="dfs8" frame="0" z_index="20" m_a="1.245941" m_b="0.000000" m_c="0.000000" m_d="1.245976" m_tx="451.698486" m_ty="-135.368698"/>
   <element name="dfs7" layername="dfs7" frame="0" z_index="21" m_a="1.245941" m_b="0.000000" m_c="0.000000" m_d="1.245976" m_tx="-501.802002" m_ty="-267.544464"/>
   <element name="dfs6" layername="dfs6" frame="0" z_index="22" m_a="1.245941" m_b="0.000000" m_c="0.000000" m_d="1.245976" m_tx="332.221222" m_ty="-978.422180"/>
   <element name="dfs5" layername="dfs5" frame="0" z_index="23" m_a="1.245941" m_b="0.000000" m_c="0.000000" m_d="1.245976" m_tx="412.462128" m_ty="-766.465637"/>
   <element name="dfs4" layername="dfs4" frame="0" z_index="24" m_a="1.245941" m_b="0.000000" m_c="0.000000" m_d="1.245976" m_tx="525.019714" m_ty="-397.912659"/>
   <element name="dfs3" layername="dfs3" frame="0" z_index="25" m_a="1.245941" m_b="0.000000" m_c="0.000000" m_d="1.245976" m_tx="379.634857" m_ty="-389.305054"/>
   <element name="dfs2" layername="dfs2" frame="0" z_index="26" m_a="1.245941" m_b="0.000000" m_c="0.000000" m_d="1.245976" m_tx="-505.727783" m_ty="-119.930824"/>
   <element name="dfs1" layername="df" frame="0" z_index="27" m_a="1.245941" m_b="0.000000" m_c="0.000000" m_d="1.245976" m_tx="-152.429306" m_ty="-1046.293945"/>
   <element name="dfs0" layername="df" frame="0" z_index="28" m_a="1.245941" m_b="0.000000" m_c="0.000000" m_d="1.245976" m_tx="-596.127808" m_ty="-547.189880"/>
  </frame>
  <frame idx="175" w="1394" h="1798" x="-34.886597" y="-602.208801">
   <element name="dfs13" layername="df" frame="0" z_index="15" m_a="1.172078" m_b="0.000000" m_c="0.000000" m_d="1.172101" m_tx="-435.411133" m_ty="-868.274780"/>
   <element name="dfs12" layername="df" frame="0" z_index="16" m_a="1.172078" m_b="0.000000" m_c="0.000000" m_d="1.172101" m_tx="-565.941406" m_ty="-555.547485"/>
   <element name="dfs11" layername="df" frame="0" z_index="17" m_a="1.172078" m_b="0.000000" m_c="0.000000" m_d="1.172101" m_tx="-94.595970" m_ty="-1105.865112"/>
   <element name="dfs10" layername="dfs" frame="0" z_index="18" m_a="1.172078" m_b="0.000000" m_c="0.000000" m_d="1.172101" m_tx="498.710632" m_ty="-694.835388"/>
   <element name="dfs9" layername="dfs9" frame="0" z_index="19" m_a="1.172078" m_b="0.000000" m_c="0.000000" m_d="1.172101" m_tx="-23.294455" m_ty="-976.890198"/>
   <element name="dfs8" layername="dfs8" frame="0" z_index="20" m_a="1.172078" m_b="0.000000" m_c="0.000000" m_d="1.172101" m_tx="473.827271" m_ty="-132.126266"/>
   <element name="dfs7" layername="dfs7" frame="0" z_index="21" m_a="1.172078" m_b="0.000000" m_c="0.000000" m_d="1.172101" m_tx="-530.694458" m_ty="-273.536896"/>
   <element name="dfs6" layername="dfs6" frame="0" z_index="22" m_a="1.172078" m_b="0.000000" m_c="0.000000" m_d="1.172101" m_tx="356.781830" m_ty="-1022.654541"/>
   <element name="dfs5" layername="dfs5" frame="0" z_index="23" m_a="1.172078" m_b="0.000000" m_c="0.000000" m_d="1.172101" m_tx="439.759094" m_ty="-798.195984"/>
   <element name="dfs4" layername="dfs4" frame="0" z_index="24" m_a="1.172078" m_b="0.000000" m_c="0.000000" m_d="1.172101" m_tx="551.974243" m_ty="-410.035370"/>
   <element name="dfs3" layername="dfs3" frame="0" z_index="25" m_a="1.172078" m_b="0.000000" m_c="0.000000" m_d="1.172101" m_tx="405.880310" m_ty="-408.748993"/>
   <element name="dfs2" layername="dfs2" frame="0" z_index="26" m_a="1.172078" m_b="0.000000" m_c="0.000000" m_d="1.172101" m_tx="-534.594482" m_ty="-116.130821"/>
   <element name="dfs1" layername="df" frame="0" z_index="27" m_a="1.172078" m_b="0.000000" m_c="0.000000" m_d="1.172101" m_tx="-156.812637" m_ty="-1103.483398"/>
   <element name="dfs0" layername="df" frame="0" z_index="28" m_a="1.172078" m_b="0.000000" m_c="0.000000" m_d="1.172101" m_tx="-630.808105" m_ty="-571.991455"/>
  </frame>
  <frame idx="200" w="1452" h="1881" x="-39.627747" y="-626.739258">
   <element name="dfs13" layername="df" frame="0" z_index="15" m_a="1.110260" m_b="0.000000" m_c="0.000000" m_d="1.110260" m_tx="-457.949005" m_ty="-903.198975"/>
   <element name="dfs12" layername="df" frame="0" z_index="16" m_a="1.110260" m_b="0.000000" m_c="0.000000" m_d="1.110260" m_tx="-597.948975" m_ty="-575.698975"/>
   <element name="dfs11" layername="df" frame="0" z_index="17" m_a="1.110260" m_b="0.000000" m_c="0.000000" m_d="1.110260" m_tx="-97.399002" m_ty="-1158.099976"/>
   <element name="dfs10" layername="dfs" frame="0" z_index="18" m_a="1.110260" m_b="0.000000" m_c="0.000000" m_d="1.110260" m_tx="527.650024" m_ty="-719.948975"/>
   <element name="dfs9" layername="dfs9" frame="0" z_index="19" m_a="1.110260" m_b="0.000000" m_c="0.000000" m_d="1.110260" m_tx="-23.749001" m_ty="-1024.050049"/>
   <element name="dfs8" layername="dfs8" frame="0" z_index="20" m_a="1.110260" m_b="0.000000" m_c="0.000000" m_d="1.110260" m_tx="492.350006" m_ty="-129.399002"/>
   <element name="dfs7" layername="dfs7" frame="0" z_index="21" m_a="1.110260" m_b="0.000000" m_c="0.000000" m_d="1.110260" m_tx="-554.898987" m_ty="-278.498993"/>
   <element name="dfs6" layername="dfs6" frame="0" z_index="22" m_a="1.110260" m_b="0.000000" m_c="0.000000" m_d="1.110260" m_tx="377.350006" m_ty="-1059.699951"/>
   <element name="dfs5" layername="dfs5" frame="0" z_index="23" m_a="1.110260" m_b="0.000000" m_c="0.000000" m_d="1.110260" m_tx="462.600006" m_ty="-824.749023"/>
   <element name="dfs4" layername="dfs4" frame="0" z_index="24" m_a="1.110260" m_b="0.000000" m_c="0.000000" m_d="1.110260" m_tx="574.549988" m_ty="-420.148987"/>
   <element name="dfs3" layername="dfs3" frame="0" z_index="25" m_a="1.110260" m_b="0.000000" m_c="0.000000" m_d="1.110260" m_tx="427.850006" m_ty="-424.998993"/>
   <element name="dfs2" layername="dfs2" frame="0" z_index="26" m_a="1.110260" m_b="0.000000" m_c="0.000000" m_d="1.110260" m_tx="-558.799011" m_ty="-112.948997"/>
   <element name="dfs1" layername="df" frame="0" z_index="27" m_a="1.110260" m_b="0.000000" m_c="0.000000" m_d="1.110260" m_tx="-160.449005" m_ty="-1151.400024"/>
   <element name="dfs0" layername="df" frame="0" z_index="28" m_a="1.110260" m_b="0.000000" m_c="0.000000" m_d="1.110260" m_tx="-659.898987" m_ty="-592.749023"/>
  </frame>
  <frame idx="225" w="1493" h="1942" x="-42.899597" y="-644.569580">
   <element name="dfs13" layername="df" frame="0" z_index="15" m_a="1.067378" m_b="0.000000" m_c="0.000000" m_d="1.067400" m_tx="-473.537231" m_ty="-927.390198"/>
   <element name="dfs12" layername="df" frame="0" z_index="16" m_a="1.067378" m_b="0.000000" m_c="0.000000" m_d="1.067400" m_tx="-620.081360" m_ty="-589.632813"/>
   <element name="dfs11" layername="df" frame="0" z_index="17" m_a="1.067378" m_b="0.000000" m_c="0.000000" m_d="1.067400" m_tx="-99.310768" m_ty="-1194.386719"/>
   <element name="dfs10" layername="dfs" frame="0" z_index="18" m_a="1.067378" m_b="0.000000" m_c="0.000000" m_d="1.067400" m_tx="547.686768" m_ty="-737.449036"/>
   <element name="dfs9" layername="dfs9" frame="0" z_index="19" m_a="1.067378" m_b="0.000000" m_c="0.000000" m_d="1.067400" m_tx="-24.079882" m_ty="-1056.770630"/>
   <element name="dfs8" layername="dfs8" frame="0" z_index="20" m_a="1.067378" m_b="0.000000" m_c="0.000000" m_d="1.067400" m_tx="505.180878" m_ty="-127.560768"/>
   <element name="dfs7" layername="dfs7" frame="0" z_index="21" m_a="1.067378" m_b="0.000000" m_c="0.000000" m_d="1.067400" m_tx="-571.663696" m_ty="-281.954895"/>
   <element name="dfs6" layername="dfs6" frame="0" z_index="22" m_a="1.067378" m_b="0.000000" m_c="0.000000" m_d="1.067400" m_tx="391.651459" m_ty="-1085.398560"/>
   <element name="dfs5" layername="dfs5" frame="0" z_index="23" m_a="1.067378" m_b="0.000000" m_c="0.000000" m_d="1.067400" m_tx="478.408844" m_ty="-843.168152"/>
   <element name="dfs4" layername="dfs4" frame="0" z_index="24" m_a="1.067378" m_b="0.000000" m_c="0.000000" m_d="1.067400" m_tx="590.174988" m_ty="-427.134277"/>
   <element name="dfs3" layername="dfs3" frame="0" z_index="25" m_a="1.067378" m_b="0.000000" m_c="0.000000" m_d="1.067400" m_tx="443.107361" m_ty="-436.248993"/>
   <element name="dfs2" layername="dfs2" frame="0" z_index="26" m_a="1.067378" m_b="0.000000" m_c="0.000000" m_d="1.067400" m_tx="-575.526978" m_ty="-110.779884"/>
   <element name="dfs1" layername="df" frame="0" z_index="27" m_a="1.067378" m_b="0.000000" m_c="0.000000" m_d="1.067400" m_tx="-163.022537" m_ty="-1184.598633"/>
   <element name="dfs0" layername="df" frame="0" z_index="28" m_a="1.067378" m_b="0.000000" m_c="0.000000" m_d="1.067400" m_tx="-680.009277" m_ty="-607.124023"/>
  </frame>
  <frame idx="250" w="1524" h="1987" x="-45.369812" y="-658.033630">
   <element name="dfs13" layername="df" frame="0" z_index="15" m_a="1.034961" m_b="0.000000" m_c="0.000000" m_d="1.034986" m_tx="-485.330811" m_ty="-945.650513"/>
   <element name="dfs12" layername="df" frame="0" z_index="16" m_a="1.034961" m_b="0.000000" m_c="0.000000" m_d="1.034986" m_tx="-636.824768" m_ty="-600.176270"/>
   <element name="dfs11" layername="df" frame="0" z_index="17" m_a="1.034961" m_b="0.000000" m_c="0.000000" m_d="1.034986" m_tx="-100.799004" m_ty="-1221.801514"/>
   <element name="dfs10" layername="dfs" frame="0" z_index="18" m_a="1.034961" m_b="0.000000" m_c="0.000000" m_d="1.034986" m_tx="562.875732" m_ty="-750.633850"/>
   <element name="dfs9" layername="dfs9" frame="0" z_index="19" m_a="1.034961" m_b="0.000000" m_c="0.000000" m_d="1.034986" m_tx="-24.295969" m_ty="-1081.447021"/>
   <element name="dfs8" layername="dfs8" frame="0" z_index="20" m_a="1.034961" m_b="0.000000" m_c="0.000000" m_d="1.034986" m_tx="514.890869" m_ty="-126.147484"/>
   <element name="dfs7" layername="dfs7" frame="0" z_index="21" m_a="1.034961" m_b="0.000000" m_c="0.000000" m_d="1.034986" m_tx="-584.341431" m_ty="-284.605072"/>
   <element name="dfs6" layername="dfs6" frame="0" z_index="22" m_a="1.034961" m_b="0.000000" m_c="0.000000" m_d="1.034986" m_tx="402.448486" m_ty="-1104.783325"/>
   <element name="dfs5" layername="dfs5" frame="0" z_index="23" m_a="1.034961" m_b="0.000000" m_c="0.000000" m_d="1.034986" m_tx="490.378784" m_ty="-857.095947"/>
   <element name="dfs4" layername="dfs4" frame="0" z_index="24" m_a="1.034961" m_b="0.000000" m_c="0.000000" m_d="1.034986" m_tx="601.981812" m_ty="-432.412628"/>
   <element name="dfs3" layername="dfs3" frame="0" z_index="25" m_a="1.034961" m_b="0.000000" m_c="0.000000" m_d="1.034986" m_tx="454.660614" m_ty="-444.783875"/>
   <element name="dfs2" layername="dfs2" frame="0" z_index="26" m_a="1.034961" m_b="0.000000" m_c="0.000000" m_d="1.034986" m_tx="-588.191467" m_ty="-109.126274"/>
   <element name="dfs1" layername="df" frame="0" z_index="27" m_a="1.034961" m_b="0.000000" m_c="0.000000" m_d="1.034986" m_tx="-164.942932" m_ty="-1209.665161"/>
   <element name="dfs0" layername="df" frame="0" z_index="28" m_a="1.034961" m_b="0.000000" m_c="0.000000" m_d="1.034986" m_tx="-695.200500" m_ty="-617.995972"/>
  </frame>
  <frame idx="275" w="1544" h="2017" x="-46.956299" y="-666.703308">
   <element name="dfs13" layername="df" frame="0" z_index="15" m_a="1.014091" m_b="0.000000" m_c="0.000000" m_d="1.014113" m_tx="-492.929291" m_ty="-957.398987"/>
   <element name="dfs12" layername="df" frame="0" z_index="16" m_a="1.014091" m_b="0.000000" m_c="0.000000" m_d="1.014113" m_tx="-647.615662" m_ty="-606.982361"/>
   <element name="dfs11" layername="df" frame="0" z_index="17" m_a="1.014091" m_b="0.000000" m_c="0.000000" m_d="1.014113" m_tx="-101.782333" m_ty="-1239.450073"/>
   <element name="dfs10" layername="dfs" frame="0" z_index="18" m_a="1.014091" m_b="0.000000" m_c="0.000000" m_d="1.014113" m_tx="572.671204" m_ty="-759.112610"/>
   <element name="dfs9" layername="dfs9" frame="0" z_index="19" m_a="1.014091" m_b="0.000000" m_c="0.000000" m_d="1.014113" m_tx="-24.423243" m_ty="-1097.319702"/>
   <element name="dfs8" layername="dfs8" frame="0" z_index="20" m_a="1.014091" m_b="0.000000" m_c="0.000000" m_d="1.014113" m_tx="521.148499" m_ty="-125.264153"/>
   <element name="dfs7" layername="dfs7" frame="0" z_index="21" m_a="1.014091" m_b="0.000000" m_c="0.000000" m_d="1.014113" m_tx="-592.502014" m_ty="-286.329315"/>
   <element name="dfs6" layername="dfs6" frame="0" z_index="22" m_a="1.014091" m_b="0.000000" m_c="0.000000" m_d="1.014113" m_tx="409.395477" m_ty="-1117.283325"/>
   <element name="dfs5" layername="dfs5" frame="0" z_index="23" m_a="1.014091" m_b="0.000000" m_c="0.000000" m_d="1.014113" m_tx="498.092407" m_ty="-866.049011"/>
   <element name="dfs4" layername="dfs4" frame="0" z_index="24" m_a="1.014091" m_b="0.000000" m_c="0.000000" m_d="1.014113" m_tx="609.580261" m_ty="-435.870209"/>
   <element name="dfs3" layername="dfs3" frame="0" z_index="25" m_a="1.014091" m_b="0.000000" m_c="0.000000" m_d="1.014113" m_tx="462.093933" m_ty="-450.239929"/>
   <element name="dfs2" layername="dfs2" frame="0" z_index="26" m_a="1.014091" m_b="0.000000" m_c="0.000000" m_d="1.014113" m_tx="-596.352051" m_ty="-108.065666"/>
   <element name="dfs1" layername="df" frame="0" z_index="27" m_a="1.014091" m_b="0.000000" m_c="0.000000" m_d="1.014113" m_tx="-166.168686" m_ty="-1225.806030"/>
   <element name="dfs0" layername="df" frame="0" z_index="28" m_a="1.014091" m_b="0.000000" m_c="0.000000" m_d="1.014113" m_tx="-704.970215" m_ty="-624.994446"/>
  </frame>
 </anim>
 <anim name="implode" root="frexplosion" numframes="300" framerate="40">
  <frame idx="0" w="1551" h="2029" x="-47.623047" y="-670.403931">
   <element name="dfs13" layername="df" frame="0" z_index="15" m_a="1.005250" m_b="0.000000" m_c="0.000000" m_d="1.005280" m_tx="-496.148987" m_ty="-962.398987"/>
   <element name="dfs12" layername="df" frame="0" z_index="16" m_a="1.005250" m_b="0.000000" m_c="0.000000" m_d="1.005280" m_tx="-652.198975" m_ty="-609.898987"/>
   <element name="dfs11" layername="df" frame="0" z_index="17" m_a="1.005250" m_b="0.000000" m_c="0.000000" m_d="1.005280" m_tx="-102.198997" m_ty="-1246.949951"/>
   <element name="dfs10" layername="dfs" frame="0" z_index="18" m_a="1.005250" m_b="0.000000" m_c="0.000000" m_d="1.005280" m_tx="576.799988" m_ty="-762.749023"/>
   <element name="dfs9" layername="dfs9" frame="0" z_index="19" m_a="1.005250" m_b="0.000000" m_c="0.000000" m_d="1.005280" m_tx="-24.499001" m_ty="-1104.099976"/>
   <element name="dfs8" layername="dfs8" frame="0" z_index="20" m_a="1.005250" m_b="0.000000" m_c="0.000000" m_d="1.005280" m_tx="523.799988" m_ty="-124.999001"/>
   <element name="dfs7" layername="dfs7" frame="0" z_index="21" m_a="1.005250" m_b="0.000000" m_c="0.000000" m_d="1.005280" m_tx="-595.948975" m_ty="-287.049011"/>
   <element name="dfs6" layername="dfs6" frame="0" z_index="22" m_a="1.005250" m_b="0.000000" m_c="0.000000" m_d="1.005280" m_tx="412.350006" m_ty="-1122.699951"/>
   <element name="dfs5" layername="dfs5" frame="0" z_index="23" m_a="1.005250" m_b="0.000000" m_c="0.000000" m_d="1.005280" m_tx="501.350006" m_ty="-869.799011"/>
   <element name="dfs4" layername="dfs4" frame="0" z_index="24" m_a="1.005250" m_b="0.000000" m_c="0.000000" m_d="1.005280" m_tx="612.799988" m_ty="-437.498993"/>
   <element name="dfs3" layername="dfs3" frame="0" z_index="25" m_a="1.005250" m_b="0.000000" m_c="0.000000" m_d="1.005280" m_tx="465.200012" m_ty="-452.398987"/>
   <element name="dfs2" layername="dfs2" frame="0" z_index="26" m_a="1.005250" m_b="0.000000" m_c="0.000000" m_d="1.005280" m_tx="-599.799011" m_ty="-107.649002"/>
   <element name="dfs1" layername="df" frame="0" z_index="27" m_a="1.005250" m_b="0.000000" m_c="0.000000" m_d="1.005280" m_tx="-166.699005" m_ty="-1232.699951"/>
   <element name="dfs0" layername="df" frame="0" z_index="28" m_a="1.005250" m_b="0.000000" m_c="0.000000" m_d="1.005280" m_tx="-709.098999" m_ty="-627.948975"/>
  </frame>
  <frame idx="25" w="1544" h="2017" x="-46.975891" y="-666.812134">
   <element name="dfs13" layername="df" frame="0" z_index="15" m_a="1.013831" m_b="0.000000" m_c="0.000000" m_d="1.013854" m_tx="-493.023987" m_ty="-957.546082"/>
   <element name="dfs12" layername="df" frame="0" z_index="16" m_a="1.013831" m_b="0.000000" m_c="0.000000" m_d="1.013854" m_tx="-647.750427" m_ty="-607.068115"/>
   <element name="dfs11" layername="df" frame="0" z_index="17" m_a="1.013831" m_b="0.000000" m_c="0.000000" m_d="1.013854" m_tx="-101.794586" m_ty="-1239.670654"/>
   <element name="dfs10" layername="dfs" frame="0" z_index="18" m_a="1.013831" m_b="0.000000" m_c="0.000000" m_d="1.013854" m_tx="572.792603" m_ty="-759.219604"/>
   <element name="dfs9" layername="dfs9" frame="0" z_index="19" m_a="1.013831" m_b="0.000000" m_c="0.000000" m_d="1.013854" m_tx="-24.425470" m_ty="-1097.519165"/>
   <element name="dfs8" layername="dfs8" frame="0" z_index="20" m_a="1.013831" m_b="0.000000" m_c="0.000000" m_d="1.013854" m_tx="521.226440" m_ty="-125.256355"/>
   <element name="dfs7" layername="dfs7" frame="0" z_index="21" m_a="1.013831" m_b="0.000000" m_c="0.000000" m_d="1.013854" m_tx="-592.603394" m_ty="-286.350464"/>
   <element name="dfs6" layername="dfs6" frame="0" z_index="22" m_a="1.013831" m_b="0.000000" m_c="0.000000" m_d="1.013854" m_tx="409.482361" m_ty="-1117.442627"/>
   <element name="dfs5" layername="dfs5" frame="0" z_index="23" m_a="1.013831" m_b="0.000000" m_c="0.000000" m_d="1.013854" m_tx="498.188232" m_ty="-866.159302"/>
   <element name="dfs4" layername="dfs4" frame="0" z_index="24" m_a="1.013831" m_b="0.000000" m_c="0.000000" m_d="1.013854" m_tx="609.674988" m_ty="-435.918121"/>
   <element name="dfs3" layername="dfs3" frame="0" z_index="25" m_a="1.013831" m_b="0.000000" m_c="0.000000" m_d="1.013854" m_tx="462.185303" m_ty="-450.303406"/>
   <element name="dfs2" layername="dfs2" frame="0" z_index="26" m_a="1.013831" m_b="0.000000" m_c="0.000000" m_d="1.013854" m_tx="-596.453430" m_ty="-108.053413"/>
   <element name="dfs1" layername="df" frame="0" z_index="27" m_a="1.013831" m_b="0.000000" m_c="0.000000" m_d="1.013854" m_tx="-166.184296" m_ty="-1226.008789"/>
   <element name="dfs0" layername="df" frame="0" z_index="28" m_a="1.013831" m_b="0.000000" m_c="0.000000" m_d="1.013854" m_tx="-705.091614" m_ty="-625.081360"/>
  </frame>
  <frame idx="50" w="1525" h="1988" x="-45.450623" y="-658.473938">
   <element name="dfs13" layername="df" frame="0" z_index="15" m_a="1.033899" m_b="0.000000" m_c="0.000000" m_d="1.033924" m_tx="-485.717163" m_ty="-946.247498"/>
   <element name="dfs12" layername="df" frame="0" z_index="16" m_a="1.033899" m_b="0.000000" m_c="0.000000" m_d="1.033924" m_tx="-637.373230" m_ty="-600.521729"/>
   <element name="dfs11" layername="df" frame="0" z_index="17" m_a="1.033899" m_b="0.000000" m_c="0.000000" m_d="1.033924" m_tx="-100.848999" m_ty="-1222.698486"/>
   <element name="dfs10" layername="dfs" frame="0" z_index="18" m_a="1.033899" m_b="0.000000" m_c="0.000000" m_d="1.033924" m_tx="563.374268" m_ty="-751.064148"/>
   <element name="dfs9" layername="dfs9" frame="0" z_index="19" m_a="1.033899" m_b="0.000000" m_c="0.000000" m_d="1.033924" m_tx="-24.302031" m_ty="-1082.253052"/>
   <element name="dfs8" layername="dfs8" frame="0" z_index="20" m_a="1.033899" m_b="0.000000" m_c="0.000000" m_d="1.033924" m_tx="515.209106" m_ty="-126.100517"/>
   <element name="dfs7" layername="dfs7" frame="0" z_index="21" m_a="1.033899" m_b="0.000000" m_c="0.000000" m_d="1.033924" m_tx="-584.756531" m_ty="-284.692932"/>
   <element name="dfs6" layername="dfs6" frame="0" z_index="22" m_a="1.033899" m_b="0.000000" m_c="0.000000" m_d="1.033924" m_tx="402.801514" m_ty="-1105.416748"/>
   <element name="dfs5" layername="dfs5" frame="0" z_index="23" m_a="1.033899" m_b="0.000000" m_c="0.000000" m_d="1.033924" m_tx="490.771210" m_ty="-857.552063"/>
   <element name="dfs4" layername="dfs4" frame="0" z_index="24" m_a="1.033899" m_b="0.000000" m_c="0.000000" m_d="1.033924" m_tx="602.368164" m_ty="-432.585358"/>
   <element name="dfs3" layername="dfs3" frame="0" z_index="25" m_a="1.033899" m_b="0.000000" m_c="0.000000" m_d="1.033924" m_tx="455.039398" m_ty="-445.064148"/>
   <element name="dfs2" layername="dfs2" frame="0" z_index="26" m_a="1.033899" m_b="0.000000" m_c="0.000000" m_d="1.033924" m_tx="-588.606567" m_ty="-109.071724"/>
   <element name="dfs1" layername="df" frame="0" z_index="27" m_a="1.033899" m_b="0.000000" m_c="0.000000" m_d="1.033924" m_tx="-165.005066" m_ty="-1210.484863"/>
   <element name="dfs0" layername="df" frame="0" z_index="28" m_a="1.033899" m_b="0.000000" m_c="0.000000" m_d="1.033924" m_tx="-695.697510" m_ty="-618.352051"/>
  </frame>
  <frame idx="75" w="1494" h="1944" x="-43.030457" y="-645.282776">
   <element name="dfs13" layername="df" frame="0" z_index="15" m_a="1.065662" m_b="0.000000" m_c="0.000000" m_d="1.065685" m_tx="-474.160767" m_ty="-928.357788"/>
   <element name="dfs12" layername="df" frame="0" z_index="16" m_a="1.065662" m_b="0.000000" m_c="0.000000" m_d="1.065685" m_tx="-620.966675" m_ty="-590.190186"/>
   <element name="dfs11" layername="df" frame="0" z_index="17" m_a="1.065662" m_b="0.000000" m_c="0.000000" m_d="1.065685" m_tx="-99.387238" m_ty="-1195.838135"/>
   <element name="dfs10" layername="dfs" frame="0" z_index="18" m_a="1.065662" m_b="0.000000" m_c="0.000000" m_d="1.065685" m_tx="548.488281" m_ty="-738.148987"/>
   <element name="dfs9" layername="dfs9" frame="0" z_index="19" m_a="1.065662" m_b="0.000000" m_c="0.000000" m_d="1.065685" m_tx="-24.093117" m_ty="-1058.079468"/>
   <element name="dfs8" layername="dfs8" frame="0" z_index="20" m_a="1.065662" m_b="0.000000" m_c="0.000000" m_d="1.065685" m_tx="505.694122" m_ty="-127.487236"/>
   <element name="dfs7" layername="dfs7" frame="0" z_index="21" m_a="1.065662" m_b="0.000000" m_c="0.000000" m_d="1.065685" m_tx="-572.334290" m_ty="-282.093109"/>
   <element name="dfs6" layername="dfs6" frame="0" z_index="22" m_a="1.065662" m_b="0.000000" m_c="0.000000" m_d="1.065685" m_tx="392.223511" m_ty="-1086.426514"/>
   <element name="dfs5" layername="dfs5" frame="0" z_index="23" m_a="1.065662" m_b="0.000000" m_c="0.000000" m_d="1.065685" m_tx="479.041168" m_ty="-843.904907"/>
   <element name="dfs4" layername="dfs4" frame="0" z_index="24" m_a="1.065662" m_b="0.000000" m_c="0.000000" m_d="1.065685" m_tx="590.799988" m_ty="-427.413696"/>
   <element name="dfs3" layername="dfs3" frame="0" z_index="25" m_a="1.065662" m_b="0.000000" m_c="0.000000" m_d="1.065685" m_tx="443.717651" m_ty="-436.699005"/>
   <element name="dfs2" layername="dfs2" frame="0" z_index="26" m_a="1.065662" m_b="0.000000" m_c="0.000000" m_d="1.065685" m_tx="-576.196045" m_ty="-110.693115"/>
   <element name="dfs1" layername="df" frame="0" z_index="27" m_a="1.065662" m_b="0.000000" m_c="0.000000" m_d="1.065685" m_tx="-163.125473" m_ty="-1185.926514"/>
   <element name="dfs0" layername="df" frame="0" z_index="28" m_a="1.065662" m_b="0.000000" m_c="0.000000" m_d="1.065685" m_tx="-680.813721" m_ty="-607.699036"/>
  </frame>
  <frame idx="100" w="1454" h="1884" x="-39.758606" y="-627.452454">
   <element name="dfs13" layername="df" frame="0" z_index="15" m_a="1.108545" m_b="0.000000" m_c="0.000000" m_d="1.108546" m_tx="-458.572540" m_ty="-904.166626"/>
   <element name="dfs12" layername="df" frame="0" z_index="16" m_a="1.108545" m_b="0.000000" m_c="0.000000" m_d="1.108546" m_tx="-598.834290" m_ty="-576.256348"/>
   <element name="dfs11" layername="df" frame="0" z_index="17" m_a="1.108545" m_b="0.000000" m_c="0.000000" m_d="1.108546" m_tx="-97.475471" m_ty="-1159.551392"/>
   <element name="dfs10" layername="dfs" frame="0" z_index="18" m_a="1.108545" m_b="0.000000" m_c="0.000000" m_d="1.108546" m_tx="528.451477" m_ty="-720.648987"/>
   <element name="dfs9" layername="dfs9" frame="0" z_index="19" m_a="1.108545" m_b="0.000000" m_c="0.000000" m_d="1.108546" m_tx="-23.762236" m_ty="-1025.358887"/>
   <element name="dfs8" layername="dfs8" frame="0" z_index="20" m_a="1.108545" m_b="0.000000" m_c="0.000000" m_d="1.108546" m_tx="492.863251" m_ty="-129.325470"/>
   <element name="dfs7" layername="dfs7" frame="0" z_index="21" m_a="1.108545" m_b="0.000000" m_c="0.000000" m_d="1.108546" m_tx="-555.569580" m_ty="-278.637238"/>
   <element name="dfs6" layername="dfs6" frame="0" z_index="22" m_a="1.108545" m_b="0.000000" m_c="0.000000" m_d="1.108546" m_tx="377.922058" m_ty="-1060.727905"/>
   <element name="dfs5" layername="dfs5" frame="0" z_index="23" m_a="1.108545" m_b="0.000000" m_c="0.000000" m_d="1.108546" m_tx="463.232361" m_ty="-825.485779"/>
   <element name="dfs4" layername="dfs4" frame="0" z_index="24" m_a="1.108545" m_b="0.000000" m_c="0.000000" m_d="1.108546" m_tx="575.174988" m_ty="-420.428406"/>
   <element name="dfs3" layername="dfs3" frame="0" z_index="25" m_a="1.108545" m_b="0.000000" m_c="0.000000" m_d="1.108546" m_tx="428.460297" m_ty="-425.449005"/>
   <element name="dfs2" layername="dfs2" frame="0" z_index="26" m_a="1.108545" m_b="0.000000" m_c="0.000000" m_d="1.108546" m_tx="-559.468140" m_ty="-112.862236"/>
   <element name="dfs1" layername="df" frame="0" z_index="27" m_a="1.108545" m_b="0.000000" m_c="0.000000" m_d="1.108546" m_tx="-160.551941" m_ty="-1152.728027"/>
   <element name="dfs0" layername="df" frame="0" z_index="28" m_a="1.108545" m_b="0.000000" m_c="0.000000" m_d="1.108546" m_tx="-660.703369" m_ty="-593.324036"/>
  </frame>
  <frame idx="125" w="1394" h="1799" x="-34.933960" y="-602.443604">
   <element name="dfs13" layername="df" frame="0" z_index="15" m_a="1.171460" m_b="0.000000" m_c="0.000000" m_d="1.171483" m_tx="-435.636505" m_ty="-868.624023"/>
   <element name="dfs12" layername="df" frame="0" z_index="16" m_a="1.171460" m_b="0.000000" m_c="0.000000" m_d="1.171483" m_tx="-566.261475" m_ty="-555.749023"/>
   <element name="dfs11" layername="df" frame="0" z_index="17" m_a="1.171460" m_b="0.000000" m_c="0.000000" m_d="1.171483" m_tx="-94.624001" m_ty="-1106.387451"/>
   <element name="dfs10" layername="dfs" frame="0" z_index="18" m_a="1.171460" m_b="0.000000" m_c="0.000000" m_d="1.171483" m_tx="499.000000" m_ty="-695.086487"/>
   <element name="dfs9" layername="dfs9" frame="0" z_index="19" m_a="1.171460" m_b="0.000000" m_c="0.000000" m_d="1.171483" m_tx="-23.299000" m_ty="-977.361755"/>
   <element name="dfs8" layername="dfs8" frame="0" z_index="20" m_a="1.171460" m_b="0.000000" m_c="0.000000" m_d="1.171483" m_tx="474.012512" m_ty="-132.098999"/>
   <element name="dfs7" layername="dfs7" frame="0" z_index="21" m_a="1.171460" m_b="0.000000" m_c="0.000000" m_d="1.171483" m_tx="-530.936462" m_ty="-273.586487"/>
   <element name="dfs6" layername="dfs6" frame="0" z_index="22" m_a="1.171460" m_b="0.000000" m_c="0.000000" m_d="1.171483" m_tx="356.987518" m_ty="-1023.024963"/>
   <element name="dfs5" layername="dfs5" frame="0" z_index="23" m_a="1.171460" m_b="0.000000" m_c="0.000000" m_d="1.171483" m_tx="439.987518" m_ty="-798.461487"/>
   <element name="dfs4" layername="dfs4" frame="0" z_index="24" m_a="1.171460" m_b="0.000000" m_c="0.000000" m_d="1.171483" m_tx="552.200012" m_ty="-410.136505"/>
   <element name="dfs3" layername="dfs3" frame="0" z_index="25" m_a="1.171460" m_b="0.000000" m_c="0.000000" m_d="1.171483" m_tx="406.100006" m_ty="-408.911499"/>
   <element name="dfs2" layername="dfs2" frame="0" z_index="26" m_a="1.171460" m_b="0.000000" m_c="0.000000" m_d="1.171483" m_tx="-534.836487" m_ty="-116.098999"/>
   <element name="dfs1" layername="df" frame="0" z_index="27" m_a="1.171460" m_b="0.000000" m_c="0.000000" m_d="1.171483" m_tx="-156.848999" m_ty="-1103.962524"/>
   <element name="dfs0" layername="df" frame="0" z_index="28" m_a="1.171460" m_b="0.000000" m_c="0.000000" m_d="1.171483" m_tx="-631.098999" m_ty="-572.198975"/>
  </frame>
  <frame idx="150" w="1325" h="1705" x="-29.372192" y="-574.787598">
   <element name="dfs13" layername="df" frame="0" z_index="15" m_a="1.244350" m_b="0.000000" m_c="0.000000" m_d="1.244385" m_tx="-409.098999" m_ty="-827.448975"/>
   <element name="dfs12" layername="df" frame="0" z_index="16" m_a="1.244350" m_b="0.000000" m_c="0.000000" m_d="1.244385" m_tx="-528.548950" m_ty="-531.999023"/>
   <element name="dfs11" layername="df" frame="0" z_index="17" m_a="1.244350" m_b="0.000000" m_c="0.000000" m_d="1.244385" m_tx="-91.298996" m_ty="-1044.775024"/>
   <element name="dfs10" layername="dfs" frame="0" z_index="18" m_a="1.244350" m_b="0.000000" m_c="0.000000" m_d="1.244385" m_tx="464.900024" m_ty="-665.424011"/>
   <element name="dfs9" layername="dfs9" frame="0" z_index="19" m_a="1.244350" m_b="0.000000" m_c="0.000000" m_d="1.244385" m_tx="-22.774000" m_ty="-921.799011"/>
   <element name="dfs8" layername="dfs8" frame="0" z_index="20" m_a="1.244350" m_b="0.000000" m_c="0.000000" m_d="1.244385" m_tx="452.174988" m_ty="-135.298996"/>
   <element name="dfs7" layername="dfs7" frame="0" z_index="21" m_a="1.244350" m_b="0.000000" m_c="0.000000" m_d="1.244385" m_tx="-502.423981" m_ty="-267.674011"/>
   <element name="dfs6" layername="dfs6" frame="0" z_index="22" m_a="1.244350" m_b="0.000000" m_c="0.000000" m_d="1.244385" m_tx="332.750000" m_ty="-979.374512"/>
   <element name="dfs5" layername="dfs5" frame="0" z_index="23" m_a="1.244350" m_b="0.000000" m_c="0.000000" m_d="1.244385" m_tx="413.049988" m_ty="-767.148987"/>
   <element name="dfs4" layername="dfs4" frame="0" z_index="24" m_a="1.244350" m_b="0.000000" m_c="0.000000" m_d="1.244385" m_tx="525.599976" m_ty="-398.174011"/>
   <element name="dfs3" layername="dfs3" frame="0" z_index="25" m_a="1.244350" m_b="0.000000" m_c="0.000000" m_d="1.244385" m_tx="380.200012" m_ty="-389.723999"/>
   <element name="dfs2" layername="dfs2" frame="0" z_index="26" m_a="1.244350" m_b="0.000000" m_c="0.000000" m_d="1.244385" m_tx="-506.348999" m_ty="-119.848999"/>
   <element name="dfs1" layername="df" frame="0" z_index="27" m_a="1.244350" m_b="0.000000" m_c="0.000000" m_d="1.244385" m_tx="-152.524002" m_ty="-1047.525024"/>
   <element name="dfs0" layername="df" frame="0" z_index="28" m_a="1.244350" m_b="0.000000" m_c="0.000000" m_d="1.244385" m_tx="-596.874023" m_ty="-547.723999"/>
  </frame>
  <frame idx="175" w="1251" h="1605" x="-23.445313" y="-545.283813">
   <element name="dfs13" layername="df" frame="0" z_index="15" m_a="1.322118" m_b="0.000000" m_c="0.000000" m_d="1.322155" m_tx="-380.800323" m_ty="-783.523682"/>
   <element name="dfs12" layername="df" frame="0" z_index="16" m_a="1.322118" m_b="0.000000" m_c="0.000000" m_d="1.322155" m_tx="-488.329895" m_ty="-506.671478"/>
   <element name="dfs11" layername="df" frame="0" z_index="17" m_a="1.322118" m_b="0.000000" m_c="0.000000" m_d="1.322155" m_tx="-87.749908" m_ty="-979.027771"/>
   <element name="dfs10" layername="dfs" frame="0" z_index="18" m_a="1.322118" m_b="0.000000" m_c="0.000000" m_d="1.322155" m_tx="428.534180" m_ty="-633.768738"/>
   <element name="dfs9" layername="dfs9" frame="0" z_index="19" m_a="1.322118" m_b="0.000000" m_c="0.000000" m_d="1.322155" m_tx="-22.219061" m_ty="-862.522644"/>
   <element name="dfs8" layername="dfs8" frame="0" z_index="20" m_a="1.322118" m_b="0.000000" m_c="0.000000" m_d="1.322155" m_tx="428.866669" m_ty="-138.698944"/>
   <element name="dfs7" layername="dfs7" frame="0" z_index="21" m_a="1.322118" m_b="0.000000" m_c="0.000000" m_d="1.322155" m_tx="-472.013367" m_ty="-261.356384"/>
   <element name="dfs6" layername="dfs6" frame="0" z_index="22" m_a="1.322118" m_b="0.000000" m_c="0.000000" m_d="1.322155" m_tx="306.878357" m_ty="-932.812744"/>
   <element name="dfs5" layername="dfs5" frame="0" z_index="23" m_a="1.322118" m_b="0.000000" m_c="0.000000" m_d="1.322155" m_tx="384.314362" m_ty="-733.742188"/>
   <element name="dfs4" layername="dfs4" frame="0" z_index="24" m_a="1.322118" m_b="0.000000" m_c="0.000000" m_d="1.322155" m_tx="497.234985" m_ty="-385.432953"/>
   <element name="dfs3" layername="dfs3" frame="0" z_index="25" m_a="1.322118" m_b="0.000000" m_c="0.000000" m_d="1.322155" m_tx="352.551819" m_ty="-369.246033"/>
   <element name="dfs2" layername="dfs2" frame="0" z_index="26" m_a="1.322118" m_b="0.000000" m_c="0.000000" m_d="1.322155" m_tx="-475.971558" m_ty="-123.841187"/>
   <element name="dfs1" layername="df" frame="0" z_index="27" m_a="1.322118" m_b="0.000000" m_c="0.000000" m_d="1.322155" m_tx="-147.898270" m_ty="-987.324951"/>
   <element name="dfs0" layername="df" frame="0" z_index="28" m_a="1.322118" m_b="0.000000" m_c="0.000000" m_d="1.322155" m_tx="-560.388306" m_ty="-521.620056"/>
  </frame>
  <frame idx="200" w="1176" h="1504" x="-17.415527" y="-515.295166">
   <element name="dfs13" layername="df" frame="0" z_index="15" m_a="1.401113" m_b="0.000000" m_c="0.000000" m_d="1.401138" m_tx="-352.054504" m_ty="-738.913269"/>
   <element name="dfs12" layername="df" frame="0" z_index="16" m_a="1.401113" m_b="0.000000" m_c="0.000000" m_d="1.401138" m_tx="-447.489014" m_ty="-480.960510"/>
   <element name="dfs11" layername="df" frame="0" z_index="17" m_a="1.401113" m_b="0.000000" m_c="0.000000" m_d="1.401138" m_tx="-84.158997" m_ty="-912.239441"/>
   <element name="dfs10" layername="dfs" frame="0" z_index="18" m_a="1.401113" m_b="0.000000" m_c="0.000000" m_d="1.401138" m_tx="391.609741" m_ty="-601.642761"/>
   <element name="dfs9" layername="dfs9" frame="0" z_index="19" m_a="1.401113" m_b="0.000000" m_c="0.000000" m_d="1.401138" m_tx="-21.656750" m_ty="-802.283936"/>
   <element name="dfs8" layername="dfs8" frame="0" z_index="20" m_a="1.401113" m_b="0.000000" m_c="0.000000" m_d="1.401138" m_tx="405.168762" m_ty="-142.136246"/>
   <element name="dfs7" layername="dfs7" frame="0" z_index="21" m_a="1.401113" m_b="0.000000" m_c="0.000000" m_d="1.401138" m_tx="-441.120728" m_ty="-254.973236"/>
   <element name="dfs6" layername="dfs6" frame="0" z_index="22" m_a="1.401113" m_b="0.000000" m_c="0.000000" m_d="1.401138" m_tx="280.560730" m_ty="-885.512146"/>
   <element name="dfs5" layername="dfs5" frame="0" z_index="23" m_a="1.401113" m_b="0.000000" m_c="0.000000" m_d="1.401138" m_tx="355.140503" m_ty="-699.814758"/>
   <element name="dfs4" layername="dfs4" frame="0" z_index="24" m_a="1.401113" m_b="0.000000" m_c="0.000000" m_d="1.401138" m_tx="468.437988" m_ty="-372.570251"/>
   <element name="dfs3" layername="dfs3" frame="0" z_index="25" m_a="1.401113" m_b="0.000000" m_c="0.000000" m_d="1.401138" m_tx="324.432495" m_ty="-348.455505"/>
   <element name="dfs2" layername="dfs2" frame="0" z_index="26" m_a="1.401113" m_b="0.000000" m_c="0.000000" m_d="1.401138" m_tx="-445.104492" m_ty="-127.879257"/>
   <element name="dfs1" layername="df" frame="0" z_index="27" m_a="1.401113" m_b="0.000000" m_c="0.000000" m_d="1.401138" m_tx="-143.208496" m_ty="-926.152954"/>
   <element name="dfs0" layername="df" frame="0" z_index="28" m_a="1.401113" m_b="0.000000" m_c="0.000000" m_d="1.401138" m_tx="-523.323486" m_ty="-495.123230"/>
  </frame>
  <frame idx="225" w="1102" h="1402" x="-11.385803" y="-485.306458">
   <element name="dfs13" layername="df" frame="0" z_index="15" m_a="1.480107" m_b="0.000000" m_c="0.000000" m_d="1.480121" m_tx="-323.308655" m_ty="-694.302856"/>
   <element name="dfs12" layername="df" frame="0" z_index="16" m_a="1.480107" m_b="0.000000" m_c="0.000000" m_d="1.480121" m_tx="-406.648102" m_ty="-455.249512"/>
   <element name="dfs11" layername="df" frame="0" z_index="17" m_a="1.480107" m_b="0.000000" m_c="0.000000" m_d="1.480121" m_tx="-80.568092" m_ty="-845.451111"/>
   <element name="dfs10" layername="dfs" frame="0" z_index="18" m_a="1.480107" m_b="0.000000" m_c="0.000000" m_d="1.480121" m_tx="354.685333" m_ty="-569.516846"/>
   <element name="dfs9" layername="dfs9" frame="0" z_index="19" m_a="1.480107" m_b="0.000000" m_c="0.000000" m_d="1.480121" m_tx="-21.094439" m_ty="-742.045227"/>
   <element name="dfs8" layername="dfs8" frame="0" z_index="20" m_a="1.480107" m_b="0.000000" m_c="0.000000" m_d="1.480121" m_tx="381.470856" m_ty="-145.573547"/>
   <element name="dfs7" layername="dfs7" frame="0" z_index="21" m_a="1.480107" m_b="0.000000" m_c="0.000000" m_d="1.480121" m_tx="-410.228149" m_ty="-248.590103"/>
   <element name="dfs6" layername="dfs6" frame="0" z_index="22" m_a="1.480107" m_b="0.000000" m_c="0.000000" m_d="1.480121" m_tx="254.243134" m_ty="-838.211548"/>
   <element name="dfs5" layername="dfs5" frame="0" z_index="23" m_a="1.480107" m_b="0.000000" m_c="0.000000" m_d="1.480121" m_tx="325.966644" m_ty="-665.887329"/>
   <element name="dfs4" layername="dfs4" frame="0" z_index="24" m_a="1.480107" m_b="0.000000" m_c="0.000000" m_d="1.480121" m_tx="439.641022" m_ty="-359.707550"/>
   <element name="dfs3" layername="dfs3" frame="0" z_index="25" m_a="1.480107" m_b="0.000000" m_c="0.000000" m_d="1.480121" m_tx="296.313171" m_ty="-327.664978"/>
   <element name="dfs2" layername="dfs2" frame="0" z_index="26" m_a="1.480107" m_b="0.000000" m_c="0.000000" m_d="1.480121" m_tx="-414.237427" m_ty="-131.917328"/>
   <element name="dfs1" layername="df" frame="0" z_index="27" m_a="1.480107" m_b="0.000000" m_c="0.000000" m_d="1.480121" m_tx="-138.518738" m_ty="-864.980896"/>
   <element name="dfs0" layername="df" frame="0" z_index="28" m_a="1.480107" m_b="0.000000" m_c="0.000000" m_d="1.480121" m_tx="-486.258728" m_ty="-468.626465"/>
  </frame>
  <frame idx="250" w="961" h="1212" x="-0.057007" y="-428.951324">
   <element name="dfs13" layername="df" frame="0" z_index="15" m_a="1.628552" m_b="0.000000" m_c="0.000000" m_d="1.628557" m_tx="-269.279480" m_ty="-610.488281"/>
   <element name="dfs12" layername="df" frame="0" z_index="16" m_a="1.628552" m_b="0.000000" m_c="0.000000" m_d="1.628557" m_tx="-329.889008" m_ty="-406.910522"/>
   <element name="dfs11" layername="df" frame="0" z_index="17" m_a="1.628552" m_b="0.000000" m_c="0.000000" m_d="1.628557" m_tx="-73.808998" m_ty="-719.938965"/>
   <element name="dfs10" layername="dfs" frame="0" z_index="18" m_a="1.628552" m_b="0.000000" m_c="0.000000" m_d="1.628557" m_tx="285.259766" m_ty="-509.117737"/>
   <element name="dfs9" layername="dfs9" frame="0" z_index="19" m_a="1.628552" m_b="0.000000" m_c="0.000000" m_d="1.628557" m_tx="-20.031750" m_ty="-628.858887"/>
   <element name="dfs8" layername="dfs8" frame="0" z_index="20" m_a="1.628552" m_b="0.000000" m_c="0.000000" m_d="1.628557" m_tx="336.968750" m_ty="-152.011246"/>
   <element name="dfs7" layername="dfs7" frame="0" z_index="21" m_a="1.628552" m_b="0.000000" m_c="0.000000" m_d="1.628557" m_tx="-352.170746" m_ty="-236.573242"/>
   <element name="dfs6" layername="dfs6" frame="0" z_index="22" m_a="1.628552" m_b="0.000000" m_c="0.000000" m_d="1.628557" m_tx="204.810760" m_ty="-749.287170"/>
   <element name="dfs5" layername="dfs5" frame="0" z_index="23" m_a="1.628552" m_b="0.000000" m_c="0.000000" m_d="1.628557" m_tx="271.140503" m_ty="-602.139771"/>
   <element name="dfs4" layername="dfs4" frame="0" z_index="24" m_a="1.628552" m_b="0.000000" m_c="0.000000" m_d="1.628557" m_tx="385.513000" m_ty="-335.420227"/>
   <element name="dfs3" layername="dfs3" frame="0" z_index="25" m_a="1.628552" m_b="0.000000" m_c="0.000000" m_d="1.628557" m_tx="243.507507" m_ty="-288.655518"/>
   <element name="dfs2" layername="dfs2" frame="0" z_index="26" m_a="1.628552" m_b="0.000000" m_c="0.000000" m_d="1.628557" m_tx="-356.229492" m_ty="-139.504242"/>
   <element name="dfs1" layername="df" frame="0" z_index="27" m_a="1.628552" m_b="0.000000" m_c="0.000000" m_d="1.628557" m_tx="-129.708496" m_ty="-750.027405"/>
   <element name="dfs0" layername="df" frame="0" z_index="28" m_a="1.628552" m_b="0.000000" m_c="0.000000" m_d="1.628557" m_tx="-416.598511" m_ty="-418.823242"/>
  </frame>
  <frame idx="275" w="799" h="1038" x="12.903015" y="-378.219788">
   <element name="dfs13" layername="df" frame="0" z_index="15" m_a="1.798369" m_b="0.000000" m_c="0.000000" m_d="1.798369" m_tx="-207.484299" m_ty="-514.596069"/>
   <element name="dfs12" layername="df" frame="0" z_index="16" m_a="1.798369" m_b="0.000000" m_c="0.000000" m_d="1.798369" m_tx="-242.093124" m_ty="-351.610779"/>
   <element name="dfs11" layername="df" frame="0" z_index="17" m_a="1.798369" m_b="0.000000" m_c="0.000000" m_d="1.798369" m_tx="-66.069588" m_ty="-576.351929"/>
   <element name="dfs10" layername="dfs" frame="0" z_index="18" m_a="1.798369" m_b="0.000000" m_c="0.000000" m_d="1.798369" m_tx="205.826462" m_ty="-440.010773"/>
   <element name="dfs9" layername="dfs9" frame="0" z_index="19" m_a="1.798369" m_b="0.000000" m_c="0.000000" m_d="1.798369" m_tx="-18.819588" m_ty="-499.384277"/>
   <element name="dfs8" layername="dfs8" frame="0" z_index="20" m_a="1.798369" m_b="0.000000" m_c="0.000000" m_d="1.798369" m_tx="286.049988" m_ty="-159.396057"/>
   <element name="dfs7" layername="dfs7" frame="0" z_index="21" m_a="1.798369" m_b="0.000000" m_c="0.000000" m_d="1.798369" m_tx="-285.740173" m_ty="-222.834290"/>
   <element name="dfs6" layername="dfs6" frame="0" z_index="22" m_a="1.798369" m_b="0.000000" m_c="0.000000" m_d="1.798369" m_tx="148.282349" m_ty="-647.557861"/>
   <element name="dfs5" layername="dfs5" frame="0" z_index="23" m_a="1.798369" m_b="0.000000" m_c="0.000000" m_d="1.798369" m_tx="208.426468" m_ty="-529.213745"/>
   <element name="dfs4" layername="dfs4" frame="0" z_index="24" m_a="1.798369" m_b="0.000000" m_c="0.000000" m_d="1.798369" m_tx="323.576477" m_ty="-307.625458"/>
   <element name="dfs3" layername="dfs3" frame="0" z_index="25" m_a="1.798369" m_b="0.000000" m_c="0.000000" m_d="1.798369" m_tx="183.111755" m_ty="-244.016663"/>
   <element name="dfs2" layername="dfs2" frame="0" z_index="26" m_a="1.798369" m_b="0.000000" m_c="0.000000" m_d="1.798369" m_tx="-289.863708" m_ty="-148.198990"/>
   <element name="dfs1" layername="df" frame="0" z_index="27" m_a="1.798369" m_b="0.000000" m_c="0.000000" m_d="1.798369" m_tx="-119.634293" m_ty="-618.531311"/>
   <element name="dfs0" layername="df" frame="0" z_index="28" m_a="1.798369" m_b="0.000000" m_c="0.000000" m_d="1.798369" m_tx="-336.893127" m_ty="-361.840179"/>
  </frame>
 </anim>
</Anims>
