<Anims>
 <anim name="anim" root="status_clockhealth" numframes="25" framerate="40">
  <frame idx="0" w="160" h="195" x="-71.533615" y="-91.159599">
   <element name="clock_parts2" layername="clock_parts2" frame="0" z_index="3" m_a="0.332977" m_b="0.000000" m_c="0.000000" m_d="0.332977" m_tx="-1.150000" m_ty="-3.900000"/>
  </frame>
 </anim>
 <anim name="day" root="status_clockhealth" numframes="25" framerate="40">
  <frame idx="0" w="35" h="90" x="-15.067103" y="-50.680908">
   <element name="clock_parts2" layername="clock_parts2" frame="1" z_index="3" m_a="0.332977" m_b="0.000000" m_c="0.000000" m_d="0.332977" m_tx="-0.450000" m_ty="-4.500000"/>
  </frame>
 </anim>
 <anim name="year" root="status_clockhealth" numframes="25" framerate="40">
  <frame idx="0" w="55" h="86" x="-24.288338" y="-45.992115">
   <element name="clock_parts2" layername="clock_parts2" frame="2" z_index="3" m_a="0.332977" m_b="0.000000" m_c="0.000000" m_d="0.332977" m_tx="-0.150000" m_ty="-0.300000"/>
  </frame>
 </anim>
</Anims>
