<Anims>
 <anim name="anim" root="status_clockhealth" numframes="25" framerate="40">
  <frame idx="0" w="82" h="95" x="31.849998" y="34.599998">
   <element name="clock_parts2" layername="timeline_0" frame="0" z_index="3" m_a="0.332977" m_b="0.000000" m_c="0.000000" m_d="0.332977" m_tx="-1.150000" m_ty="-3.900000"/>
  </frame>
 </anim>
 <anim name="day" root="status_clockhealth" numframes="25" framerate="40">
  <frame idx="0" w="17" h="35" x="6.050000" y="9.000000">
   <element name="clock_parts2" layername="timeline_0" frame="1" z_index="3" m_a="0.332977" m_b="0.000000" m_c="0.000000" m_d="0.332977" m_tx="-0.450000" m_ty="-4.500000"/>
  </frame>
 </anim>
 <anim name="year" root="status_clockhealth" numframes="25" framerate="40">
  <frame idx="0" w="28" h="36" x="10.850000" y="13.700000">
   <element name="clock_parts2" layername="timeline_0" frame="2" z_index="3" m_a="0.332977" m_b="0.000000" m_c="0.000000" m_d="0.332977" m_tx="-0.150000" m_ty="-0.300000"/>
  </frame>
 </anim>
</Anims>
