<Anims>
 <anim name="BUILD" root="badgesellercane" numframes="1000" framerate="40">
  <frame idx="0" w="69" h="271" x="7.524113" y="-23.722870">
   <element name="swap_object" layername="swap_object" frame="0" z_index="2" m_a="1.000000" m_b="0.000000" m_c="0.000000" m_d="1.000000" m_tx="6.639329" m_ty="-31.890917"/>
  </frame>
  <frame idx="25" w="69" h="271" x="7.524113" y="-23.722870">
   <element name="swap_object" layername="swap_object" frame="0" z_index="2" m_a="1.000000" m_b="0.000000" m_c="0.000000" m_d="1.000000" m_tx="6.639329" m_ty="-31.890917"/>
  </frame>
  <frame idx="50" w="69" h="271" x="7.524113" y="-23.722870">
   <element name="swap_object" layername="swap_object" frame="0" z_index="2" m_a="1.000000" m_b="0.000000" m_c="0.000000" m_d="1.000000" m_tx="6.639329" m_ty="-31.890917"/>
  </frame>
  <frame idx="75" w="69" h="271" x="7.524113" y="-23.722870">
   <element name="swap_object" layername="swap_object" frame="0" z_index="2" m_a="1.000000" m_b="0.000000" m_c="0.000000" m_d="1.000000" m_tx="6.639329" m_ty="-31.890917"/>
  </frame>
  <frame idx="100" w="69" h="271" x="7.524113" y="-23.722870">
   <element name="swap_object" layername="swap_object" frame="0" z_index="2" m_a="1.000000" m_b="0.000000" m_c="0.000000" m_d="1.000000" m_tx="6.639329" m_ty="-31.890917"/>
  </frame>
  <frame idx="125" w="69" h="271" x="7.524113" y="-23.722870">
   <element name="swap_object" layername="swap_object" frame="0" z_index="2" m_a="1.000000" m_b="0.000000" m_c="0.000000" m_d="1.000000" m_tx="6.639329" m_ty="-31.890917"/>
  </frame>
  <frame idx="150" w="69" h="271" x="7.524113" y="-23.722870">
   <element name="swap_object" layername="swap_object" frame="0" z_index="2" m_a="1.000000" m_b="0.000000" m_c="0.000000" m_d="1.000000" m_tx="6.639329" m_ty="-31.890917"/>
  </frame>
  <frame idx="175" w="69" h="271" x="7.524113" y="-23.722870">
   <element name="swap_object" layername="swap_object" frame="0" z_index="2" m_a="1.000000" m_b="0.000000" m_c="0.000000" m_d="1.000000" m_tx="6.639329" m_ty="-31.890917"/>
  </frame>
  <frame idx="200" w="69" h="271" x="7.524113" y="-23.722870">
   <element name="swap_object" layername="swap_object" frame="0" z_index="2" m_a="1.000000" m_b="0.000000" m_c="0.000000" m_d="1.000000" m_tx="6.639329" m_ty="-31.890917"/>
  </frame>
  <frame idx="225" w="69" h="271" x="7.524113" y="-23.722870">
   <element name="swap_object" layername="swap_object" frame="0" z_index="2" m_a="1.000000" m_b="0.000000" m_c="0.000000" m_d="1.000000" m_tx="6.639329" m_ty="-31.890917"/>
  </frame>
  <frame idx="250" w="69" h="271" x="7.524113" y="-23.722870">
   <element name="swap_object" layername="swap_object" frame="0" z_index="2" m_a="1.000000" m_b="0.000000" m_c="0.000000" m_d="1.000000" m_tx="6.639329" m_ty="-31.890917"/>
  </frame>
  <frame idx="275" w="69" h="271" x="7.524113" y="-23.722870">
   <element name="swap_object" layername="swap_object" frame="0" z_index="2" m_a="1.000000" m_b="0.000000" m_c="0.000000" m_d="1.000000" m_tx="6.639329" m_ty="-31.890917"/>
  </frame>
  <frame idx="300" w="69" h="271" x="7.524113" y="-23.722870">
   <element name="swap_object" layername="swap_object" frame="0" z_index="2" m_a="1.000000" m_b="0.000000" m_c="0.000000" m_d="1.000000" m_tx="6.639329" m_ty="-31.890917"/>
  </frame>
  <frame idx="325" w="69" h="271" x="7.524113" y="-23.722870">
   <element name="swap_object" layername="swap_object" frame="0" z_index="2" m_a="1.000000" m_b="0.000000" m_c="0.000000" m_d="1.000000" m_tx="6.639329" m_ty="-31.890917"/>
  </frame>
  <frame idx="350" w="69" h="271" x="7.524113" y="-23.722870">
   <element name="swap_object" layername="swap_object" frame="0" z_index="2" m_a="1.000000" m_b="0.000000" m_c="0.000000" m_d="1.000000" m_tx="6.639329" m_ty="-31.890917"/>
  </frame>
  <frame idx="375" w="69" h="271" x="7.524113" y="-23.722870">
   <element name="swap_object" layername="swap_object" frame="0" z_index="2" m_a="1.000000" m_b="0.000000" m_c="0.000000" m_d="1.000000" m_tx="6.639329" m_ty="-31.890917"/>
  </frame>
  <frame idx="400" w="69" h="271" x="7.524113" y="-23.722870">
   <element name="swap_object" layername="swap_object" frame="0" z_index="2" m_a="1.000000" m_b="0.000000" m_c="0.000000" m_d="1.000000" m_tx="6.639329" m_ty="-31.890917"/>
  </frame>
  <frame idx="425" w="69" h="271" x="7.524113" y="-23.722870">
   <element name="swap_object" layername="swap_object" frame="0" z_index="2" m_a="1.000000" m_b="0.000000" m_c="0.000000" m_d="1.000000" m_tx="6.639329" m_ty="-31.890917"/>
  </frame>
  <frame idx="450" w="69" h="271" x="7.524113" y="-23.722870">
   <element name="swap_object" layername="swap_object" frame="0" z_index="2" m_a="1.000000" m_b="0.000000" m_c="0.000000" m_d="1.000000" m_tx="6.639329" m_ty="-31.890917"/>
  </frame>
  <frame idx="475" w="69" h="271" x="7.524113" y="-23.722870">
   <element name="swap_object" layername="swap_object" frame="0" z_index="2" m_a="1.000000" m_b="0.000000" m_c="0.000000" m_d="1.000000" m_tx="6.639329" m_ty="-31.890917"/>
  </frame>
  <frame idx="500" w="69" h="271" x="7.524113" y="-23.722870">
   <element name="swap_object" layername="swap_object" frame="0" z_index="2" m_a="1.000000" m_b="0.000000" m_c="0.000000" m_d="1.000000" m_tx="6.639329" m_ty="-31.890917"/>
  </frame>
  <frame idx="525" w="69" h="271" x="7.524113" y="-23.722870">
   <element name="swap_object" layername="swap_object" frame="0" z_index="2" m_a="1.000000" m_b="0.000000" m_c="0.000000" m_d="1.000000" m_tx="6.639329" m_ty="-31.890917"/>
  </frame>
  <frame idx="550" w="69" h="271" x="7.524113" y="-23.722870">
   <element name="swap_object" layername="swap_object" frame="0" z_index="2" m_a="1.000000" m_b="0.000000" m_c="0.000000" m_d="1.000000" m_tx="6.639329" m_ty="-31.890917"/>
  </frame>
  <frame idx="575" w="69" h="271" x="7.524113" y="-23.722870">
   <element name="swap_object" layername="swap_object" frame="0" z_index="2" m_a="1.000000" m_b="0.000000" m_c="0.000000" m_d="1.000000" m_tx="6.639329" m_ty="-31.890917"/>
  </frame>
  <frame idx="600" w="69" h="271" x="7.524113" y="-23.722870">
   <element name="swap_object" layername="swap_object" frame="0" z_index="2" m_a="1.000000" m_b="0.000000" m_c="0.000000" m_d="1.000000" m_tx="6.639329" m_ty="-31.890917"/>
  </frame>
  <frame idx="625" w="69" h="271" x="7.524113" y="-23.722870">
   <element name="swap_object" layername="swap_object" frame="0" z_index="2" m_a="1.000000" m_b="0.000000" m_c="0.000000" m_d="1.000000" m_tx="6.639329" m_ty="-31.890917"/>
  </frame>
  <frame idx="650" w="69" h="271" x="7.524113" y="-23.722870">
   <element name="swap_object" layername="swap_object" frame="0" z_index="2" m_a="1.000000" m_b="0.000000" m_c="0.000000" m_d="1.000000" m_tx="6.639329" m_ty="-31.890917"/>
  </frame>
  <frame idx="675" w="69" h="271" x="7.524113" y="-23.722870">
   <element name="swap_object" layername="swap_object" frame="0" z_index="2" m_a="1.000000" m_b="0.000000" m_c="0.000000" m_d="1.000000" m_tx="6.639329" m_ty="-31.890917"/>
  </frame>
  <frame idx="700" w="69" h="271" x="7.524113" y="-23.722870">
   <element name="swap_object" layername="swap_object" frame="0" z_index="2" m_a="1.000000" m_b="0.000000" m_c="0.000000" m_d="1.000000" m_tx="6.639329" m_ty="-31.890917"/>
  </frame>
  <frame idx="725" w="69" h="271" x="7.524113" y="-23.722870">
   <element name="swap_object" layername="swap_object" frame="0" z_index="2" m_a="1.000000" m_b="0.000000" m_c="0.000000" m_d="1.000000" m_tx="6.639329" m_ty="-31.890917"/>
  </frame>
  <frame idx="750" w="69" h="271" x="7.524113" y="-23.722870">
   <element name="swap_object" layername="swap_object" frame="0" z_index="2" m_a="1.000000" m_b="0.000000" m_c="0.000000" m_d="1.000000" m_tx="6.639329" m_ty="-31.890917"/>
  </frame>
  <frame idx="775" w="69" h="271" x="7.524113" y="-23.722870">
   <element name="swap_object" layername="swap_object" frame="0" z_index="2" m_a="1.000000" m_b="0.000000" m_c="0.000000" m_d="1.000000" m_tx="6.639329" m_ty="-31.890917"/>
  </frame>
  <frame idx="800" w="69" h="271" x="7.524113" y="-23.722870">
   <element name="swap_object" layername="swap_object" frame="0" z_index="2" m_a="1.000000" m_b="0.000000" m_c="0.000000" m_d="1.000000" m_tx="6.639329" m_ty="-31.890917"/>
  </frame>
  <frame idx="825" w="69" h="271" x="7.524113" y="-23.722870">
   <element name="swap_object" layername="swap_object" frame="0" z_index="2" m_a="1.000000" m_b="0.000000" m_c="0.000000" m_d="1.000000" m_tx="6.639329" m_ty="-31.890917"/>
  </frame>
  <frame idx="850" w="69" h="271" x="7.524113" y="-23.722870">
   <element name="swap_object" layername="swap_object" frame="0" z_index="2" m_a="1.000000" m_b="0.000000" m_c="0.000000" m_d="1.000000" m_tx="6.639329" m_ty="-31.890917"/>
  </frame>
  <frame idx="875" w="69" h="271" x="7.524113" y="-23.722870">
   <element name="swap_object" layername="swap_object" frame="0" z_index="2" m_a="1.000000" m_b="0.000000" m_c="0.000000" m_d="1.000000" m_tx="6.639329" m_ty="-31.890917"/>
  </frame>
  <frame idx="900" w="69" h="271" x="7.524113" y="-23.722870">
   <element name="swap_object" layername="swap_object" frame="0" z_index="2" m_a="1.000000" m_b="0.000000" m_c="0.000000" m_d="1.000000" m_tx="6.639329" m_ty="-31.890917"/>
  </frame>
  <frame idx="925" w="69" h="271" x="7.524113" y="-23.722870">
   <element name="swap_object" layername="swap_object" frame="0" z_index="2" m_a="1.000000" m_b="0.000000" m_c="0.000000" m_d="1.000000" m_tx="6.639329" m_ty="-31.890917"/>
  </frame>
  <frame idx="950" w="69" h="271" x="7.524113" y="-23.722870">
   <element name="swap_object" layername="swap_object" frame="0" z_index="2" m_a="1.000000" m_b="0.000000" m_c="0.000000" m_d="1.000000" m_tx="6.639329" m_ty="-31.890917"/>
  </frame>
  <frame idx="975" w="69" h="271" x="7.524113" y="-23.722870">
   <element name="swap_object" layername="swap_object" frame="0" z_index="2" m_a="1.000000" m_b="0.000000" m_c="0.000000" m_d="1.000000" m_tx="6.639329" m_ty="-31.890917"/>
  </frame>
 </anim>
 <anim name="idle" root="badgesellercane" numframes="100" framerate="40">
  <frame idx="0" w="153" h="300" x="-29.166718" y="-81.710144">
   <element name="badgesellercane_01" layername="badgesellercane" frame="0" z_index="2" m_a="1.000000" m_b="0.000000" m_c="0.000000" m_d="1.000000" m_tx="1.333333" m_ty="0.289855"/>
  </frame>
  <frame idx="25" w="153" h="300" x="-29.166718" y="-81.710144">
   <element name="badgesellercane_01" layername="badgesellercane" frame="0" z_index="2" m_a="1.000000" m_b="0.000000" m_c="0.000000" m_d="1.000000" m_tx="1.333333" m_ty="0.289855"/>
  </frame>
  <frame idx="50" w="153" h="300" x="-29.166718" y="-81.710144">
   <element name="badgesellercane_01" layername="badgesellercane" frame="0" z_index="2" m_a="1.000000" m_b="0.000000" m_c="0.000000" m_d="1.000000" m_tx="1.333333" m_ty="0.289855"/>
  </frame>
  <frame idx="75" w="153" h="300" x="-29.166718" y="-81.710144">
   <element name="badgesellercane_01" layername="badgesellercane" frame="0" z_index="2" m_a="1.000000" m_b="0.000000" m_c="0.000000" m_d="1.000000" m_tx="1.333333" m_ty="0.289855"/>
  </frame>
 </anim>
</Anims>
