<Anims>
 <anim name="idle" root="badgesellercane" numframes="100" framerate="40">
  <frame idx="0" w="153" h="300" x="-29.166718" y="-81.710144">
   <element name="badgesellercane_01" layername="badgesellercane" frame="0" z_index="1" m_a="1.000000" m_b="0.000000" m_c="0.000000" m_d="1.000000" m_tx="1.333333" m_ty="0.289855"/>
  </frame>
  <frame idx="25" w="153" h="300" x="-29.166718" y="-81.710144">
   <element name="badgesellercane_01" layername="badgesellercane" frame="0" z_index="1" m_a="1.000000" m_b="0.000000" m_c="0.000000" m_d="1.000000" m_tx="1.333333" m_ty="0.289855"/>
  </frame>
  <frame idx="50" w="153" h="300" x="-29.166718" y="-81.710144">
   <element name="badgesellercane_01" layername="badgesellercane" frame="0" z_index="1" m_a="1.000000" m_b="0.000000" m_c="0.000000" m_d="1.000000" m_tx="1.333333" m_ty="0.289855"/>
  </frame>
  <frame idx="75" w="153" h="300" x="-29.166718" y="-81.710144">
   <element name="badgesellercane_01" layername="badgesellercane" frame="0" z_index="1" m_a="1.000000" m_b="0.000000" m_c="0.000000" m_d="1.000000" m_tx="1.333333" m_ty="0.289855"/>
  </frame>
 </anim>
</Anims>
