<Anims>
 <anim name="anim" root="ms_kidhat_bowkid" numframes="1000" framerate="40">
  <frame idx="0" w="72" h="272" x="155.608063" y="-86.032104">
   <element name="swap_hat" layername="swap_hat-3" frame="2" z_index="1" m_a="1.000000" m_b="0.000000" m_c="0.000000" m_d="1.000000" m_tx="157.608093" m_ty="-54.032101"/>
  </frame>
  <frame idx="25" w="72" h="272" x="155.608063" y="-86.032104">
   <element name="swap_hat" layername="swap_hat-3" frame="2" z_index="1" m_a="1.000000" m_b="0.000000" m_c="0.000000" m_d="1.000000" m_tx="157.608093" m_ty="-54.032101"/>
  </frame>
  <frame idx="50" w="72" h="272" x="155.608063" y="-86.032104">
   <element name="swap_hat" layername="swap_hat-3" frame="2" z_index="1" m_a="1.000000" m_b="0.000000" m_c="0.000000" m_d="1.000000" m_tx="157.608093" m_ty="-54.032101"/>
  </frame>
  <frame idx="75" w="72" h="272" x="155.608063" y="-86.032104">
   <element name="swap_hat" layername="swap_hat-3" frame="2" z_index="1" m_a="1.000000" m_b="0.000000" m_c="0.000000" m_d="1.000000" m_tx="157.608093" m_ty="-54.032101"/>
  </frame>
  <frame idx="100" w="72" h="272" x="155.608063" y="-86.032104">
   <element name="swap_hat" layername="swap_hat-3" frame="2" z_index="1" m_a="1.000000" m_b="0.000000" m_c="0.000000" m_d="1.000000" m_tx="157.608093" m_ty="-54.032101"/>
  </frame>
  <frame idx="125" w="72" h="272" x="155.608063" y="-86.032104">
   <element name="swap_hat" layername="swap_hat-3" frame="2" z_index="1" m_a="1.000000" m_b="0.000000" m_c="0.000000" m_d="1.000000" m_tx="157.608093" m_ty="-54.032101"/>
  </frame>
  <frame idx="150" w="72" h="272" x="155.608063" y="-86.032104">
   <element name="swap_hat" layername="swap_hat-3" frame="2" z_index="1" m_a="1.000000" m_b="0.000000" m_c="0.000000" m_d="1.000000" m_tx="157.608093" m_ty="-54.032101"/>
  </frame>
  <frame idx="175" w="72" h="272" x="155.608063" y="-86.032104">
   <element name="swap_hat" layername="swap_hat-3" frame="2" z_index="1" m_a="1.000000" m_b="0.000000" m_c="0.000000" m_d="1.000000" m_tx="157.608093" m_ty="-54.032101"/>
  </frame>
  <frame idx="200" w="72" h="272" x="155.608063" y="-86.032104">
   <element name="swap_hat" layername="swap_hat-3" frame="2" z_index="1" m_a="1.000000" m_b="0.000000" m_c="0.000000" m_d="1.000000" m_tx="157.608093" m_ty="-54.032101"/>
  </frame>
  <frame idx="225" w="72" h="272" x="155.608063" y="-86.032104">
   <element name="swap_hat" layername="swap_hat-3" frame="2" z_index="1" m_a="1.000000" m_b="0.000000" m_c="0.000000" m_d="1.000000" m_tx="157.608093" m_ty="-54.032101"/>
  </frame>
  <frame idx="250" w="72" h="272" x="155.608063" y="-86.032104">
   <element name="swap_hat" layername="swap_hat-3" frame="2" z_index="1" m_a="1.000000" m_b="0.000000" m_c="0.000000" m_d="1.000000" m_tx="157.608093" m_ty="-54.032101"/>
  </frame>
  <frame idx="275" w="72" h="272" x="155.608063" y="-86.032104">
   <element name="swap_hat" layername="swap_hat-3" frame="2" z_index="1" m_a="1.000000" m_b="0.000000" m_c="0.000000" m_d="1.000000" m_tx="157.608093" m_ty="-54.032101"/>
  </frame>
  <frame idx="300" w="72" h="272" x="155.608063" y="-86.032104">
   <element name="swap_hat" layername="swap_hat-3" frame="2" z_index="1" m_a="1.000000" m_b="0.000000" m_c="0.000000" m_d="1.000000" m_tx="157.608093" m_ty="-54.032101"/>
  </frame>
  <frame idx="325" w="72" h="272" x="155.608063" y="-86.032104">
   <element name="swap_hat" layername="swap_hat-3" frame="2" z_index="1" m_a="1.000000" m_b="0.000000" m_c="0.000000" m_d="1.000000" m_tx="157.608093" m_ty="-54.032101"/>
  </frame>
  <frame idx="350" w="72" h="272" x="155.608063" y="-86.032104">
   <element name="swap_hat" layername="swap_hat-3" frame="2" z_index="1" m_a="1.000000" m_b="0.000000" m_c="0.000000" m_d="1.000000" m_tx="157.608093" m_ty="-54.032101"/>
  </frame>
  <frame idx="375" w="72" h="272" x="155.608063" y="-86.032104">
   <element name="swap_hat" layername="swap_hat-3" frame="2" z_index="1" m_a="1.000000" m_b="0.000000" m_c="0.000000" m_d="1.000000" m_tx="157.608093" m_ty="-54.032101"/>
  </frame>
  <frame idx="400" w="72" h="272" x="155.608063" y="-86.032104">
   <element name="swap_hat" layername="swap_hat-3" frame="2" z_index="1" m_a="1.000000" m_b="0.000000" m_c="0.000000" m_d="1.000000" m_tx="157.608093" m_ty="-54.032101"/>
  </frame>
  <frame idx="425" w="72" h="272" x="155.608063" y="-86.032104">
   <element name="swap_hat" layername="swap_hat-3" frame="2" z_index="1" m_a="1.000000" m_b="0.000000" m_c="0.000000" m_d="1.000000" m_tx="157.608093" m_ty="-54.032101"/>
  </frame>
  <frame idx="450" w="72" h="272" x="155.608063" y="-86.032104">
   <element name="swap_hat" layername="swap_hat-3" frame="2" z_index="1" m_a="1.000000" m_b="0.000000" m_c="0.000000" m_d="1.000000" m_tx="157.608093" m_ty="-54.032101"/>
  </frame>
  <frame idx="475" w="72" h="272" x="155.608063" y="-86.032104">
   <element name="swap_hat" layername="swap_hat-3" frame="2" z_index="1" m_a="1.000000" m_b="0.000000" m_c="0.000000" m_d="1.000000" m_tx="157.608093" m_ty="-54.032101"/>
  </frame>
  <frame idx="500" w="72" h="272" x="155.608063" y="-86.032104">
   <element name="swap_hat" layername="swap_hat-3" frame="2" z_index="1" m_a="1.000000" m_b="0.000000" m_c="0.000000" m_d="1.000000" m_tx="157.608093" m_ty="-54.032101"/>
  </frame>
  <frame idx="525" w="72" h="272" x="155.608063" y="-86.032104">
   <element name="swap_hat" layername="swap_hat-3" frame="2" z_index="1" m_a="1.000000" m_b="0.000000" m_c="0.000000" m_d="1.000000" m_tx="157.608093" m_ty="-54.032101"/>
  </frame>
  <frame idx="550" w="72" h="272" x="155.608063" y="-86.032104">
   <element name="swap_hat" layername="swap_hat-3" frame="2" z_index="1" m_a="1.000000" m_b="0.000000" m_c="0.000000" m_d="1.000000" m_tx="157.608093" m_ty="-54.032101"/>
  </frame>
  <frame idx="575" w="72" h="272" x="155.608063" y="-86.032104">
   <element name="swap_hat" layername="swap_hat-3" frame="2" z_index="1" m_a="1.000000" m_b="0.000000" m_c="0.000000" m_d="1.000000" m_tx="157.608093" m_ty="-54.032101"/>
  </frame>
  <frame idx="600" w="72" h="272" x="155.608063" y="-86.032104">
   <element name="swap_hat" layername="swap_hat-3" frame="2" z_index="1" m_a="1.000000" m_b="0.000000" m_c="0.000000" m_d="1.000000" m_tx="157.608093" m_ty="-54.032101"/>
  </frame>
  <frame idx="625" w="72" h="272" x="155.608063" y="-86.032104">
   <element name="swap_hat" layername="swap_hat-3" frame="2" z_index="1" m_a="1.000000" m_b="0.000000" m_c="0.000000" m_d="1.000000" m_tx="157.608093" m_ty="-54.032101"/>
  </frame>
  <frame idx="650" w="72" h="272" x="155.608063" y="-86.032104">
   <element name="swap_hat" layername="swap_hat-3" frame="2" z_index="1" m_a="1.000000" m_b="0.000000" m_c="0.000000" m_d="1.000000" m_tx="157.608093" m_ty="-54.032101"/>
  </frame>
  <frame idx="675" w="72" h="272" x="155.608063" y="-86.032104">
   <element name="swap_hat" layername="swap_hat-3" frame="2" z_index="1" m_a="1.000000" m_b="0.000000" m_c="0.000000" m_d="1.000000" m_tx="157.608093" m_ty="-54.032101"/>
  </frame>
  <frame idx="700" w="72" h="272" x="155.608063" y="-86.032104">
   <element name="swap_hat" layername="swap_hat-3" frame="2" z_index="1" m_a="1.000000" m_b="0.000000" m_c="0.000000" m_d="1.000000" m_tx="157.608093" m_ty="-54.032101"/>
  </frame>
  <frame idx="725" w="72" h="272" x="155.608063" y="-86.032104">
   <element name="swap_hat" layername="swap_hat-3" frame="2" z_index="1" m_a="1.000000" m_b="0.000000" m_c="0.000000" m_d="1.000000" m_tx="157.608093" m_ty="-54.032101"/>
  </frame>
  <frame idx="750" w="72" h="272" x="155.608063" y="-86.032104">
   <element name="swap_hat" layername="swap_hat-3" frame="2" z_index="1" m_a="1.000000" m_b="0.000000" m_c="0.000000" m_d="1.000000" m_tx="157.608093" m_ty="-54.032101"/>
  </frame>
  <frame idx="775" w="72" h="272" x="155.608063" y="-86.032104">
   <element name="swap_hat" layername="swap_hat-3" frame="2" z_index="1" m_a="1.000000" m_b="0.000000" m_c="0.000000" m_d="1.000000" m_tx="157.608093" m_ty="-54.032101"/>
  </frame>
  <frame idx="800" w="72" h="272" x="155.608063" y="-86.032104">
   <element name="swap_hat" layername="swap_hat-3" frame="2" z_index="1" m_a="1.000000" m_b="0.000000" m_c="0.000000" m_d="1.000000" m_tx="157.608093" m_ty="-54.032101"/>
  </frame>
  <frame idx="825" w="72" h="272" x="155.608063" y="-86.032104">
   <element name="swap_hat" layername="swap_hat-3" frame="2" z_index="1" m_a="1.000000" m_b="0.000000" m_c="0.000000" m_d="1.000000" m_tx="157.608093" m_ty="-54.032101"/>
  </frame>
  <frame idx="850" w="72" h="272" x="155.608063" y="-86.032104">
   <element name="swap_hat" layername="swap_hat-3" frame="2" z_index="1" m_a="1.000000" m_b="0.000000" m_c="0.000000" m_d="1.000000" m_tx="157.608093" m_ty="-54.032101"/>
  </frame>
  <frame idx="875" w="72" h="272" x="155.608063" y="-86.032104">
   <element name="swap_hat" layername="swap_hat-3" frame="2" z_index="1" m_a="1.000000" m_b="0.000000" m_c="0.000000" m_d="1.000000" m_tx="157.608093" m_ty="-54.032101"/>
  </frame>
  <frame idx="900" w="72" h="272" x="155.608063" y="-86.032104">
   <element name="swap_hat" layername="swap_hat-3" frame="2" z_index="1" m_a="1.000000" m_b="0.000000" m_c="0.000000" m_d="1.000000" m_tx="157.608093" m_ty="-54.032101"/>
  </frame>
  <frame idx="925" w="72" h="272" x="155.608063" y="-86.032104">
   <element name="swap_hat" layername="swap_hat-3" frame="2" z_index="1" m_a="1.000000" m_b="0.000000" m_c="0.000000" m_d="1.000000" m_tx="157.608093" m_ty="-54.032101"/>
  </frame>
  <frame idx="950" w="72" h="272" x="155.608063" y="-86.032104">
   <element name="swap_hat" layername="swap_hat-3" frame="2" z_index="1" m_a="1.000000" m_b="0.000000" m_c="0.000000" m_d="1.000000" m_tx="157.608093" m_ty="-54.032101"/>
  </frame>
  <frame idx="975" w="72" h="272" x="155.608063" y="-86.032104">
   <element name="swap_hat" layername="swap_hat-3" frame="2" z_index="1" m_a="1.000000" m_b="0.000000" m_c="0.000000" m_d="1.000000" m_tx="157.608093" m_ty="-54.032101"/>
  </frame>
 </anim>
</Anims>
