<Anims>
 <anim name="BUILD_PLAYER" root="custom_armor" numframes="50" framerate="40">
  <frame idx="0" w="1000" h="1028" x="-389.899475" y="-272.399475">
   <element name="swap_body" layername="SWAP_BODY" frame="0" z_index="8" m_a="1.000000" m_b="0.000000" m_c="0.000000" m_d="1.000000" m_tx="-304.250000" m_ty="-44.299999"/>
   <element name="wilson" layername="wilson" frame="0" z_index="7" m_a="1.000000" m_b="0.000000" m_c="0.000000" m_d="1.000000" m_tx="-426.107391" m_ty="-364.442963"/>
   <element name="wilson" layername="wilson" frame="1" z_index="9" m_a="1.000000" m_b="0.000000" m_c="0.000000" m_d="1.000000" m_tx="-426.770721" m_ty="-365.185242"/>
   <element name="wilson" layername="wilson-3" frame="2" z_index="4" m_a="1.000000" m_b="0.000000" m_c="0.000000" m_d="1.000000" m_tx="-146.486023" m_ty="-371.625702"/>
   <element name="wilson" layername="wilson-2" frame="3" z_index="6" m_a="1.000000" m_b="0.000000" m_c="0.000000" m_d="1.000000" m_tx="-147.044693" m_ty="-371.625702"/>
   <element name="swap_body" layername="swap_body-3" frame="3" z_index="5" m_a="1.000000" m_b="0.000000" m_c="0.000000" m_d="1.000000" m_tx="1.650000" m_ty="-43.000000"/>
   <element name="swap_body" layername="swap_body-6" frame="6" z_index="2" m_a="1.000000" m_b="0.000000" m_c="0.000000" m_d="1.000000" m_tx="294.899994" m_ty="-46.000000"/>
   <element name="wilson" layername="wilson-4" frame="4" z_index="3" m_a="1.000000" m_b="0.000000" m_c="0.000000" m_d="1.000000" m_tx="169.247437" m_ty="-367.942566"/>
  </frame>
  <frame idx="25" w="1000" h="1028" x="-389.899475" y="-272.399475">
   <element name="swap_body" layername="SWAP_BODY" frame="0" z_index="8" m_a="1.000000" m_b="0.000000" m_c="0.000000" m_d="1.000000" m_tx="-304.250000" m_ty="-44.299999"/>
   <element name="wilson" layername="wilson" frame="0" z_index="7" m_a="1.000000" m_b="0.000000" m_c="0.000000" m_d="1.000000" m_tx="-426.107391" m_ty="-364.442963"/>
   <element name="wilson" layername="wilson" frame="1" z_index="9" m_a="1.000000" m_b="0.000000" m_c="0.000000" m_d="1.000000" m_tx="-426.770721" m_ty="-365.185242"/>
   <element name="wilson" layername="wilson-3" frame="2" z_index="4" m_a="1.000000" m_b="0.000000" m_c="0.000000" m_d="1.000000" m_tx="-146.486023" m_ty="-371.625702"/>
   <element name="wilson" layername="wilson-2" frame="3" z_index="6" m_a="1.000000" m_b="0.000000" m_c="0.000000" m_d="1.000000" m_tx="-147.044693" m_ty="-371.625702"/>
   <element name="swap_body" layername="swap_body-3" frame="3" z_index="5" m_a="1.000000" m_b="0.000000" m_c="0.000000" m_d="1.000000" m_tx="1.650000" m_ty="-43.000000"/>
   <element name="swap_body" layername="swap_body-6" frame="6" z_index="2" m_a="1.000000" m_b="0.000000" m_c="0.000000" m_d="1.000000" m_tx="294.899994" m_ty="-46.000000"/>
   <element name="wilson" layername="wilson-4" frame="4" z_index="3" m_a="1.000000" m_b="0.000000" m_c="0.000000" m_d="1.000000" m_tx="169.247437" m_ty="-367.942566"/>
  </frame>
 </anim>
 <anim name="anim" root="custom_armor" numframes="1000" framerate="40">
  <frame idx="0" w="173" h="248" x="-7.373446" y="-63.598557">
   <element name="swap_body" layername="swap_body" frame="13" z_index="9" m_a="1.000000" m_b="0.000000" m_c="0.000000" m_d="1.000000" m_tx="-0.449000" m_ty="-0.299000"/>
  </frame>
  <frame idx="25" w="173" h="248" x="-7.373446" y="-63.598557">
   <element name="swap_body" layername="swap_body" frame="13" z_index="9" m_a="1.000000" m_b="0.000000" m_c="0.000000" m_d="1.000000" m_tx="-0.449000" m_ty="-0.299000"/>
  </frame>
  <frame idx="50" w="173" h="248" x="-7.373446" y="-63.598557">
   <element name="swap_body" layername="swap_body" frame="13" z_index="9" m_a="1.000000" m_b="0.000000" m_c="0.000000" m_d="1.000000" m_tx="-0.449000" m_ty="-0.299000"/>
  </frame>
  <frame idx="75" w="173" h="248" x="-7.373446" y="-63.598557">
   <element name="swap_body" layername="swap_body" frame="13" z_index="9" m_a="1.000000" m_b="0.000000" m_c="0.000000" m_d="1.000000" m_tx="-0.449000" m_ty="-0.299000"/>
  </frame>
  <frame idx="100" w="173" h="248" x="-7.373446" y="-63.598557">
   <element name="swap_body" layername="swap_body" frame="13" z_index="9" m_a="1.000000" m_b="0.000000" m_c="0.000000" m_d="1.000000" m_tx="-0.449000" m_ty="-0.299000"/>
  </frame>
  <frame idx="125" w="173" h="248" x="-7.373446" y="-63.598557">
   <element name="swap_body" layername="swap_body" frame="13" z_index="9" m_a="1.000000" m_b="0.000000" m_c="0.000000" m_d="1.000000" m_tx="-0.449000" m_ty="-0.299000"/>
  </frame>
  <frame idx="150" w="173" h="248" x="-7.373446" y="-63.598557">
   <element name="swap_body" layername="swap_body" frame="13" z_index="9" m_a="1.000000" m_b="0.000000" m_c="0.000000" m_d="1.000000" m_tx="-0.449000" m_ty="-0.299000"/>
  </frame>
  <frame idx="175" w="173" h="248" x="-7.373446" y="-63.598557">
   <element name="swap_body" layername="swap_body" frame="13" z_index="9" m_a="1.000000" m_b="0.000000" m_c="0.000000" m_d="1.000000" m_tx="-0.449000" m_ty="-0.299000"/>
  </frame>
  <frame idx="200" w="173" h="248" x="-7.373446" y="-63.598557">
   <element name="swap_body" layername="swap_body" frame="13" z_index="9" m_a="1.000000" m_b="0.000000" m_c="0.000000" m_d="1.000000" m_tx="-0.449000" m_ty="-0.299000"/>
  </frame>
  <frame idx="225" w="173" h="248" x="-7.373446" y="-63.598557">
   <element name="swap_body" layername="swap_body" frame="13" z_index="9" m_a="1.000000" m_b="0.000000" m_c="0.000000" m_d="1.000000" m_tx="-0.449000" m_ty="-0.299000"/>
  </frame>
  <frame idx="250" w="173" h="248" x="-7.373446" y="-63.598557">
   <element name="swap_body" layername="swap_body" frame="13" z_index="9" m_a="1.000000" m_b="0.000000" m_c="0.000000" m_d="1.000000" m_tx="-0.449000" m_ty="-0.299000"/>
  </frame>
  <frame idx="275" w="173" h="248" x="-7.373446" y="-63.598557">
   <element name="swap_body" layername="swap_body" frame="13" z_index="9" m_a="1.000000" m_b="0.000000" m_c="0.000000" m_d="1.000000" m_tx="-0.449000" m_ty="-0.299000"/>
  </frame>
  <frame idx="300" w="173" h="248" x="-7.373446" y="-63.598557">
   <element name="swap_body" layername="swap_body" frame="13" z_index="9" m_a="1.000000" m_b="0.000000" m_c="0.000000" m_d="1.000000" m_tx="-0.449000" m_ty="-0.299000"/>
  </frame>
  <frame idx="325" w="173" h="248" x="-7.373446" y="-63.598557">
   <element name="swap_body" layername="swap_body" frame="13" z_index="9" m_a="1.000000" m_b="0.000000" m_c="0.000000" m_d="1.000000" m_tx="-0.449000" m_ty="-0.299000"/>
  </frame>
  <frame idx="350" w="173" h="248" x="-7.373446" y="-63.598557">
   <element name="swap_body" layername="swap_body" frame="13" z_index="9" m_a="1.000000" m_b="0.000000" m_c="0.000000" m_d="1.000000" m_tx="-0.449000" m_ty="-0.299000"/>
  </frame>
  <frame idx="375" w="173" h="248" x="-7.373446" y="-63.598557">
   <element name="swap_body" layername="swap_body" frame="13" z_index="9" m_a="1.000000" m_b="0.000000" m_c="0.000000" m_d="1.000000" m_tx="-0.449000" m_ty="-0.299000"/>
  </frame>
  <frame idx="400" w="173" h="248" x="-7.373446" y="-63.598557">
   <element name="swap_body" layername="swap_body" frame="13" z_index="9" m_a="1.000000" m_b="0.000000" m_c="0.000000" m_d="1.000000" m_tx="-0.449000" m_ty="-0.299000"/>
  </frame>
  <frame idx="425" w="173" h="248" x="-7.373446" y="-63.598557">
   <element name="swap_body" layername="swap_body" frame="13" z_index="9" m_a="1.000000" m_b="0.000000" m_c="0.000000" m_d="1.000000" m_tx="-0.449000" m_ty="-0.299000"/>
  </frame>
  <frame idx="450" w="173" h="248" x="-7.373446" y="-63.598557">
   <element name="swap_body" layername="swap_body" frame="13" z_index="9" m_a="1.000000" m_b="0.000000" m_c="0.000000" m_d="1.000000" m_tx="-0.449000" m_ty="-0.299000"/>
  </frame>
  <frame idx="475" w="173" h="248" x="-7.373446" y="-63.598557">
   <element name="swap_body" layername="swap_body" frame="13" z_index="9" m_a="1.000000" m_b="0.000000" m_c="0.000000" m_d="1.000000" m_tx="-0.449000" m_ty="-0.299000"/>
  </frame>
  <frame idx="500" w="173" h="248" x="-7.373446" y="-63.598557">
   <element name="swap_body" layername="swap_body" frame="13" z_index="9" m_a="1.000000" m_b="0.000000" m_c="0.000000" m_d="1.000000" m_tx="-0.449000" m_ty="-0.299000"/>
  </frame>
  <frame idx="525" w="173" h="248" x="-7.373446" y="-63.598557">
   <element name="swap_body" layername="swap_body" frame="13" z_index="9" m_a="1.000000" m_b="0.000000" m_c="0.000000" m_d="1.000000" m_tx="-0.449000" m_ty="-0.299000"/>
  </frame>
  <frame idx="550" w="173" h="248" x="-7.373446" y="-63.598557">
   <element name="swap_body" layername="swap_body" frame="13" z_index="9" m_a="1.000000" m_b="0.000000" m_c="0.000000" m_d="1.000000" m_tx="-0.449000" m_ty="-0.299000"/>
  </frame>
  <frame idx="575" w="173" h="248" x="-7.373446" y="-63.598557">
   <element name="swap_body" layername="swap_body" frame="13" z_index="9" m_a="1.000000" m_b="0.000000" m_c="0.000000" m_d="1.000000" m_tx="-0.449000" m_ty="-0.299000"/>
  </frame>
  <frame idx="600" w="173" h="248" x="-7.373446" y="-63.598557">
   <element name="swap_body" layername="swap_body" frame="13" z_index="9" m_a="1.000000" m_b="0.000000" m_c="0.000000" m_d="1.000000" m_tx="-0.449000" m_ty="-0.299000"/>
  </frame>
  <frame idx="625" w="173" h="248" x="-7.373446" y="-63.598557">
   <element name="swap_body" layername="swap_body" frame="13" z_index="9" m_a="1.000000" m_b="0.000000" m_c="0.000000" m_d="1.000000" m_tx="-0.449000" m_ty="-0.299000"/>
  </frame>
  <frame idx="650" w="173" h="248" x="-7.373446" y="-63.598557">
   <element name="swap_body" layername="swap_body" frame="13" z_index="9" m_a="1.000000" m_b="0.000000" m_c="0.000000" m_d="1.000000" m_tx="-0.449000" m_ty="-0.299000"/>
  </frame>
  <frame idx="675" w="173" h="248" x="-7.373446" y="-63.598557">
   <element name="swap_body" layername="swap_body" frame="13" z_index="9" m_a="1.000000" m_b="0.000000" m_c="0.000000" m_d="1.000000" m_tx="-0.449000" m_ty="-0.299000"/>
  </frame>
  <frame idx="700" w="173" h="248" x="-7.373446" y="-63.598557">
   <element name="swap_body" layername="swap_body" frame="13" z_index="9" m_a="1.000000" m_b="0.000000" m_c="0.000000" m_d="1.000000" m_tx="-0.449000" m_ty="-0.299000"/>
  </frame>
  <frame idx="725" w="173" h="248" x="-7.373446" y="-63.598557">
   <element name="swap_body" layername="swap_body" frame="13" z_index="9" m_a="1.000000" m_b="0.000000" m_c="0.000000" m_d="1.000000" m_tx="-0.449000" m_ty="-0.299000"/>
  </frame>
  <frame idx="750" w="173" h="248" x="-7.373446" y="-63.598557">
   <element name="swap_body" layername="swap_body" frame="13" z_index="9" m_a="1.000000" m_b="0.000000" m_c="0.000000" m_d="1.000000" m_tx="-0.449000" m_ty="-0.299000"/>
  </frame>
  <frame idx="775" w="173" h="248" x="-7.373446" y="-63.598557">
   <element name="swap_body" layername="swap_body" frame="13" z_index="9" m_a="1.000000" m_b="0.000000" m_c="0.000000" m_d="1.000000" m_tx="-0.449000" m_ty="-0.299000"/>
  </frame>
  <frame idx="800" w="173" h="248" x="-7.373446" y="-63.598557">
   <element name="swap_body" layername="swap_body" frame="13" z_index="9" m_a="1.000000" m_b="0.000000" m_c="0.000000" m_d="1.000000" m_tx="-0.449000" m_ty="-0.299000"/>
  </frame>
  <frame idx="825" w="173" h="248" x="-7.373446" y="-63.598557">
   <element name="swap_body" layername="swap_body" frame="13" z_index="9" m_a="1.000000" m_b="0.000000" m_c="0.000000" m_d="1.000000" m_tx="-0.449000" m_ty="-0.299000"/>
  </frame>
  <frame idx="850" w="173" h="248" x="-7.373446" y="-63.598557">
   <element name="swap_body" layername="swap_body" frame="13" z_index="9" m_a="1.000000" m_b="0.000000" m_c="0.000000" m_d="1.000000" m_tx="-0.449000" m_ty="-0.299000"/>
  </frame>
  <frame idx="875" w="173" h="248" x="-7.373446" y="-63.598557">
   <element name="swap_body" layername="swap_body" frame="13" z_index="9" m_a="1.000000" m_b="0.000000" m_c="0.000000" m_d="1.000000" m_tx="-0.449000" m_ty="-0.299000"/>
  </frame>
  <frame idx="900" w="173" h="248" x="-7.373446" y="-63.598557">
   <element name="swap_body" layername="swap_body" frame="13" z_index="9" m_a="1.000000" m_b="0.000000" m_c="0.000000" m_d="1.000000" m_tx="-0.449000" m_ty="-0.299000"/>
  </frame>
  <frame idx="925" w="173" h="248" x="-7.373446" y="-63.598557">
   <element name="swap_body" layername="swap_body" frame="13" z_index="9" m_a="1.000000" m_b="0.000000" m_c="0.000000" m_d="1.000000" m_tx="-0.449000" m_ty="-0.299000"/>
  </frame>
  <frame idx="950" w="173" h="248" x="-7.373446" y="-63.598557">
   <element name="swap_body" layername="swap_body" frame="13" z_index="9" m_a="1.000000" m_b="0.000000" m_c="0.000000" m_d="1.000000" m_tx="-0.449000" m_ty="-0.299000"/>
  </frame>
  <frame idx="975" w="173" h="248" x="-7.373446" y="-63.598557">
   <element name="swap_body" layername="swap_body" frame="13" z_index="9" m_a="1.000000" m_b="0.000000" m_c="0.000000" m_d="1.000000" m_tx="-0.449000" m_ty="-0.299000"/>
  </frame>
 </anim>
</Anims>
