<Anims>
 <anim name="idle" root="ms_sprinthat_dye_pinkdanger" numframes="1000" framerate="40">
  <frame idx="0" w="334" h="312" x="-51.045761" y="-106.292236">
   <element name="swap_hat" layername="swap_hat-3" frame="3" z_index="1" m_a="0.705290" m_b="0.000000" m_c="0.000000" m_d="0.705290" m_tx="8.517670" m_ty="19.985773"/>
  </frame>
  <frame idx="25" w="334" h="312" x="-51.045761" y="-106.292236">
   <element name="swap_hat" layername="swap_hat-3" frame="3" z_index="1" m_a="0.705290" m_b="0.000000" m_c="0.000000" m_d="0.705290" m_tx="8.517670" m_ty="19.985773"/>
  </frame>
  <frame idx="50" w="334" h="312" x="-51.045761" y="-106.292236">
   <element name="swap_hat" layername="swap_hat-3" frame="3" z_index="1" m_a="0.705290" m_b="0.000000" m_c="0.000000" m_d="0.705290" m_tx="8.517670" m_ty="19.985773"/>
  </frame>
  <frame idx="75" w="334" h="312" x="-51.045761" y="-106.292236">
   <element name="swap_hat" layername="swap_hat-3" frame="3" z_index="1" m_a="0.705290" m_b="0.000000" m_c="0.000000" m_d="0.705290" m_tx="8.517670" m_ty="19.985773"/>
  </frame>
  <frame idx="100" w="334" h="312" x="-51.045761" y="-106.292236">
   <element name="swap_hat" layername="swap_hat-3" frame="3" z_index="1" m_a="0.705290" m_b="0.000000" m_c="0.000000" m_d="0.705290" m_tx="8.517670" m_ty="19.985773"/>
  </frame>
  <frame idx="125" w="334" h="312" x="-51.045761" y="-106.292236">
   <element name="swap_hat" layername="swap_hat-3" frame="3" z_index="1" m_a="0.705290" m_b="0.000000" m_c="0.000000" m_d="0.705290" m_tx="8.517670" m_ty="19.985773"/>
  </frame>
  <frame idx="150" w="334" h="312" x="-51.045761" y="-106.292236">
   <element name="swap_hat" layername="swap_hat-3" frame="3" z_index="1" m_a="0.705290" m_b="0.000000" m_c="0.000000" m_d="0.705290" m_tx="8.517670" m_ty="19.985773"/>
  </frame>
  <frame idx="175" w="334" h="312" x="-51.045761" y="-106.292236">
   <element name="swap_hat" layername="swap_hat-3" frame="3" z_index="1" m_a="0.705290" m_b="0.000000" m_c="0.000000" m_d="0.705290" m_tx="8.517670" m_ty="19.985773"/>
  </frame>
  <frame idx="200" w="334" h="312" x="-51.045761" y="-106.292236">
   <element name="swap_hat" layername="swap_hat-3" frame="3" z_index="1" m_a="0.705290" m_b="0.000000" m_c="0.000000" m_d="0.705290" m_tx="8.517670" m_ty="19.985773"/>
  </frame>
  <frame idx="225" w="334" h="312" x="-51.045761" y="-106.292236">
   <element name="swap_hat" layername="swap_hat-3" frame="3" z_index="1" m_a="0.705290" m_b="0.000000" m_c="0.000000" m_d="0.705290" m_tx="8.517670" m_ty="19.985773"/>
  </frame>
  <frame idx="250" w="334" h="312" x="-51.045761" y="-106.292236">
   <element name="swap_hat" layername="swap_hat-3" frame="3" z_index="1" m_a="0.705290" m_b="0.000000" m_c="0.000000" m_d="0.705290" m_tx="8.517670" m_ty="19.985773"/>
  </frame>
  <frame idx="275" w="334" h="312" x="-51.045761" y="-106.292236">
   <element name="swap_hat" layername="swap_hat-3" frame="3" z_index="1" m_a="0.705290" m_b="0.000000" m_c="0.000000" m_d="0.705290" m_tx="8.517670" m_ty="19.985773"/>
  </frame>
  <frame idx="300" w="334" h="312" x="-51.045761" y="-106.292236">
   <element name="swap_hat" layername="swap_hat-3" frame="3" z_index="1" m_a="0.705290" m_b="0.000000" m_c="0.000000" m_d="0.705290" m_tx="8.517670" m_ty="19.985773"/>
  </frame>
  <frame idx="325" w="334" h="312" x="-51.045761" y="-106.292236">
   <element name="swap_hat" layername="swap_hat-3" frame="3" z_index="1" m_a="0.705290" m_b="0.000000" m_c="0.000000" m_d="0.705290" m_tx="8.517670" m_ty="19.985773"/>
  </frame>
  <frame idx="350" w="334" h="312" x="-51.045761" y="-106.292236">
   <element name="swap_hat" layername="swap_hat-3" frame="3" z_index="1" m_a="0.705290" m_b="0.000000" m_c="0.000000" m_d="0.705290" m_tx="8.517670" m_ty="19.985773"/>
  </frame>
  <frame idx="375" w="334" h="312" x="-51.045761" y="-106.292236">
   <element name="swap_hat" layername="swap_hat-3" frame="3" z_index="1" m_a="0.705290" m_b="0.000000" m_c="0.000000" m_d="0.705290" m_tx="8.517670" m_ty="19.985773"/>
  </frame>
  <frame idx="400" w="334" h="312" x="-51.045761" y="-106.292236">
   <element name="swap_hat" layername="swap_hat-3" frame="3" z_index="1" m_a="0.705290" m_b="0.000000" m_c="0.000000" m_d="0.705290" m_tx="8.517670" m_ty="19.985773"/>
  </frame>
  <frame idx="425" w="334" h="312" x="-51.045761" y="-106.292236">
   <element name="swap_hat" layername="swap_hat-3" frame="3" z_index="1" m_a="0.705290" m_b="0.000000" m_c="0.000000" m_d="0.705290" m_tx="8.517670" m_ty="19.985773"/>
  </frame>
  <frame idx="450" w="334" h="312" x="-51.045761" y="-106.292236">
   <element name="swap_hat" layername="swap_hat-3" frame="3" z_index="1" m_a="0.705290" m_b="0.000000" m_c="0.000000" m_d="0.705290" m_tx="8.517670" m_ty="19.985773"/>
  </frame>
  <frame idx="475" w="334" h="312" x="-51.045761" y="-106.292236">
   <element name="swap_hat" layername="swap_hat-3" frame="3" z_index="1" m_a="0.705290" m_b="0.000000" m_c="0.000000" m_d="0.705290" m_tx="8.517670" m_ty="19.985773"/>
  </frame>
  <frame idx="500" w="334" h="312" x="-51.045761" y="-106.292236">
   <element name="swap_hat" layername="swap_hat-3" frame="3" z_index="1" m_a="0.705290" m_b="0.000000" m_c="0.000000" m_d="0.705290" m_tx="8.517670" m_ty="19.985773"/>
  </frame>
  <frame idx="525" w="334" h="312" x="-51.045761" y="-106.292236">
   <element name="swap_hat" layername="swap_hat-3" frame="3" z_index="1" m_a="0.705290" m_b="0.000000" m_c="0.000000" m_d="0.705290" m_tx="8.517670" m_ty="19.985773"/>
  </frame>
  <frame idx="550" w="334" h="312" x="-51.045761" y="-106.292236">
   <element name="swap_hat" layername="swap_hat-3" frame="3" z_index="1" m_a="0.705290" m_b="0.000000" m_c="0.000000" m_d="0.705290" m_tx="8.517670" m_ty="19.985773"/>
  </frame>
  <frame idx="575" w="334" h="312" x="-51.045761" y="-106.292236">
   <element name="swap_hat" layername="swap_hat-3" frame="3" z_index="1" m_a="0.705290" m_b="0.000000" m_c="0.000000" m_d="0.705290" m_tx="8.517670" m_ty="19.985773"/>
  </frame>
  <frame idx="600" w="334" h="312" x="-51.045761" y="-106.292236">
   <element name="swap_hat" layername="swap_hat-3" frame="3" z_index="1" m_a="0.705290" m_b="0.000000" m_c="0.000000" m_d="0.705290" m_tx="8.517670" m_ty="19.985773"/>
  </frame>
  <frame idx="625" w="334" h="312" x="-51.045761" y="-106.292236">
   <element name="swap_hat" layername="swap_hat-3" frame="3" z_index="1" m_a="0.705290" m_b="0.000000" m_c="0.000000" m_d="0.705290" m_tx="8.517670" m_ty="19.985773"/>
  </frame>
  <frame idx="650" w="334" h="312" x="-51.045761" y="-106.292236">
   <element name="swap_hat" layername="swap_hat-3" frame="3" z_index="1" m_a="0.705290" m_b="0.000000" m_c="0.000000" m_d="0.705290" m_tx="8.517670" m_ty="19.985773"/>
  </frame>
  <frame idx="675" w="334" h="312" x="-51.045761" y="-106.292236">
   <element name="swap_hat" layername="swap_hat-3" frame="3" z_index="1" m_a="0.705290" m_b="0.000000" m_c="0.000000" m_d="0.705290" m_tx="8.517670" m_ty="19.985773"/>
  </frame>
  <frame idx="700" w="334" h="312" x="-51.045761" y="-106.292236">
   <element name="swap_hat" layername="swap_hat-3" frame="3" z_index="1" m_a="0.705290" m_b="0.000000" m_c="0.000000" m_d="0.705290" m_tx="8.517670" m_ty="19.985773"/>
  </frame>
  <frame idx="725" w="334" h="312" x="-51.045761" y="-106.292236">
   <element name="swap_hat" layername="swap_hat-3" frame="3" z_index="1" m_a="0.705290" m_b="0.000000" m_c="0.000000" m_d="0.705290" m_tx="8.517670" m_ty="19.985773"/>
  </frame>
  <frame idx="750" w="334" h="312" x="-51.045761" y="-106.292236">
   <element name="swap_hat" layername="swap_hat-3" frame="3" z_index="1" m_a="0.705290" m_b="0.000000" m_c="0.000000" m_d="0.705290" m_tx="8.517670" m_ty="19.985773"/>
  </frame>
  <frame idx="775" w="334" h="312" x="-51.045761" y="-106.292236">
   <element name="swap_hat" layername="swap_hat-3" frame="3" z_index="1" m_a="0.705290" m_b="0.000000" m_c="0.000000" m_d="0.705290" m_tx="8.517670" m_ty="19.985773"/>
  </frame>
  <frame idx="800" w="334" h="312" x="-51.045761" y="-106.292236">
   <element name="swap_hat" layername="swap_hat-3" frame="3" z_index="1" m_a="0.705290" m_b="0.000000" m_c="0.000000" m_d="0.705290" m_tx="8.517670" m_ty="19.985773"/>
  </frame>
  <frame idx="825" w="334" h="312" x="-51.045761" y="-106.292236">
   <element name="swap_hat" layername="swap_hat-3" frame="3" z_index="1" m_a="0.705290" m_b="0.000000" m_c="0.000000" m_d="0.705290" m_tx="8.517670" m_ty="19.985773"/>
  </frame>
  <frame idx="850" w="334" h="312" x="-51.045761" y="-106.292236">
   <element name="swap_hat" layername="swap_hat-3" frame="3" z_index="1" m_a="0.705290" m_b="0.000000" m_c="0.000000" m_d="0.705290" m_tx="8.517670" m_ty="19.985773"/>
  </frame>
  <frame idx="875" w="334" h="312" x="-51.045761" y="-106.292236">
   <element name="swap_hat" layername="swap_hat-3" frame="3" z_index="1" m_a="0.705290" m_b="0.000000" m_c="0.000000" m_d="0.705290" m_tx="8.517670" m_ty="19.985773"/>
  </frame>
  <frame idx="900" w="334" h="312" x="-51.045761" y="-106.292236">
   <element name="swap_hat" layername="swap_hat-3" frame="3" z_index="1" m_a="0.705290" m_b="0.000000" m_c="0.000000" m_d="0.705290" m_tx="8.517670" m_ty="19.985773"/>
  </frame>
  <frame idx="925" w="334" h="312" x="-51.045761" y="-106.292236">
   <element name="swap_hat" layername="swap_hat-3" frame="3" z_index="1" m_a="0.705290" m_b="0.000000" m_c="0.000000" m_d="0.705290" m_tx="8.517670" m_ty="19.985773"/>
  </frame>
  <frame idx="950" w="334" h="312" x="-51.045761" y="-106.292236">
   <element name="swap_hat" layername="swap_hat-3" frame="3" z_index="1" m_a="0.705290" m_b="0.000000" m_c="0.000000" m_d="0.705290" m_tx="8.517670" m_ty="19.985773"/>
  </frame>
  <frame idx="975" w="334" h="312" x="-51.045761" y="-106.292236">
   <element name="swap_hat" layername="swap_hat-3" frame="3" z_index="1" m_a="0.705290" m_b="0.000000" m_c="0.000000" m_d="0.705290" m_tx="8.517670" m_ty="19.985773"/>
  </frame>
 </anim>
</Anims>
