<Anims>
 <anim name="idle" root="brewinghat" numframes="1000" framerate="40">
  <frame idx="0" w="327" h="313" x="-45.311249" y="-107.540009">
   <element name="swap_hat" layername="swap_hat-3" frame="3" z_index="1" m_a="0.705290" m_b="0.000000" m_c="0.000000" m_d="0.705290" m_tx="5.811774" m_ty="22.972246"/>
  </frame>
  <frame idx="25" w="327" h="313" x="-45.311249" y="-107.540009">
   <element name="swap_hat" layername="swap_hat-3" frame="3" z_index="1" m_a="0.705290" m_b="0.000000" m_c="0.000000" m_d="0.705290" m_tx="5.811774" m_ty="22.972246"/>
  </frame>
  <frame idx="50" w="327" h="313" x="-45.311249" y="-107.540009">
   <element name="swap_hat" layername="swap_hat-3" frame="3" z_index="1" m_a="0.705290" m_b="0.000000" m_c="0.000000" m_d="0.705290" m_tx="5.811774" m_ty="22.972246"/>
  </frame>
  <frame idx="75" w="327" h="313" x="-45.311249" y="-107.540009">
   <element name="swap_hat" layername="swap_hat-3" frame="3" z_index="1" m_a="0.705290" m_b="0.000000" m_c="0.000000" m_d="0.705290" m_tx="5.811774" m_ty="22.972246"/>
  </frame>
  <frame idx="100" w="327" h="313" x="-45.311249" y="-107.540009">
   <element name="swap_hat" layername="swap_hat-3" frame="3" z_index="1" m_a="0.705290" m_b="0.000000" m_c="0.000000" m_d="0.705290" m_tx="5.811774" m_ty="22.972246"/>
  </frame>
  <frame idx="125" w="327" h="313" x="-45.311249" y="-107.540009">
   <element name="swap_hat" layername="swap_hat-3" frame="3" z_index="1" m_a="0.705290" m_b="0.000000" m_c="0.000000" m_d="0.705290" m_tx="5.811774" m_ty="22.972246"/>
  </frame>
  <frame idx="150" w="327" h="313" x="-45.311249" y="-107.540009">
   <element name="swap_hat" layername="swap_hat-3" frame="3" z_index="1" m_a="0.705290" m_b="0.000000" m_c="0.000000" m_d="0.705290" m_tx="5.811774" m_ty="22.972246"/>
  </frame>
  <frame idx="175" w="327" h="313" x="-45.311249" y="-107.540009">
   <element name="swap_hat" layername="swap_hat-3" frame="3" z_index="1" m_a="0.705290" m_b="0.000000" m_c="0.000000" m_d="0.705290" m_tx="5.811774" m_ty="22.972246"/>
  </frame>
  <frame idx="200" w="327" h="313" x="-45.311249" y="-107.540009">
   <element name="swap_hat" layername="swap_hat-3" frame="3" z_index="1" m_a="0.705290" m_b="0.000000" m_c="0.000000" m_d="0.705290" m_tx="5.811774" m_ty="22.972246"/>
  </frame>
  <frame idx="225" w="327" h="313" x="-45.311249" y="-107.540009">
   <element name="swap_hat" layername="swap_hat-3" frame="3" z_index="1" m_a="0.705290" m_b="0.000000" m_c="0.000000" m_d="0.705290" m_tx="5.811774" m_ty="22.972246"/>
  </frame>
  <frame idx="250" w="327" h="313" x="-45.311249" y="-107.540009">
   <element name="swap_hat" layername="swap_hat-3" frame="3" z_index="1" m_a="0.705290" m_b="0.000000" m_c="0.000000" m_d="0.705290" m_tx="5.811774" m_ty="22.972246"/>
  </frame>
  <frame idx="275" w="327" h="313" x="-45.311249" y="-107.540009">
   <element name="swap_hat" layername="swap_hat-3" frame="3" z_index="1" m_a="0.705290" m_b="0.000000" m_c="0.000000" m_d="0.705290" m_tx="5.811774" m_ty="22.972246"/>
  </frame>
  <frame idx="300" w="327" h="313" x="-45.311249" y="-107.540009">
   <element name="swap_hat" layername="swap_hat-3" frame="3" z_index="1" m_a="0.705290" m_b="0.000000" m_c="0.000000" m_d="0.705290" m_tx="5.811774" m_ty="22.972246"/>
  </frame>
  <frame idx="325" w="327" h="313" x="-45.311249" y="-107.540009">
   <element name="swap_hat" layername="swap_hat-3" frame="3" z_index="1" m_a="0.705290" m_b="0.000000" m_c="0.000000" m_d="0.705290" m_tx="5.811774" m_ty="22.972246"/>
  </frame>
  <frame idx="350" w="327" h="313" x="-45.311249" y="-107.540009">
   <element name="swap_hat" layername="swap_hat-3" frame="3" z_index="1" m_a="0.705290" m_b="0.000000" m_c="0.000000" m_d="0.705290" m_tx="5.811774" m_ty="22.972246"/>
  </frame>
  <frame idx="375" w="327" h="313" x="-45.311249" y="-107.540009">
   <element name="swap_hat" layername="swap_hat-3" frame="3" z_index="1" m_a="0.705290" m_b="0.000000" m_c="0.000000" m_d="0.705290" m_tx="5.811774" m_ty="22.972246"/>
  </frame>
  <frame idx="400" w="327" h="313" x="-45.311249" y="-107.540009">
   <element name="swap_hat" layername="swap_hat-3" frame="3" z_index="1" m_a="0.705290" m_b="0.000000" m_c="0.000000" m_d="0.705290" m_tx="5.811774" m_ty="22.972246"/>
  </frame>
  <frame idx="425" w="327" h="313" x="-45.311249" y="-107.540009">
   <element name="swap_hat" layername="swap_hat-3" frame="3" z_index="1" m_a="0.705290" m_b="0.000000" m_c="0.000000" m_d="0.705290" m_tx="5.811774" m_ty="22.972246"/>
  </frame>
  <frame idx="450" w="327" h="313" x="-45.311249" y="-107.540009">
   <element name="swap_hat" layername="swap_hat-3" frame="3" z_index="1" m_a="0.705290" m_b="0.000000" m_c="0.000000" m_d="0.705290" m_tx="5.811774" m_ty="22.972246"/>
  </frame>
  <frame idx="475" w="327" h="313" x="-45.311249" y="-107.540009">
   <element name="swap_hat" layername="swap_hat-3" frame="3" z_index="1" m_a="0.705290" m_b="0.000000" m_c="0.000000" m_d="0.705290" m_tx="5.811774" m_ty="22.972246"/>
  </frame>
  <frame idx="500" w="327" h="313" x="-45.311249" y="-107.540009">
   <element name="swap_hat" layername="swap_hat-3" frame="3" z_index="1" m_a="0.705290" m_b="0.000000" m_c="0.000000" m_d="0.705290" m_tx="5.811774" m_ty="22.972246"/>
  </frame>
  <frame idx="525" w="327" h="313" x="-45.311249" y="-107.540009">
   <element name="swap_hat" layername="swap_hat-3" frame="3" z_index="1" m_a="0.705290" m_b="0.000000" m_c="0.000000" m_d="0.705290" m_tx="5.811774" m_ty="22.972246"/>
  </frame>
  <frame idx="550" w="327" h="313" x="-45.311249" y="-107.540009">
   <element name="swap_hat" layername="swap_hat-3" frame="3" z_index="1" m_a="0.705290" m_b="0.000000" m_c="0.000000" m_d="0.705290" m_tx="5.811774" m_ty="22.972246"/>
  </frame>
  <frame idx="575" w="327" h="313" x="-45.311249" y="-107.540009">
   <element name="swap_hat" layername="swap_hat-3" frame="3" z_index="1" m_a="0.705290" m_b="0.000000" m_c="0.000000" m_d="0.705290" m_tx="5.811774" m_ty="22.972246"/>
  </frame>
  <frame idx="600" w="327" h="313" x="-45.311249" y="-107.540009">
   <element name="swap_hat" layername="swap_hat-3" frame="3" z_index="1" m_a="0.705290" m_b="0.000000" m_c="0.000000" m_d="0.705290" m_tx="5.811774" m_ty="22.972246"/>
  </frame>
  <frame idx="625" w="327" h="313" x="-45.311249" y="-107.540009">
   <element name="swap_hat" layername="swap_hat-3" frame="3" z_index="1" m_a="0.705290" m_b="0.000000" m_c="0.000000" m_d="0.705290" m_tx="5.811774" m_ty="22.972246"/>
  </frame>
  <frame idx="650" w="327" h="313" x="-45.311249" y="-107.540009">
   <element name="swap_hat" layername="swap_hat-3" frame="3" z_index="1" m_a="0.705290" m_b="0.000000" m_c="0.000000" m_d="0.705290" m_tx="5.811774" m_ty="22.972246"/>
  </frame>
  <frame idx="675" w="327" h="313" x="-45.311249" y="-107.540009">
   <element name="swap_hat" layername="swap_hat-3" frame="3" z_index="1" m_a="0.705290" m_b="0.000000" m_c="0.000000" m_d="0.705290" m_tx="5.811774" m_ty="22.972246"/>
  </frame>
  <frame idx="700" w="327" h="313" x="-45.311249" y="-107.540009">
   <element name="swap_hat" layername="swap_hat-3" frame="3" z_index="1" m_a="0.705290" m_b="0.000000" m_c="0.000000" m_d="0.705290" m_tx="5.811774" m_ty="22.972246"/>
  </frame>
  <frame idx="725" w="327" h="313" x="-45.311249" y="-107.540009">
   <element name="swap_hat" layername="swap_hat-3" frame="3" z_index="1" m_a="0.705290" m_b="0.000000" m_c="0.000000" m_d="0.705290" m_tx="5.811774" m_ty="22.972246"/>
  </frame>
  <frame idx="750" w="327" h="313" x="-45.311249" y="-107.540009">
   <element name="swap_hat" layername="swap_hat-3" frame="3" z_index="1" m_a="0.705290" m_b="0.000000" m_c="0.000000" m_d="0.705290" m_tx="5.811774" m_ty="22.972246"/>
  </frame>
  <frame idx="775" w="327" h="313" x="-45.311249" y="-107.540009">
   <element name="swap_hat" layername="swap_hat-3" frame="3" z_index="1" m_a="0.705290" m_b="0.000000" m_c="0.000000" m_d="0.705290" m_tx="5.811774" m_ty="22.972246"/>
  </frame>
  <frame idx="800" w="327" h="313" x="-45.311249" y="-107.540009">
   <element name="swap_hat" layername="swap_hat-3" frame="3" z_index="1" m_a="0.705290" m_b="0.000000" m_c="0.000000" m_d="0.705290" m_tx="5.811774" m_ty="22.972246"/>
  </frame>
  <frame idx="825" w="327" h="313" x="-45.311249" y="-107.540009">
   <element name="swap_hat" layername="swap_hat-3" frame="3" z_index="1" m_a="0.705290" m_b="0.000000" m_c="0.000000" m_d="0.705290" m_tx="5.811774" m_ty="22.972246"/>
  </frame>
  <frame idx="850" w="327" h="313" x="-45.311249" y="-107.540009">
   <element name="swap_hat" layername="swap_hat-3" frame="3" z_index="1" m_a="0.705290" m_b="0.000000" m_c="0.000000" m_d="0.705290" m_tx="5.811774" m_ty="22.972246"/>
  </frame>
  <frame idx="875" w="327" h="313" x="-45.311249" y="-107.540009">
   <element name="swap_hat" layername="swap_hat-3" frame="3" z_index="1" m_a="0.705290" m_b="0.000000" m_c="0.000000" m_d="0.705290" m_tx="5.811774" m_ty="22.972246"/>
  </frame>
  <frame idx="900" w="327" h="313" x="-45.311249" y="-107.540009">
   <element name="swap_hat" layername="swap_hat-3" frame="3" z_index="1" m_a="0.705290" m_b="0.000000" m_c="0.000000" m_d="0.705290" m_tx="5.811774" m_ty="22.972246"/>
  </frame>
  <frame idx="925" w="327" h="313" x="-45.311249" y="-107.540009">
   <element name="swap_hat" layername="swap_hat-3" frame="3" z_index="1" m_a="0.705290" m_b="0.000000" m_c="0.000000" m_d="0.705290" m_tx="5.811774" m_ty="22.972246"/>
  </frame>
  <frame idx="950" w="327" h="313" x="-45.311249" y="-107.540009">
   <element name="swap_hat" layername="swap_hat-3" frame="3" z_index="1" m_a="0.705290" m_b="0.000000" m_c="0.000000" m_d="0.705290" m_tx="5.811774" m_ty="22.972246"/>
  </frame>
  <frame idx="975" w="327" h="313" x="-45.311249" y="-107.540009">
   <element name="swap_hat" layername="swap_hat-3" frame="3" z_index="1" m_a="0.705290" m_b="0.000000" m_c="0.000000" m_d="0.705290" m_tx="5.811774" m_ty="22.972246"/>
  </frame>
 </anim>
</Anims>
