<Anims>
 <anim name="idle" root="ms_hatbrella_bowkid_ground" numframes="1000" framerate="40">
  <frame idx="0" w="151" h="714" x="13.848663" y="-188.766663">
   <element name="swap_object_ground" layername="swap_object_ground" frame="0" z_index="1" m_a="1.000000" m_b="0.000000" m_c="0.000000" m_d="0.945827" m_tx="0.091713" m_ty="59.798286"/>
  </frame>
  <frame idx="25" w="151" h="714" x="13.848663" y="-188.766663">
   <element name="swap_object_ground" layername="swap_object_ground" frame="0" z_index="1" m_a="1.000000" m_b="0.000000" m_c="0.000000" m_d="0.945827" m_tx="0.091713" m_ty="59.798286"/>
  </frame>
  <frame idx="50" w="151" h="714" x="13.848663" y="-188.766663">
   <element name="swap_object_ground" layername="swap_object_ground" frame="0" z_index="1" m_a="1.000000" m_b="0.000000" m_c="0.000000" m_d="0.945827" m_tx="0.091713" m_ty="59.798286"/>
  </frame>
  <frame idx="75" w="151" h="714" x="13.848663" y="-188.766663">
   <element name="swap_object_ground" layername="swap_object_ground" frame="0" z_index="1" m_a="1.000000" m_b="0.000000" m_c="0.000000" m_d="0.945827" m_tx="0.091713" m_ty="59.798286"/>
  </frame>
  <frame idx="100" w="151" h="714" x="13.848663" y="-188.766663">
   <element name="swap_object_ground" layername="swap_object_ground" frame="0" z_index="1" m_a="1.000000" m_b="0.000000" m_c="0.000000" m_d="0.945827" m_tx="0.091713" m_ty="59.798286"/>
  </frame>
  <frame idx="125" w="151" h="714" x="13.848663" y="-188.766663">
   <element name="swap_object_ground" layername="swap_object_ground" frame="0" z_index="1" m_a="1.000000" m_b="0.000000" m_c="0.000000" m_d="0.945827" m_tx="0.091713" m_ty="59.798286"/>
  </frame>
  <frame idx="150" w="151" h="714" x="13.848663" y="-188.766663">
   <element name="swap_object_ground" layername="swap_object_ground" frame="0" z_index="1" m_a="1.000000" m_b="0.000000" m_c="0.000000" m_d="0.945827" m_tx="0.091713" m_ty="59.798286"/>
  </frame>
  <frame idx="175" w="151" h="714" x="13.848663" y="-188.766663">
   <element name="swap_object_ground" layername="swap_object_ground" frame="0" z_index="1" m_a="1.000000" m_b="0.000000" m_c="0.000000" m_d="0.945827" m_tx="0.091713" m_ty="59.798286"/>
  </frame>
  <frame idx="200" w="151" h="714" x="13.848663" y="-188.766663">
   <element name="swap_object_ground" layername="swap_object_ground" frame="0" z_index="1" m_a="1.000000" m_b="0.000000" m_c="0.000000" m_d="0.945827" m_tx="0.091713" m_ty="59.798286"/>
  </frame>
  <frame idx="225" w="151" h="714" x="13.848663" y="-188.766663">
   <element name="swap_object_ground" layername="swap_object_ground" frame="0" z_index="1" m_a="1.000000" m_b="0.000000" m_c="0.000000" m_d="0.945827" m_tx="0.091713" m_ty="59.798286"/>
  </frame>
  <frame idx="250" w="151" h="714" x="13.848663" y="-188.766663">
   <element name="swap_object_ground" layername="swap_object_ground" frame="0" z_index="1" m_a="1.000000" m_b="0.000000" m_c="0.000000" m_d="0.945827" m_tx="0.091713" m_ty="59.798286"/>
  </frame>
  <frame idx="275" w="151" h="714" x="13.848663" y="-188.766663">
   <element name="swap_object_ground" layername="swap_object_ground" frame="0" z_index="1" m_a="1.000000" m_b="0.000000" m_c="0.000000" m_d="0.945827" m_tx="0.091713" m_ty="59.798286"/>
  </frame>
  <frame idx="300" w="151" h="714" x="13.848663" y="-188.766663">
   <element name="swap_object_ground" layername="swap_object_ground" frame="0" z_index="1" m_a="1.000000" m_b="0.000000" m_c="0.000000" m_d="0.945827" m_tx="0.091713" m_ty="59.798286"/>
  </frame>
  <frame idx="325" w="151" h="714" x="13.848663" y="-188.766663">
   <element name="swap_object_ground" layername="swap_object_ground" frame="0" z_index="1" m_a="1.000000" m_b="0.000000" m_c="0.000000" m_d="0.945827" m_tx="0.091713" m_ty="59.798286"/>
  </frame>
  <frame idx="350" w="151" h="714" x="13.848663" y="-188.766663">
   <element name="swap_object_ground" layername="swap_object_ground" frame="0" z_index="1" m_a="1.000000" m_b="0.000000" m_c="0.000000" m_d="0.945827" m_tx="0.091713" m_ty="59.798286"/>
  </frame>
  <frame idx="375" w="151" h="714" x="13.848663" y="-188.766663">
   <element name="swap_object_ground" layername="swap_object_ground" frame="0" z_index="1" m_a="1.000000" m_b="0.000000" m_c="0.000000" m_d="0.945827" m_tx="0.091713" m_ty="59.798286"/>
  </frame>
  <frame idx="400" w="151" h="714" x="13.848663" y="-188.766663">
   <element name="swap_object_ground" layername="swap_object_ground" frame="0" z_index="1" m_a="1.000000" m_b="0.000000" m_c="0.000000" m_d="0.945827" m_tx="0.091713" m_ty="59.798286"/>
  </frame>
  <frame idx="425" w="151" h="714" x="13.848663" y="-188.766663">
   <element name="swap_object_ground" layername="swap_object_ground" frame="0" z_index="1" m_a="1.000000" m_b="0.000000" m_c="0.000000" m_d="0.945827" m_tx="0.091713" m_ty="59.798286"/>
  </frame>
  <frame idx="450" w="151" h="714" x="13.848663" y="-188.766663">
   <element name="swap_object_ground" layername="swap_object_ground" frame="0" z_index="1" m_a="1.000000" m_b="0.000000" m_c="0.000000" m_d="0.945827" m_tx="0.091713" m_ty="59.798286"/>
  </frame>
  <frame idx="475" w="151" h="714" x="13.848663" y="-188.766663">
   <element name="swap_object_ground" layername="swap_object_ground" frame="0" z_index="1" m_a="1.000000" m_b="0.000000" m_c="0.000000" m_d="0.945827" m_tx="0.091713" m_ty="59.798286"/>
  </frame>
  <frame idx="500" w="151" h="714" x="13.848663" y="-188.766663">
   <element name="swap_object_ground" layername="swap_object_ground" frame="0" z_index="1" m_a="1.000000" m_b="0.000000" m_c="0.000000" m_d="0.945827" m_tx="0.091713" m_ty="59.798286"/>
  </frame>
  <frame idx="525" w="151" h="714" x="13.848663" y="-188.766663">
   <element name="swap_object_ground" layername="swap_object_ground" frame="0" z_index="1" m_a="1.000000" m_b="0.000000" m_c="0.000000" m_d="0.945827" m_tx="0.091713" m_ty="59.798286"/>
  </frame>
  <frame idx="550" w="151" h="714" x="13.848663" y="-188.766663">
   <element name="swap_object_ground" layername="swap_object_ground" frame="0" z_index="1" m_a="1.000000" m_b="0.000000" m_c="0.000000" m_d="0.945827" m_tx="0.091713" m_ty="59.798286"/>
  </frame>
  <frame idx="575" w="151" h="714" x="13.848663" y="-188.766663">
   <element name="swap_object_ground" layername="swap_object_ground" frame="0" z_index="1" m_a="1.000000" m_b="0.000000" m_c="0.000000" m_d="0.945827" m_tx="0.091713" m_ty="59.798286"/>
  </frame>
  <frame idx="600" w="151" h="714" x="13.848663" y="-188.766663">
   <element name="swap_object_ground" layername="swap_object_ground" frame="0" z_index="1" m_a="1.000000" m_b="0.000000" m_c="0.000000" m_d="0.945827" m_tx="0.091713" m_ty="59.798286"/>
  </frame>
  <frame idx="625" w="151" h="714" x="13.848663" y="-188.766663">
   <element name="swap_object_ground" layername="swap_object_ground" frame="0" z_index="1" m_a="1.000000" m_b="0.000000" m_c="0.000000" m_d="0.945827" m_tx="0.091713" m_ty="59.798286"/>
  </frame>
  <frame idx="650" w="151" h="714" x="13.848663" y="-188.766663">
   <element name="swap_object_ground" layername="swap_object_ground" frame="0" z_index="1" m_a="1.000000" m_b="0.000000" m_c="0.000000" m_d="0.945827" m_tx="0.091713" m_ty="59.798286"/>
  </frame>
  <frame idx="675" w="151" h="714" x="13.848663" y="-188.766663">
   <element name="swap_object_ground" layername="swap_object_ground" frame="0" z_index="1" m_a="1.000000" m_b="0.000000" m_c="0.000000" m_d="0.945827" m_tx="0.091713" m_ty="59.798286"/>
  </frame>
  <frame idx="700" w="151" h="714" x="13.848663" y="-188.766663">
   <element name="swap_object_ground" layername="swap_object_ground" frame="0" z_index="1" m_a="1.000000" m_b="0.000000" m_c="0.000000" m_d="0.945827" m_tx="0.091713" m_ty="59.798286"/>
  </frame>
  <frame idx="725" w="151" h="714" x="13.848663" y="-188.766663">
   <element name="swap_object_ground" layername="swap_object_ground" frame="0" z_index="1" m_a="1.000000" m_b="0.000000" m_c="0.000000" m_d="0.945827" m_tx="0.091713" m_ty="59.798286"/>
  </frame>
  <frame idx="750" w="151" h="714" x="13.848663" y="-188.766663">
   <element name="swap_object_ground" layername="swap_object_ground" frame="0" z_index="1" m_a="1.000000" m_b="0.000000" m_c="0.000000" m_d="0.945827" m_tx="0.091713" m_ty="59.798286"/>
  </frame>
  <frame idx="775" w="151" h="714" x="13.848663" y="-188.766663">
   <element name="swap_object_ground" layername="swap_object_ground" frame="0" z_index="1" m_a="1.000000" m_b="0.000000" m_c="0.000000" m_d="0.945827" m_tx="0.091713" m_ty="59.798286"/>
  </frame>
  <frame idx="800" w="151" h="714" x="13.848663" y="-188.766663">
   <element name="swap_object_ground" layername="swap_object_ground" frame="0" z_index="1" m_a="1.000000" m_b="0.000000" m_c="0.000000" m_d="0.945827" m_tx="0.091713" m_ty="59.798286"/>
  </frame>
  <frame idx="825" w="151" h="714" x="13.848663" y="-188.766663">
   <element name="swap_object_ground" layername="swap_object_ground" frame="0" z_index="1" m_a="1.000000" m_b="0.000000" m_c="0.000000" m_d="0.945827" m_tx="0.091713" m_ty="59.798286"/>
  </frame>
  <frame idx="850" w="151" h="714" x="13.848663" y="-188.766663">
   <element name="swap_object_ground" layername="swap_object_ground" frame="0" z_index="1" m_a="1.000000" m_b="0.000000" m_c="0.000000" m_d="0.945827" m_tx="0.091713" m_ty="59.798286"/>
  </frame>
  <frame idx="875" w="151" h="714" x="13.848663" y="-188.766663">
   <element name="swap_object_ground" layername="swap_object_ground" frame="0" z_index="1" m_a="1.000000" m_b="0.000000" m_c="0.000000" m_d="0.945827" m_tx="0.091713" m_ty="59.798286"/>
  </frame>
  <frame idx="900" w="151" h="714" x="13.848663" y="-188.766663">
   <element name="swap_object_ground" layername="swap_object_ground" frame="0" z_index="1" m_a="1.000000" m_b="0.000000" m_c="0.000000" m_d="0.945827" m_tx="0.091713" m_ty="59.798286"/>
  </frame>
  <frame idx="925" w="151" h="714" x="13.848663" y="-188.766663">
   <element name="swap_object_ground" layername="swap_object_ground" frame="0" z_index="1" m_a="1.000000" m_b="0.000000" m_c="0.000000" m_d="0.945827" m_tx="0.091713" m_ty="59.798286"/>
  </frame>
  <frame idx="950" w="151" h="714" x="13.848663" y="-188.766663">
   <element name="swap_object_ground" layername="swap_object_ground" frame="0" z_index="1" m_a="1.000000" m_b="0.000000" m_c="0.000000" m_d="0.945827" m_tx="0.091713" m_ty="59.798286"/>
  </frame>
  <frame idx="975" w="151" h="714" x="13.848663" y="-188.766663">
   <element name="swap_object_ground" layername="swap_object_ground" frame="0" z_index="1" m_a="1.000000" m_b="0.000000" m_c="0.000000" m_d="0.945827" m_tx="0.091713" m_ty="59.798286"/>
  </frame>
 </anim>
</Anims>
