<Anims>
 <anim name="BUILD" root="hatbrella" numframes="50" framerate="40">
  <frame idx="0" w="1275" h="732" x="-27.473999" y="-73.428558">
   <element name="swap_object" layername="timeline_0" frame="0" z_index="6" m_a="0.993815" m_b="0.111052" m_c="-0.111052" m_d="0.993815" m_tx="-259.195435" m_ty="-108.688004"/>
   <element name="wilson" layername="timeline_1" frame="0" z_index="5" m_a="1.000000" m_b="0.000000" m_c="0.000000" m_d="1.000000" m_tx="-548.973999" m_ty="-364.090912"/>
   <element name="wilson" layername="timeline_2" frame="1" z_index="3" m_a="1.000000" m_b="0.000000" m_c="0.000000" m_d="1.000000" m_tx="-146.753250" m_ty="-372.428558"/>
   <element name="swap_object" layername="timeline_3" frame="0" z_index="4" m_a="0.986853" m_b="0.161621" m_c="-0.161621" m_d="0.986853" m_tx="99.399330" m_ty="-103.718140"/>
   <element name="swap_object" layername="timeline_4" frame="0" z_index="2" m_a="0.991910" m_b="-0.126943" m_c="0.126943" m_d="0.991910" m_tx="289.269714" m_ty="-121.424980"/>
   <element name="wilson" layername="timeline_5" frame="2" z_index="1" m_a="1.000000" m_b="0.000000" m_c="0.000000" m_d="1.000000" m_tx="371.974030" m_ty="-368.584412"/>
  </frame>
  <frame idx="25" w="1275" h="732" x="-27.473999" y="-73.428558">
   <element name="swap_object" layername="timeline_0" frame="0" z_index="6" m_a="0.993815" m_b="0.111052" m_c="-0.111052" m_d="0.993815" m_tx="-259.195435" m_ty="-108.688004"/>
   <element name="wilson" layername="timeline_1" frame="0" z_index="5" m_a="1.000000" m_b="0.000000" m_c="0.000000" m_d="1.000000" m_tx="-548.973999" m_ty="-364.090912"/>
   <element name="wilson" layername="timeline_2" frame="1" z_index="3" m_a="1.000000" m_b="0.000000" m_c="0.000000" m_d="1.000000" m_tx="-146.753250" m_ty="-372.428558"/>
   <element name="swap_object" layername="timeline_3" frame="0" z_index="4" m_a="0.986853" m_b="0.161621" m_c="-0.161621" m_d="0.986853" m_tx="99.399330" m_ty="-103.718140"/>
   <element name="swap_object" layername="timeline_4" frame="0" z_index="2" m_a="0.991910" m_b="-0.126943" m_c="0.126943" m_d="0.991910" m_tx="289.269714" m_ty="-121.424980"/>
   <element name="wilson" layername="timeline_5" frame="2" z_index="1" m_a="1.000000" m_b="0.000000" m_c="0.000000" m_d="1.000000" m_tx="371.974030" m_ty="-368.584412"/>
  </frame>
 </anim>
</Anims>
