<Anims>
 <anim name="idle" root="pon" numframes="1000" framerate="40">
  <frame idx="0" w="72" h="71" x="-0.029247" y="0.002625">
   <element name="pon_pickup" layername="pon_large" frame="0" z_index="3" m_a="1.000000" m_b="0.000000" m_c="0.000000" m_d="1.000000" m_tx="0.000000" m_ty="0.000000"/>
  </frame>
  <frame idx="25" w="72" h="71" x="-0.029247" y="0.002625">
   <element name="pon_pickup" layername="pon_large" frame="0" z_index="3" m_a="1.000000" m_b="0.000000" m_c="0.000000" m_d="1.000000" m_tx="0.000000" m_ty="0.000000"/>
  </frame>
  <frame idx="50" w="72" h="71" x="-0.029247" y="0.002625">
   <element name="pon_pickup" layername="pon_large" frame="0" z_index="3" m_a="1.000000" m_b="0.000000" m_c="0.000000" m_d="1.000000" m_tx="0.000000" m_ty="0.000000"/>
  </frame>
  <frame idx="75" w="72" h="71" x="-0.029247" y="0.002625">
   <element name="pon_pickup" layername="pon_large" frame="0" z_index="3" m_a="1.000000" m_b="0.000000" m_c="0.000000" m_d="1.000000" m_tx="0.000000" m_ty="0.000000"/>
  </frame>
  <frame idx="100" w="72" h="71" x="-0.029247" y="0.002625">
   <element name="pon_pickup" layername="pon_large" frame="0" z_index="3" m_a="1.000000" m_b="0.000000" m_c="0.000000" m_d="1.000000" m_tx="0.000000" m_ty="0.000000"/>
  </frame>
  <frame idx="125" w="72" h="71" x="-0.029247" y="0.002625">
   <element name="pon_pickup" layername="pon_large" frame="0" z_index="3" m_a="1.000000" m_b="0.000000" m_c="0.000000" m_d="1.000000" m_tx="0.000000" m_ty="0.000000"/>
  </frame>
  <frame idx="150" w="72" h="71" x="-0.029247" y="0.002625">
   <element name="pon_pickup" layername="pon_large" frame="0" z_index="3" m_a="1.000000" m_b="0.000000" m_c="0.000000" m_d="1.000000" m_tx="0.000000" m_ty="0.000000"/>
  </frame>
  <frame idx="175" w="72" h="71" x="-0.029247" y="0.002625">
   <element name="pon_pickup" layername="pon_large" frame="0" z_index="3" m_a="1.000000" m_b="0.000000" m_c="0.000000" m_d="1.000000" m_tx="0.000000" m_ty="0.000000"/>
  </frame>
  <frame idx="200" w="72" h="71" x="-0.029247" y="0.002625">
   <element name="pon_pickup" layername="pon_large" frame="0" z_index="3" m_a="1.000000" m_b="0.000000" m_c="0.000000" m_d="1.000000" m_tx="0.000000" m_ty="0.000000"/>
  </frame>
  <frame idx="225" w="72" h="71" x="-0.029247" y="0.002625">
   <element name="pon_pickup" layername="pon_large" frame="0" z_index="3" m_a="1.000000" m_b="0.000000" m_c="0.000000" m_d="1.000000" m_tx="0.000000" m_ty="0.000000"/>
  </frame>
  <frame idx="250" w="72" h="71" x="-0.029247" y="0.002625">
   <element name="pon_pickup" layername="pon_large" frame="0" z_index="3" m_a="1.000000" m_b="0.000000" m_c="0.000000" m_d="1.000000" m_tx="0.000000" m_ty="0.000000"/>
  </frame>
  <frame idx="275" w="72" h="71" x="-0.029247" y="0.002625">
   <element name="pon_pickup" layername="pon_large" frame="0" z_index="3" m_a="1.000000" m_b="0.000000" m_c="0.000000" m_d="1.000000" m_tx="0.000000" m_ty="0.000000"/>
  </frame>
  <frame idx="300" w="72" h="71" x="-0.029247" y="0.002625">
   <element name="pon_pickup" layername="pon_large" frame="0" z_index="3" m_a="1.000000" m_b="0.000000" m_c="0.000000" m_d="1.000000" m_tx="0.000000" m_ty="0.000000"/>
  </frame>
  <frame idx="325" w="72" h="71" x="-0.029247" y="0.002625">
   <element name="pon_pickup" layername="pon_large" frame="0" z_index="3" m_a="1.000000" m_b="0.000000" m_c="0.000000" m_d="1.000000" m_tx="0.000000" m_ty="0.000000"/>
  </frame>
  <frame idx="350" w="72" h="71" x="-0.029247" y="0.002625">
   <element name="pon_pickup" layername="pon_large" frame="0" z_index="3" m_a="1.000000" m_b="0.000000" m_c="0.000000" m_d="1.000000" m_tx="0.000000" m_ty="0.000000"/>
  </frame>
  <frame idx="375" w="72" h="71" x="-0.029247" y="0.002625">
   <element name="pon_pickup" layername="pon_large" frame="0" z_index="3" m_a="1.000000" m_b="0.000000" m_c="0.000000" m_d="1.000000" m_tx="0.000000" m_ty="0.000000"/>
  </frame>
  <frame idx="400" w="72" h="71" x="-0.029247" y="0.002625">
   <element name="pon_pickup" layername="pon_large" frame="0" z_index="3" m_a="1.000000" m_b="0.000000" m_c="0.000000" m_d="1.000000" m_tx="0.000000" m_ty="0.000000"/>
  </frame>
  <frame idx="425" w="72" h="71" x="-0.029247" y="0.002625">
   <element name="pon_pickup" layername="pon_large" frame="0" z_index="3" m_a="1.000000" m_b="0.000000" m_c="0.000000" m_d="1.000000" m_tx="0.000000" m_ty="0.000000"/>
  </frame>
  <frame idx="450" w="72" h="71" x="-0.029247" y="0.002625">
   <element name="pon_pickup" layername="pon_large" frame="0" z_index="3" m_a="1.000000" m_b="0.000000" m_c="0.000000" m_d="1.000000" m_tx="0.000000" m_ty="0.000000"/>
  </frame>
  <frame idx="475" w="72" h="71" x="-0.029247" y="0.002625">
   <element name="pon_pickup" layername="pon_large" frame="0" z_index="3" m_a="1.000000" m_b="0.000000" m_c="0.000000" m_d="1.000000" m_tx="0.000000" m_ty="0.000000"/>
  </frame>
  <frame idx="500" w="72" h="71" x="-0.029247" y="0.002625">
   <element name="pon_pickup" layername="pon_large" frame="0" z_index="3" m_a="1.000000" m_b="0.000000" m_c="0.000000" m_d="1.000000" m_tx="0.000000" m_ty="0.000000"/>
  </frame>
  <frame idx="525" w="72" h="71" x="-0.029247" y="0.002625">
   <element name="pon_pickup" layername="pon_large" frame="0" z_index="3" m_a="1.000000" m_b="0.000000" m_c="0.000000" m_d="1.000000" m_tx="0.000000" m_ty="0.000000"/>
  </frame>
  <frame idx="550" w="72" h="71" x="-0.029247" y="0.002625">
   <element name="pon_pickup" layername="pon_large" frame="0" z_index="3" m_a="1.000000" m_b="0.000000" m_c="0.000000" m_d="1.000000" m_tx="0.000000" m_ty="0.000000"/>
  </frame>
  <frame idx="575" w="72" h="71" x="-0.029247" y="0.002625">
   <element name="pon_pickup" layername="pon_large" frame="0" z_index="3" m_a="1.000000" m_b="0.000000" m_c="0.000000" m_d="1.000000" m_tx="0.000000" m_ty="0.000000"/>
  </frame>
  <frame idx="600" w="72" h="71" x="-0.029247" y="0.002625">
   <element name="pon_pickup" layername="pon_large" frame="0" z_index="3" m_a="1.000000" m_b="0.000000" m_c="0.000000" m_d="1.000000" m_tx="0.000000" m_ty="0.000000"/>
  </frame>
  <frame idx="625" w="72" h="71" x="-0.029247" y="0.002625">
   <element name="pon_pickup" layername="pon_large" frame="0" z_index="3" m_a="1.000000" m_b="0.000000" m_c="0.000000" m_d="1.000000" m_tx="0.000000" m_ty="0.000000"/>
  </frame>
  <frame idx="650" w="72" h="71" x="-0.029247" y="0.002625">
   <element name="pon_pickup" layername="pon_large" frame="0" z_index="3" m_a="1.000000" m_b="0.000000" m_c="0.000000" m_d="1.000000" m_tx="0.000000" m_ty="0.000000"/>
  </frame>
  <frame idx="675" w="72" h="71" x="-0.029247" y="0.002625">
   <element name="pon_pickup" layername="pon_large" frame="0" z_index="3" m_a="1.000000" m_b="0.000000" m_c="0.000000" m_d="1.000000" m_tx="0.000000" m_ty="0.000000"/>
  </frame>
  <frame idx="700" w="72" h="71" x="-0.029247" y="0.002625">
   <element name="pon_pickup" layername="pon_large" frame="0" z_index="3" m_a="1.000000" m_b="0.000000" m_c="0.000000" m_d="1.000000" m_tx="0.000000" m_ty="0.000000"/>
  </frame>
  <frame idx="725" w="72" h="71" x="-0.029247" y="0.002625">
   <element name="pon_pickup" layername="pon_large" frame="0" z_index="3" m_a="1.000000" m_b="0.000000" m_c="0.000000" m_d="1.000000" m_tx="0.000000" m_ty="0.000000"/>
  </frame>
  <frame idx="750" w="72" h="71" x="-0.029247" y="0.002625">
   <element name="pon_pickup" layername="pon_large" frame="0" z_index="3" m_a="1.000000" m_b="0.000000" m_c="0.000000" m_d="1.000000" m_tx="0.000000" m_ty="0.000000"/>
  </frame>
  <frame idx="775" w="72" h="71" x="-0.029247" y="0.002625">
   <element name="pon_pickup" layername="pon_large" frame="0" z_index="3" m_a="1.000000" m_b="0.000000" m_c="0.000000" m_d="1.000000" m_tx="0.000000" m_ty="0.000000"/>
  </frame>
  <frame idx="800" w="72" h="71" x="-0.029247" y="0.002625">
   <element name="pon_pickup" layername="pon_large" frame="0" z_index="3" m_a="1.000000" m_b="0.000000" m_c="0.000000" m_d="1.000000" m_tx="0.000000" m_ty="0.000000"/>
  </frame>
  <frame idx="825" w="72" h="71" x="-0.029247" y="0.002625">
   <element name="pon_pickup" layername="pon_large" frame="0" z_index="3" m_a="1.000000" m_b="0.000000" m_c="0.000000" m_d="1.000000" m_tx="0.000000" m_ty="0.000000"/>
  </frame>
  <frame idx="850" w="72" h="71" x="-0.029247" y="0.002625">
   <element name="pon_pickup" layername="pon_large" frame="0" z_index="3" m_a="1.000000" m_b="0.000000" m_c="0.000000" m_d="1.000000" m_tx="0.000000" m_ty="0.000000"/>
  </frame>
  <frame idx="875" w="72" h="71" x="-0.029247" y="0.002625">
   <element name="pon_pickup" layername="pon_large" frame="0" z_index="3" m_a="1.000000" m_b="0.000000" m_c="0.000000" m_d="1.000000" m_tx="0.000000" m_ty="0.000000"/>
  </frame>
  <frame idx="900" w="72" h="71" x="-0.029247" y="0.002625">
   <element name="pon_pickup" layername="pon_large" frame="0" z_index="3" m_a="1.000000" m_b="0.000000" m_c="0.000000" m_d="1.000000" m_tx="0.000000" m_ty="0.000000"/>
  </frame>
  <frame idx="925" w="72" h="71" x="-0.029247" y="0.002625">
   <element name="pon_pickup" layername="pon_large" frame="0" z_index="3" m_a="1.000000" m_b="0.000000" m_c="0.000000" m_d="1.000000" m_tx="0.000000" m_ty="0.000000"/>
  </frame>
  <frame idx="950" w="72" h="71" x="-0.029247" y="0.002625">
   <element name="pon_pickup" layername="pon_large" frame="0" z_index="3" m_a="1.000000" m_b="0.000000" m_c="0.000000" m_d="1.000000" m_tx="0.000000" m_ty="0.000000"/>
  </frame>
  <frame idx="975" w="72" h="71" x="-0.029247" y="0.002625">
   <element name="pon_pickup" layername="pon_large" frame="0" z_index="3" m_a="1.000000" m_b="0.000000" m_c="0.000000" m_d="1.000000" m_tx="0.000000" m_ty="0.000000"/>
  </frame>
 </anim>
 <anim name="bob" root="pon" numframes="3000" framerate="40">
  <frame idx="0" w="72" h="141" x="-0.029247" y="-63.997375">
   <element name="pon_pickup" layername="pon_large" frame="0" z_index="3" m_a="1.000000" m_b="0.000000" m_c="0.000000" m_d="1.000000" m_tx="0.000000" m_ty="-64.000000"/>
  </frame>
  <frame idx="25" w="72" h="141" x="-0.029247" y="-63.730713">
   <element name="pon_pickup" layername="pon_large" frame="0" z_index="3" m_a="1.000000" m_b="0.000000" m_c="0.000000" m_d="1.000000" m_tx="0.000000" m_ty="-63.733334"/>
  </frame>
  <frame idx="50" w="72" h="141" x="-0.029247" y="-63.464043">
   <element name="pon_pickup" layername="pon_large" frame="0" z_index="3" m_a="1.000000" m_b="0.000000" m_c="0.000000" m_d="1.000000" m_tx="0.000000" m_ty="-63.466667"/>
  </frame>
  <frame idx="75" w="72" h="141" x="-0.029247" y="-63.197372">
   <element name="pon_pickup" layername="pon_large" frame="0" z_index="3" m_a="1.000000" m_b="0.000000" m_c="0.000000" m_d="1.000000" m_tx="0.000000" m_ty="-63.200001"/>
  </frame>
  <frame idx="100" w="72" h="140" x="-0.029247" y="-62.930710">
   <element name="pon_pickup" layername="pon_large" frame="0" z_index="3" m_a="1.000000" m_b="0.000000" m_c="0.000000" m_d="1.000000" m_tx="0.000000" m_ty="-62.933334"/>
  </frame>
  <frame idx="125" w="72" h="140" x="-0.029247" y="-62.664047">
   <element name="pon_pickup" layername="pon_large" frame="0" z_index="3" m_a="1.000000" m_b="0.000000" m_c="0.000000" m_d="1.000000" m_tx="0.000000" m_ty="-62.666668"/>
  </frame>
  <frame idx="150" w="72" h="140" x="-0.029247" y="-62.397377">
   <element name="pon_pickup" layername="pon_large" frame="0" z_index="3" m_a="1.000000" m_b="0.000000" m_c="0.000000" m_d="1.000000" m_tx="0.000000" m_ty="-62.400002"/>
  </frame>
  <frame idx="175" w="72" h="140" x="-0.029247" y="-62.130707">
   <element name="pon_pickup" layername="pon_large" frame="0" z_index="3" m_a="1.000000" m_b="0.000000" m_c="0.000000" m_d="1.000000" m_tx="0.000000" m_ty="-62.133335"/>
  </frame>
  <frame idx="200" w="72" h="139" x="-0.029247" y="-61.864044">
   <element name="pon_pickup" layername="pon_large" frame="0" z_index="3" m_a="1.000000" m_b="0.000000" m_c="0.000000" m_d="1.000000" m_tx="0.000000" m_ty="-61.866665"/>
  </frame>
  <frame idx="225" w="72" h="139" x="-0.029247" y="-61.597374">
   <element name="pon_pickup" layername="pon_large" frame="0" z_index="3" m_a="1.000000" m_b="0.000000" m_c="0.000000" m_d="1.000000" m_tx="0.000000" m_ty="-61.599998"/>
  </frame>
  <frame idx="250" w="72" h="139" x="-0.029247" y="-61.330704">
   <element name="pon_pickup" layername="pon_large" frame="0" z_index="3" m_a="1.000000" m_b="0.000000" m_c="0.000000" m_d="1.000000" m_tx="0.000000" m_ty="-61.333332"/>
  </frame>
  <frame idx="275" w="72" h="139" x="-0.029247" y="-61.064041">
   <element name="pon_pickup" layername="pon_large" frame="0" z_index="3" m_a="1.000000" m_b="0.000000" m_c="0.000000" m_d="1.000000" m_tx="0.000000" m_ty="-61.066666"/>
  </frame>
  <frame idx="300" w="72" h="138" x="-0.029247" y="-60.797379">
   <element name="pon_pickup" layername="pon_large" frame="0" z_index="3" m_a="1.000000" m_b="0.000000" m_c="0.000000" m_d="1.000000" m_tx="0.000000" m_ty="-60.799999"/>
  </frame>
  <frame idx="325" w="72" h="138" x="-0.029247" y="-60.530708">
   <element name="pon_pickup" layername="pon_large" frame="0" z_index="3" m_a="1.000000" m_b="0.000000" m_c="0.000000" m_d="1.000000" m_tx="0.000000" m_ty="-60.533333"/>
  </frame>
  <frame idx="350" w="72" h="138" x="-0.029247" y="-60.264038">
   <element name="pon_pickup" layername="pon_large" frame="0" z_index="3" m_a="1.000000" m_b="0.000000" m_c="0.000000" m_d="1.000000" m_tx="0.000000" m_ty="-60.266666"/>
  </frame>
  <frame idx="375" w="72" h="137" x="-0.029247" y="-59.997375">
   <element name="pon_pickup" layername="pon_large" frame="0" z_index="3" m_a="1.000000" m_b="0.000000" m_c="0.000000" m_d="1.000000" m_tx="0.000000" m_ty="-60.000000"/>
  </frame>
  <frame idx="400" w="72" h="137" x="-0.029247" y="-59.730713">
   <element name="pon_pickup" layername="pon_large" frame="0" z_index="3" m_a="1.000000" m_b="0.000000" m_c="0.000000" m_d="1.000000" m_tx="0.000000" m_ty="-59.733334"/>
  </frame>
  <frame idx="425" w="72" h="137" x="-0.029247" y="-59.464043">
   <element name="pon_pickup" layername="pon_large" frame="0" z_index="3" m_a="1.000000" m_b="0.000000" m_c="0.000000" m_d="1.000000" m_tx="0.000000" m_ty="-59.466667"/>
  </frame>
  <frame idx="450" w="72" h="137" x="-0.029247" y="-59.197372">
   <element name="pon_pickup" layername="pon_large" frame="0" z_index="3" m_a="1.000000" m_b="0.000000" m_c="0.000000" m_d="1.000000" m_tx="0.000000" m_ty="-59.200001"/>
  </frame>
  <frame idx="475" w="72" h="136" x="-0.029247" y="-58.930710">
   <element name="pon_pickup" layername="pon_large" frame="0" z_index="3" m_a="1.000000" m_b="0.000000" m_c="0.000000" m_d="1.000000" m_tx="0.000000" m_ty="-58.933334"/>
  </frame>
  <frame idx="500" w="72" h="136" x="-0.029247" y="-58.664047">
   <element name="pon_pickup" layername="pon_large" frame="0" z_index="3" m_a="1.000000" m_b="0.000000" m_c="0.000000" m_d="1.000000" m_tx="0.000000" m_ty="-58.666668"/>
  </frame>
  <frame idx="525" w="72" h="136" x="-0.029247" y="-58.397377">
   <element name="pon_pickup" layername="pon_large" frame="0" z_index="3" m_a="1.000000" m_b="0.000000" m_c="0.000000" m_d="1.000000" m_tx="0.000000" m_ty="-58.400002"/>
  </frame>
  <frame idx="550" w="72" h="136" x="-0.029247" y="-58.130707">
   <element name="pon_pickup" layername="pon_large" frame="0" z_index="3" m_a="1.000000" m_b="0.000000" m_c="0.000000" m_d="1.000000" m_tx="0.000000" m_ty="-58.133331"/>
  </frame>
  <frame idx="575" w="72" h="135" x="-0.029247" y="-57.864044">
   <element name="pon_pickup" layername="pon_large" frame="0" z_index="3" m_a="1.000000" m_b="0.000000" m_c="0.000000" m_d="1.000000" m_tx="0.000000" m_ty="-57.866669"/>
  </frame>
  <frame idx="600" w="72" h="135" x="-0.029247" y="-57.597374">
   <element name="pon_pickup" layername="pon_large" frame="0" z_index="3" m_a="1.000000" m_b="0.000000" m_c="0.000000" m_d="1.000000" m_tx="0.000000" m_ty="-57.599998"/>
  </frame>
  <frame idx="625" w="72" h="135" x="-0.029247" y="-57.330704">
   <element name="pon_pickup" layername="pon_large" frame="0" z_index="3" m_a="1.000000" m_b="0.000000" m_c="0.000000" m_d="1.000000" m_tx="0.000000" m_ty="-57.333332"/>
  </frame>
  <frame idx="650" w="72" h="135" x="-0.029247" y="-57.064041">
   <element name="pon_pickup" layername="pon_large" frame="0" z_index="3" m_a="1.000000" m_b="0.000000" m_c="0.000000" m_d="1.000000" m_tx="0.000000" m_ty="-57.066666"/>
  </frame>
  <frame idx="675" w="72" h="134" x="-0.029247" y="-56.797379">
   <element name="pon_pickup" layername="pon_large" frame="0" z_index="3" m_a="1.000000" m_b="0.000000" m_c="0.000000" m_d="1.000000" m_tx="0.000000" m_ty="-56.799999"/>
  </frame>
  <frame idx="700" w="72" h="134" x="-0.029247" y="-56.530708">
   <element name="pon_pickup" layername="pon_large" frame="0" z_index="3" m_a="1.000000" m_b="0.000000" m_c="0.000000" m_d="1.000000" m_tx="0.000000" m_ty="-56.533333"/>
  </frame>
  <frame idx="725" w="72" h="134" x="-0.029247" y="-56.264038">
   <element name="pon_pickup" layername="pon_large" frame="0" z_index="3" m_a="1.000000" m_b="0.000000" m_c="0.000000" m_d="1.000000" m_tx="0.000000" m_ty="-56.266666"/>
  </frame>
  <frame idx="750" w="72" h="132" x="-0.029247" y="-55.997375">
   <element name="pon_pickup" layername="pon_large" frame="0" z_index="3" m_a="1.000000" m_b="0.000000" m_c="0.000000" m_d="1.000000" m_tx="0.000000" m_ty="-56.000000"/>
  </frame>
  <frame idx="775" w="72" h="132" x="-0.029247" y="-55.730713">
   <element name="pon_pickup" layername="pon_large" frame="0" z_index="3" m_a="1.000000" m_b="0.000000" m_c="0.000000" m_d="1.000000" m_tx="0.000000" m_ty="-55.733334"/>
  </frame>
  <frame idx="800" w="72" h="132" x="-0.029247" y="-55.464043">
   <element name="pon_pickup" layername="pon_large" frame="0" z_index="3" m_a="1.000000" m_b="0.000000" m_c="0.000000" m_d="1.000000" m_tx="0.000000" m_ty="-55.466667"/>
  </frame>
  <frame idx="825" w="72" h="132" x="-0.029247" y="-55.197372">
   <element name="pon_pickup" layername="pon_large" frame="0" z_index="3" m_a="1.000000" m_b="0.000000" m_c="0.000000" m_d="1.000000" m_tx="0.000000" m_ty="-55.200001"/>
  </frame>
  <frame idx="850" w="72" h="131" x="-0.029247" y="-54.930710">
   <element name="pon_pickup" layername="pon_large" frame="0" z_index="3" m_a="1.000000" m_b="0.000000" m_c="0.000000" m_d="1.000000" m_tx="0.000000" m_ty="-54.933334"/>
  </frame>
  <frame idx="875" w="72" h="131" x="-0.029247" y="-54.664047">
   <element name="pon_pickup" layername="pon_large" frame="0" z_index="3" m_a="1.000000" m_b="0.000000" m_c="0.000000" m_d="1.000000" m_tx="0.000000" m_ty="-54.666668"/>
  </frame>
  <frame idx="900" w="72" h="131" x="-0.029247" y="-54.397377">
   <element name="pon_pickup" layername="pon_large" frame="0" z_index="3" m_a="1.000000" m_b="0.000000" m_c="0.000000" m_d="1.000000" m_tx="0.000000" m_ty="-54.400002"/>
  </frame>
  <frame idx="925" w="72" h="131" x="-0.029247" y="-54.130707">
   <element name="pon_pickup" layername="pon_large" frame="0" z_index="3" m_a="1.000000" m_b="0.000000" m_c="0.000000" m_d="1.000000" m_tx="0.000000" m_ty="-54.133331"/>
  </frame>
  <frame idx="950" w="72" h="130" x="-0.029247" y="-53.864044">
   <element name="pon_pickup" layername="pon_large" frame="0" z_index="3" m_a="1.000000" m_b="0.000000" m_c="0.000000" m_d="1.000000" m_tx="0.000000" m_ty="-53.866669"/>
  </frame>
  <frame idx="975" w="72" h="130" x="-0.029247" y="-53.597374">
   <element name="pon_pickup" layername="pon_large" frame="0" z_index="3" m_a="1.000000" m_b="0.000000" m_c="0.000000" m_d="1.000000" m_tx="0.000000" m_ty="-53.599998"/>
  </frame>
  <frame idx="1000" w="72" h="130" x="-0.029247" y="-53.330704">
   <element name="pon_pickup" layername="pon_large" frame="0" z_index="3" m_a="1.000000" m_b="0.000000" m_c="0.000000" m_d="1.000000" m_tx="0.000000" m_ty="-53.333332"/>
  </frame>
  <frame idx="1025" w="72" h="130" x="-0.029247" y="-53.064041">
   <element name="pon_pickup" layername="pon_large" frame="0" z_index="3" m_a="1.000000" m_b="0.000000" m_c="0.000000" m_d="1.000000" m_tx="0.000000" m_ty="-53.066666"/>
  </frame>
  <frame idx="1050" w="72" h="129" x="-0.029247" y="-52.797379">
   <element name="pon_pickup" layername="pon_large" frame="0" z_index="3" m_a="1.000000" m_b="0.000000" m_c="0.000000" m_d="1.000000" m_tx="0.000000" m_ty="-52.799999"/>
  </frame>
  <frame idx="1075" w="72" h="129" x="-0.029247" y="-52.530708">
   <element name="pon_pickup" layername="pon_large" frame="0" z_index="3" m_a="1.000000" m_b="0.000000" m_c="0.000000" m_d="1.000000" m_tx="0.000000" m_ty="-52.533333"/>
  </frame>
  <frame idx="1100" w="72" h="129" x="-0.029247" y="-52.264038">
   <element name="pon_pickup" layername="pon_large" frame="0" z_index="3" m_a="1.000000" m_b="0.000000" m_c="0.000000" m_d="1.000000" m_tx="0.000000" m_ty="-52.266666"/>
  </frame>
  <frame idx="1125" w="72" h="128" x="-0.029247" y="-51.997375">
   <element name="pon_pickup" layername="pon_large" frame="0" z_index="3" m_a="1.000000" m_b="0.000000" m_c="0.000000" m_d="1.000000" m_tx="0.000000" m_ty="-52.000000"/>
  </frame>
  <frame idx="1150" w="72" h="128" x="-0.029247" y="-51.730713">
   <element name="pon_pickup" layername="pon_large" frame="0" z_index="3" m_a="1.000000" m_b="0.000000" m_c="0.000000" m_d="1.000000" m_tx="0.000000" m_ty="-51.733334"/>
  </frame>
  <frame idx="1175" w="72" h="128" x="-0.029247" y="-51.464043">
   <element name="pon_pickup" layername="pon_large" frame="0" z_index="3" m_a="1.000000" m_b="0.000000" m_c="0.000000" m_d="1.000000" m_tx="0.000000" m_ty="-51.466667"/>
  </frame>
  <frame idx="1200" w="72" h="128" x="-0.029247" y="-51.197372">
   <element name="pon_pickup" layername="pon_large" frame="0" z_index="3" m_a="1.000000" m_b="0.000000" m_c="0.000000" m_d="1.000000" m_tx="0.000000" m_ty="-51.200001"/>
  </frame>
  <frame idx="1225" w="72" h="127" x="-0.029247" y="-50.930710">
   <element name="pon_pickup" layername="pon_large" frame="0" z_index="3" m_a="1.000000" m_b="0.000000" m_c="0.000000" m_d="1.000000" m_tx="0.000000" m_ty="-50.933334"/>
  </frame>
  <frame idx="1250" w="72" h="127" x="-0.029247" y="-50.664047">
   <element name="pon_pickup" layername="pon_large" frame="0" z_index="3" m_a="1.000000" m_b="0.000000" m_c="0.000000" m_d="1.000000" m_tx="0.000000" m_ty="-50.666668"/>
  </frame>
  <frame idx="1275" w="72" h="127" x="-0.029247" y="-50.397377">
   <element name="pon_pickup" layername="pon_large" frame="0" z_index="3" m_a="1.000000" m_b="0.000000" m_c="0.000000" m_d="1.000000" m_tx="0.000000" m_ty="-50.400002"/>
  </frame>
  <frame idx="1300" w="72" h="127" x="-0.029247" y="-50.130707">
   <element name="pon_pickup" layername="pon_large" frame="0" z_index="3" m_a="1.000000" m_b="0.000000" m_c="0.000000" m_d="1.000000" m_tx="0.000000" m_ty="-50.133331"/>
  </frame>
  <frame idx="1325" w="72" h="126" x="-0.029247" y="-49.864044">
   <element name="pon_pickup" layername="pon_large" frame="0" z_index="3" m_a="1.000000" m_b="0.000000" m_c="0.000000" m_d="1.000000" m_tx="0.000000" m_ty="-49.866669"/>
  </frame>
  <frame idx="1350" w="72" h="126" x="-0.029247" y="-49.597374">
   <element name="pon_pickup" layername="pon_large" frame="0" z_index="3" m_a="1.000000" m_b="0.000000" m_c="0.000000" m_d="1.000000" m_tx="0.000000" m_ty="-49.599998"/>
  </frame>
  <frame idx="1375" w="72" h="126" x="-0.029247" y="-49.330704">
   <element name="pon_pickup" layername="pon_large" frame="0" z_index="3" m_a="1.000000" m_b="0.000000" m_c="0.000000" m_d="1.000000" m_tx="0.000000" m_ty="-49.333332"/>
  </frame>
  <frame idx="1400" w="72" h="126" x="-0.029247" y="-49.064041">
   <element name="pon_pickup" layername="pon_large" frame="0" z_index="3" m_a="1.000000" m_b="0.000000" m_c="0.000000" m_d="1.000000" m_tx="0.000000" m_ty="-49.066666"/>
  </frame>
  <frame idx="1425" w="72" h="125" x="-0.029247" y="-48.797379">
   <element name="pon_pickup" layername="pon_large" frame="0" z_index="3" m_a="1.000000" m_b="0.000000" m_c="0.000000" m_d="1.000000" m_tx="0.000000" m_ty="-48.799999"/>
  </frame>
  <frame idx="1450" w="72" h="125" x="-0.029247" y="-48.530708">
   <element name="pon_pickup" layername="pon_large" frame="0" z_index="3" m_a="1.000000" m_b="0.000000" m_c="0.000000" m_d="1.000000" m_tx="0.000000" m_ty="-48.533333"/>
  </frame>
  <frame idx="1475" w="72" h="125" x="-0.029247" y="-48.264038">
   <element name="pon_pickup" layername="pon_large" frame="0" z_index="3" m_a="1.000000" m_b="0.000000" m_c="0.000000" m_d="1.000000" m_tx="0.000000" m_ty="-48.266666"/>
  </frame>
  <frame idx="1500" w="72" h="124" x="-0.029247" y="-47.997375">
   <element name="pon_pickup" layername="pon_large" frame="0" z_index="3" m_a="1.000000" m_b="0.000000" m_c="0.000000" m_d="1.000000" m_tx="0.000000" m_ty="-48.000000"/>
  </frame>
  <frame idx="1525" w="72" h="125" x="-0.029247" y="-48.264038">
   <element name="pon_pickup" layername="pon_large" frame="0" z_index="3" m_a="1.000000" m_b="0.000000" m_c="0.000000" m_d="1.000000" m_tx="0.000000" m_ty="-48.266666"/>
  </frame>
  <frame idx="1550" w="72" h="125" x="-0.029247" y="-48.530708">
   <element name="pon_pickup" layername="pon_large" frame="0" z_index="3" m_a="1.000000" m_b="0.000000" m_c="0.000000" m_d="1.000000" m_tx="0.000000" m_ty="-48.533333"/>
  </frame>
  <frame idx="1575" w="72" h="125" x="-0.029247" y="-48.797379">
   <element name="pon_pickup" layername="pon_large" frame="0" z_index="3" m_a="1.000000" m_b="0.000000" m_c="0.000000" m_d="1.000000" m_tx="0.000000" m_ty="-48.799999"/>
  </frame>
  <frame idx="1600" w="72" h="126" x="-0.029247" y="-49.064041">
   <element name="pon_pickup" layername="pon_large" frame="0" z_index="3" m_a="1.000000" m_b="0.000000" m_c="0.000000" m_d="1.000000" m_tx="0.000000" m_ty="-49.066666"/>
  </frame>
  <frame idx="1625" w="72" h="126" x="-0.029247" y="-49.330704">
   <element name="pon_pickup" layername="pon_large" frame="0" z_index="3" m_a="1.000000" m_b="0.000000" m_c="0.000000" m_d="1.000000" m_tx="0.000000" m_ty="-49.333332"/>
  </frame>
  <frame idx="1650" w="72" h="126" x="-0.029247" y="-49.597374">
   <element name="pon_pickup" layername="pon_large" frame="0" z_index="3" m_a="1.000000" m_b="0.000000" m_c="0.000000" m_d="1.000000" m_tx="0.000000" m_ty="-49.599998"/>
  </frame>
  <frame idx="1675" w="72" h="126" x="-0.029247" y="-49.864044">
   <element name="pon_pickup" layername="pon_large" frame="0" z_index="3" m_a="1.000000" m_b="0.000000" m_c="0.000000" m_d="1.000000" m_tx="0.000000" m_ty="-49.866665"/>
  </frame>
  <frame idx="1700" w="72" h="127" x="-0.029247" y="-50.130707">
   <element name="pon_pickup" layername="pon_large" frame="0" z_index="3" m_a="1.000000" m_b="0.000000" m_c="0.000000" m_d="1.000000" m_tx="0.000000" m_ty="-50.133335"/>
  </frame>
  <frame idx="1725" w="72" h="127" x="-0.029247" y="-50.397377">
   <element name="pon_pickup" layername="pon_large" frame="0" z_index="3" m_a="1.000000" m_b="0.000000" m_c="0.000000" m_d="1.000000" m_tx="0.000000" m_ty="-50.400002"/>
  </frame>
  <frame idx="1750" w="72" h="127" x="-0.029247" y="-50.664047">
   <element name="pon_pickup" layername="pon_large" frame="0" z_index="3" m_a="1.000000" m_b="0.000000" m_c="0.000000" m_d="1.000000" m_tx="0.000000" m_ty="-50.666668"/>
  </frame>
  <frame idx="1775" w="72" h="127" x="-0.029247" y="-50.930710">
   <element name="pon_pickup" layername="pon_large" frame="0" z_index="3" m_a="1.000000" m_b="0.000000" m_c="0.000000" m_d="1.000000" m_tx="0.000000" m_ty="-50.933334"/>
  </frame>
  <frame idx="1800" w="72" h="128" x="-0.029247" y="-51.197372">
   <element name="pon_pickup" layername="pon_large" frame="0" z_index="3" m_a="1.000000" m_b="0.000000" m_c="0.000000" m_d="1.000000" m_tx="0.000000" m_ty="-51.200001"/>
  </frame>
  <frame idx="1825" w="72" h="128" x="-0.029247" y="-51.464043">
   <element name="pon_pickup" layername="pon_large" frame="0" z_index="3" m_a="1.000000" m_b="0.000000" m_c="0.000000" m_d="1.000000" m_tx="0.000000" m_ty="-51.466667"/>
  </frame>
  <frame idx="1850" w="72" h="128" x="-0.029247" y="-51.730713">
   <element name="pon_pickup" layername="pon_large" frame="0" z_index="3" m_a="1.000000" m_b="0.000000" m_c="0.000000" m_d="1.000000" m_tx="0.000000" m_ty="-51.733334"/>
  </frame>
  <frame idx="1875" w="72" h="128" x="-0.029247" y="-51.997375">
   <element name="pon_pickup" layername="pon_large" frame="0" z_index="3" m_a="1.000000" m_b="0.000000" m_c="0.000000" m_d="1.000000" m_tx="0.000000" m_ty="-52.000000"/>
  </frame>
  <frame idx="1900" w="72" h="129" x="-0.029247" y="-52.264038">
   <element name="pon_pickup" layername="pon_large" frame="0" z_index="3" m_a="1.000000" m_b="0.000000" m_c="0.000000" m_d="1.000000" m_tx="0.000000" m_ty="-52.266666"/>
  </frame>
  <frame idx="1925" w="72" h="129" x="-0.029247" y="-52.530708">
   <element name="pon_pickup" layername="pon_large" frame="0" z_index="3" m_a="1.000000" m_b="0.000000" m_c="0.000000" m_d="1.000000" m_tx="0.000000" m_ty="-52.533333"/>
  </frame>
  <frame idx="1950" w="72" h="129" x="-0.029247" y="-52.797379">
   <element name="pon_pickup" layername="pon_large" frame="0" z_index="3" m_a="1.000000" m_b="0.000000" m_c="0.000000" m_d="1.000000" m_tx="0.000000" m_ty="-52.799999"/>
  </frame>
  <frame idx="1975" w="72" h="130" x="-0.029247" y="-53.064041">
   <element name="pon_pickup" layername="pon_large" frame="0" z_index="3" m_a="1.000000" m_b="0.000000" m_c="0.000000" m_d="1.000000" m_tx="0.000000" m_ty="-53.066666"/>
  </frame>
  <frame idx="2000" w="72" h="130" x="-0.029247" y="-53.330704">
   <element name="pon_pickup" layername="pon_large" frame="0" z_index="3" m_a="1.000000" m_b="0.000000" m_c="0.000000" m_d="1.000000" m_tx="0.000000" m_ty="-53.333332"/>
  </frame>
  <frame idx="2025" w="72" h="130" x="-0.029247" y="-53.597374">
   <element name="pon_pickup" layername="pon_large" frame="0" z_index="3" m_a="1.000000" m_b="0.000000" m_c="0.000000" m_d="1.000000" m_tx="0.000000" m_ty="-53.599998"/>
  </frame>
  <frame idx="2050" w="72" h="130" x="-0.029247" y="-53.864044">
   <element name="pon_pickup" layername="pon_large" frame="0" z_index="3" m_a="1.000000" m_b="0.000000" m_c="0.000000" m_d="1.000000" m_tx="0.000000" m_ty="-53.866669"/>
  </frame>
  <frame idx="2075" w="72" h="131" x="-0.029247" y="-54.130707">
   <element name="pon_pickup" layername="pon_large" frame="0" z_index="3" m_a="1.000000" m_b="0.000000" m_c="0.000000" m_d="1.000000" m_tx="0.000000" m_ty="-54.133331"/>
  </frame>
  <frame idx="2100" w="72" h="131" x="-0.029247" y="-54.397377">
   <element name="pon_pickup" layername="pon_large" frame="0" z_index="3" m_a="1.000000" m_b="0.000000" m_c="0.000000" m_d="1.000000" m_tx="0.000000" m_ty="-54.400002"/>
  </frame>
  <frame idx="2125" w="72" h="131" x="-0.029247" y="-54.664047">
   <element name="pon_pickup" layername="pon_large" frame="0" z_index="3" m_a="1.000000" m_b="0.000000" m_c="0.000000" m_d="1.000000" m_tx="0.000000" m_ty="-54.666668"/>
  </frame>
  <frame idx="2150" w="72" h="131" x="-0.029247" y="-54.930710">
   <element name="pon_pickup" layername="pon_large" frame="0" z_index="3" m_a="1.000000" m_b="0.000000" m_c="0.000000" m_d="1.000000" m_tx="0.000000" m_ty="-54.933334"/>
  </frame>
  <frame idx="2175" w="72" h="132" x="-0.029247" y="-55.197372">
   <element name="pon_pickup" layername="pon_large" frame="0" z_index="3" m_a="1.000000" m_b="0.000000" m_c="0.000000" m_d="1.000000" m_tx="0.000000" m_ty="-55.200001"/>
  </frame>
  <frame idx="2200" w="72" h="132" x="-0.029247" y="-55.464043">
   <element name="pon_pickup" layername="pon_large" frame="0" z_index="3" m_a="1.000000" m_b="0.000000" m_c="0.000000" m_d="1.000000" m_tx="0.000000" m_ty="-55.466667"/>
  </frame>
  <frame idx="2225" w="72" h="132" x="-0.029247" y="-55.730713">
   <element name="pon_pickup" layername="pon_large" frame="0" z_index="3" m_a="1.000000" m_b="0.000000" m_c="0.000000" m_d="1.000000" m_tx="0.000000" m_ty="-55.733334"/>
  </frame>
  <frame idx="2250" w="72" h="132" x="-0.029247" y="-55.997375">
   <element name="pon_pickup" layername="pon_large" frame="0" z_index="3" m_a="1.000000" m_b="0.000000" m_c="0.000000" m_d="1.000000" m_tx="0.000000" m_ty="-56.000000"/>
  </frame>
  <frame idx="2275" w="72" h="134" x="-0.029247" y="-56.264038">
   <element name="pon_pickup" layername="pon_large" frame="0" z_index="3" m_a="1.000000" m_b="0.000000" m_c="0.000000" m_d="1.000000" m_tx="0.000000" m_ty="-56.266666"/>
  </frame>
  <frame idx="2300" w="72" h="134" x="-0.029247" y="-56.530708">
   <element name="pon_pickup" layername="pon_large" frame="0" z_index="3" m_a="1.000000" m_b="0.000000" m_c="0.000000" m_d="1.000000" m_tx="0.000000" m_ty="-56.533333"/>
  </frame>
  <frame idx="2325" w="72" h="134" x="-0.029247" y="-56.797379">
   <element name="pon_pickup" layername="pon_large" frame="0" z_index="3" m_a="1.000000" m_b="0.000000" m_c="0.000000" m_d="1.000000" m_tx="0.000000" m_ty="-56.799999"/>
  </frame>
  <frame idx="2350" w="72" h="135" x="-0.029247" y="-57.064041">
   <element name="pon_pickup" layername="pon_large" frame="0" z_index="3" m_a="1.000000" m_b="0.000000" m_c="0.000000" m_d="1.000000" m_tx="0.000000" m_ty="-57.066666"/>
  </frame>
  <frame idx="2375" w="72" h="135" x="-0.029247" y="-57.330704">
   <element name="pon_pickup" layername="pon_large" frame="0" z_index="3" m_a="1.000000" m_b="0.000000" m_c="0.000000" m_d="1.000000" m_tx="0.000000" m_ty="-57.333332"/>
  </frame>
  <frame idx="2400" w="72" h="135" x="-0.029247" y="-57.597374">
   <element name="pon_pickup" layername="pon_large" frame="0" z_index="3" m_a="1.000000" m_b="0.000000" m_c="0.000000" m_d="1.000000" m_tx="0.000000" m_ty="-57.599998"/>
  </frame>
  <frame idx="2425" w="72" h="135" x="-0.029247" y="-57.864044">
   <element name="pon_pickup" layername="pon_large" frame="0" z_index="3" m_a="1.000000" m_b="0.000000" m_c="0.000000" m_d="1.000000" m_tx="0.000000" m_ty="-57.866669"/>
  </frame>
  <frame idx="2450" w="72" h="136" x="-0.029247" y="-58.130707">
   <element name="pon_pickup" layername="pon_large" frame="0" z_index="3" m_a="1.000000" m_b="0.000000" m_c="0.000000" m_d="1.000000" m_tx="0.000000" m_ty="-58.133331"/>
  </frame>
  <frame idx="2475" w="72" h="136" x="-0.029247" y="-58.397377">
   <element name="pon_pickup" layername="pon_large" frame="0" z_index="3" m_a="1.000000" m_b="0.000000" m_c="0.000000" m_d="1.000000" m_tx="0.000000" m_ty="-58.400002"/>
  </frame>
  <frame idx="2500" w="72" h="136" x="-0.029247" y="-58.664047">
   <element name="pon_pickup" layername="pon_large" frame="0" z_index="3" m_a="1.000000" m_b="0.000000" m_c="0.000000" m_d="1.000000" m_tx="0.000000" m_ty="-58.666668"/>
  </frame>
  <frame idx="2525" w="72" h="136" x="-0.029247" y="-58.930710">
   <element name="pon_pickup" layername="pon_large" frame="0" z_index="3" m_a="1.000000" m_b="0.000000" m_c="0.000000" m_d="1.000000" m_tx="0.000000" m_ty="-58.933334"/>
  </frame>
  <frame idx="2550" w="72" h="137" x="-0.029247" y="-59.197372">
   <element name="pon_pickup" layername="pon_large" frame="0" z_index="3" m_a="1.000000" m_b="0.000000" m_c="0.000000" m_d="1.000000" m_tx="0.000000" m_ty="-59.200001"/>
  </frame>
  <frame idx="2575" w="72" h="137" x="-0.029247" y="-59.464043">
   <element name="pon_pickup" layername="pon_large" frame="0" z_index="3" m_a="1.000000" m_b="0.000000" m_c="0.000000" m_d="1.000000" m_tx="0.000000" m_ty="-59.466667"/>
  </frame>
  <frame idx="2600" w="72" h="137" x="-0.029247" y="-59.730713">
   <element name="pon_pickup" layername="pon_large" frame="0" z_index="3" m_a="1.000000" m_b="0.000000" m_c="0.000000" m_d="1.000000" m_tx="0.000000" m_ty="-59.733334"/>
  </frame>
  <frame idx="2625" w="72" h="137" x="-0.029247" y="-59.997375">
   <element name="pon_pickup" layername="pon_large" frame="0" z_index="3" m_a="1.000000" m_b="0.000000" m_c="0.000000" m_d="1.000000" m_tx="0.000000" m_ty="-60.000000"/>
  </frame>
  <frame idx="2650" w="72" h="138" x="-0.029247" y="-60.264038">
   <element name="pon_pickup" layername="pon_large" frame="0" z_index="3" m_a="1.000000" m_b="0.000000" m_c="0.000000" m_d="1.000000" m_tx="0.000000" m_ty="-60.266666"/>
  </frame>
  <frame idx="2675" w="72" h="138" x="-0.029247" y="-60.530708">
   <element name="pon_pickup" layername="pon_large" frame="0" z_index="3" m_a="1.000000" m_b="0.000000" m_c="0.000000" m_d="1.000000" m_tx="0.000000" m_ty="-60.533333"/>
  </frame>
  <frame idx="2700" w="72" h="138" x="-0.029247" y="-60.797379">
   <element name="pon_pickup" layername="pon_large" frame="0" z_index="3" m_a="1.000000" m_b="0.000000" m_c="0.000000" m_d="1.000000" m_tx="0.000000" m_ty="-60.799999"/>
  </frame>
  <frame idx="2725" w="72" h="139" x="-0.029247" y="-61.064041">
   <element name="pon_pickup" layername="pon_large" frame="0" z_index="3" m_a="1.000000" m_b="0.000000" m_c="0.000000" m_d="1.000000" m_tx="0.000000" m_ty="-61.066666"/>
  </frame>
  <frame idx="2750" w="72" h="139" x="-0.029247" y="-61.330704">
   <element name="pon_pickup" layername="pon_large" frame="0" z_index="3" m_a="1.000000" m_b="0.000000" m_c="0.000000" m_d="1.000000" m_tx="0.000000" m_ty="-61.333332"/>
  </frame>
  <frame idx="2775" w="72" h="139" x="-0.029247" y="-61.597374">
   <element name="pon_pickup" layername="pon_large" frame="0" z_index="3" m_a="1.000000" m_b="0.000000" m_c="0.000000" m_d="1.000000" m_tx="0.000000" m_ty="-61.599998"/>
  </frame>
  <frame idx="2800" w="72" h="139" x="-0.029247" y="-61.864044">
   <element name="pon_pickup" layername="pon_large" frame="0" z_index="3" m_a="1.000000" m_b="0.000000" m_c="0.000000" m_d="1.000000" m_tx="0.000000" m_ty="-61.866669"/>
  </frame>
  <frame idx="2825" w="72" h="140" x="-0.029247" y="-62.130707">
   <element name="pon_pickup" layername="pon_large" frame="0" z_index="3" m_a="1.000000" m_b="0.000000" m_c="0.000000" m_d="1.000000" m_tx="0.000000" m_ty="-62.133331"/>
  </frame>
  <frame idx="2850" w="72" h="140" x="-0.029247" y="-62.397377">
   <element name="pon_pickup" layername="pon_large" frame="0" z_index="3" m_a="1.000000" m_b="0.000000" m_c="0.000000" m_d="1.000000" m_tx="0.000000" m_ty="-62.400002"/>
  </frame>
  <frame idx="2875" w="72" h="140" x="-0.029247" y="-62.664047">
   <element name="pon_pickup" layername="pon_large" frame="0" z_index="3" m_a="1.000000" m_b="0.000000" m_c="0.000000" m_d="1.000000" m_tx="0.000000" m_ty="-62.666668"/>
  </frame>
  <frame idx="2900" w="72" h="140" x="-0.029247" y="-62.930710">
   <element name="pon_pickup" layername="pon_large" frame="0" z_index="3" m_a="1.000000" m_b="0.000000" m_c="0.000000" m_d="1.000000" m_tx="0.000000" m_ty="-62.933334"/>
  </frame>
  <frame idx="2925" w="72" h="141" x="-0.029247" y="-63.197372">
   <element name="pon_pickup" layername="pon_large" frame="0" z_index="3" m_a="1.000000" m_b="0.000000" m_c="0.000000" m_d="1.000000" m_tx="0.000000" m_ty="-63.200001"/>
  </frame>
  <frame idx="2950" w="72" h="141" x="-0.029247" y="-63.464043">
   <element name="pon_pickup" layername="pon_large" frame="0" z_index="3" m_a="1.000000" m_b="0.000000" m_c="0.000000" m_d="1.000000" m_tx="0.000000" m_ty="-63.466667"/>
  </frame>
  <frame idx="2975" w="72" h="141" x="-0.029247" y="-63.730713">
   <element name="pon_pickup" layername="pon_large" frame="0" z_index="3" m_a="1.000000" m_b="0.000000" m_c="0.000000" m_d="1.000000" m_tx="0.000000" m_ty="-63.733334"/>
  </frame>
 </anim>
 <anim name="die" root="pon" numframes="1000" framerate="40">
  <frame idx="0" w="72" h="141" x="-0.029247" y="-63.997375">
   <element name="pon_pickup" layername="pon_large" frame="0" z_index="3" m_a="1.000000" m_b="0.000000" m_c="0.000000" m_d="1.000000" m_tx="0.000000" m_ty="-64.000000"/>
  </frame>
  <frame idx="25" w="71" h="141" x="-0.828447" y="-64.796577">
   <element name="pon_pickup" layername="pon_large" frame="0" z_index="3" m_a="0.975025" m_b="0.000000" m_c="0.000000" m_d="0.975025" m_tx="0.000000" m_ty="-64.000000"/>
  </frame>
  <frame idx="50" w="70" h="140" x="-1.627647" y="-65.595779">
   <element name="pon_pickup" layername="pon_large" frame="0" z_index="3" m_a="0.950050" m_b="0.000000" m_c="0.000000" m_d="0.950050" m_tx="0.000000" m_ty="-64.000000"/>
  </frame>
  <frame idx="75" w="69" h="139" x="-2.426847" y="-66.394974">
   <element name="pon_pickup" layername="pon_large" frame="0" z_index="3" m_a="0.925075" m_b="0.000000" m_c="0.000000" m_d="0.925075" m_tx="0.000000" m_ty="-64.000000"/>
  </frame>
  <frame idx="100" w="68" h="138" x="-3.226048" y="-67.194176">
   <element name="pon_pickup" layername="pon_large" frame="0" z_index="3" m_a="0.900100" m_b="0.000000" m_c="0.000000" m_d="0.900100" m_tx="0.000000" m_ty="-64.000000"/>
  </frame>
  <frame idx="125" w="68" h="138" x="-4.025248" y="-67.993378">
   <element name="pon_pickup" layername="pon_large" frame="0" z_index="3" m_a="0.875125" m_b="0.000000" m_c="0.000000" m_d="0.875125" m_tx="0.000000" m_ty="-64.000000"/>
  </frame>
  <frame idx="150" w="66" h="137" x="-4.824448" y="-68.792572">
   <element name="pon_pickup" layername="pon_large" frame="0" z_index="3" m_a="0.850150" m_b="0.000000" m_c="0.000000" m_d="0.850150" m_tx="0.000000" m_ty="-64.000000"/>
  </frame>
  <frame idx="175" w="65" h="136" x="-5.623648" y="-69.591774">
   <element name="pon_pickup" layername="pon_large" frame="0" z_index="3" m_a="0.825175" m_b="0.000000" m_c="0.000000" m_d="0.825175" m_tx="0.000000" m_ty="-64.000000"/>
  </frame>
  <frame idx="200" w="64" h="135" x="-6.422848" y="-70.390976">
   <element name="pon_pickup" layername="pon_large" frame="0" z_index="3" m_a="0.800200" m_b="0.000000" m_c="0.000000" m_d="0.800200" m_tx="0.000000" m_ty="-64.000000"/>
  </frame>
  <frame idx="225" w="63" h="134" x="-7.222048" y="-71.190178">
   <element name="pon_pickup" layername="pon_large" frame="0" z_index="3" m_a="0.775225" m_b="0.000000" m_c="0.000000" m_d="0.775225" m_tx="0.000000" m_ty="-64.000000"/>
  </frame>
  <frame idx="250" w="63" h="134" x="-8.021248" y="-71.989380">
   <element name="pon_pickup" layername="pon_large" frame="0" z_index="3" m_a="0.750250" m_b="0.000000" m_c="0.000000" m_d="0.750250" m_tx="0.000000" m_ty="-64.000000"/>
  </frame>
  <frame idx="275" w="62" h="132" x="-8.820448" y="-72.788574">
   <element name="pon_pickup" layername="pon_large" frame="0" z_index="3" m_a="0.725275" m_b="0.000000" m_c="0.000000" m_d="0.725275" m_tx="0.000000" m_ty="-64.000000"/>
  </frame>
  <frame idx="300" w="61" h="131" x="-9.619648" y="-73.587776">
   <element name="pon_pickup" layername="pon_large" frame="0" z_index="3" m_a="0.700300" m_b="0.000000" m_c="0.000000" m_d="0.700300" m_tx="0.000000" m_ty="-64.000000"/>
  </frame>
  <frame idx="325" w="60" h="130" x="-10.418846" y="-74.386978">
   <element name="pon_pickup" layername="pon_large" frame="0" z_index="3" m_a="0.675325" m_b="0.000000" m_c="0.000000" m_d="0.675325" m_tx="0.000000" m_ty="-64.000000"/>
  </frame>
  <frame idx="350" w="59" h="129" x="-11.218048" y="-75.186172">
   <element name="pon_pickup" layername="pon_large" frame="0" z_index="3" m_a="0.650350" m_b="0.000000" m_c="0.000000" m_d="0.650350" m_tx="0.000000" m_ty="-64.000000"/>
  </frame>
  <frame idx="375" w="59" h="129" x="-12.017246" y="-75.985374">
   <element name="pon_pickup" layername="pon_large" frame="0" z_index="3" m_a="0.625375" m_b="0.000000" m_c="0.000000" m_d="0.625375" m_tx="0.000000" m_ty="-64.000000"/>
  </frame>
  <frame idx="400" w="58" h="128" x="-12.816448" y="-76.784576">
   <element name="pon_pickup" layername="pon_large" frame="0" z_index="3" m_a="0.600400" m_b="0.000000" m_c="0.000000" m_d="0.600400" m_tx="0.000000" m_ty="-64.000000"/>
  </frame>
  <frame idx="425" w="57" h="127" x="-13.615648" y="-77.583778">
   <element name="pon_pickup" layername="pon_large" frame="0" z_index="3" m_a="0.575425" m_b="0.000000" m_c="0.000000" m_d="0.575425" m_tx="0.000000" m_ty="-64.000000"/>
  </frame>
  <frame idx="450" w="55" h="126" x="-14.414848" y="-78.382980">
   <element name="pon_pickup" layername="pon_large" frame="0" z_index="3" m_a="0.550450" m_b="0.000000" m_c="0.000000" m_d="0.550450" m_tx="0.000000" m_ty="-64.000000"/>
  </frame>
  <frame idx="475" w="54" h="125" x="-15.214046" y="-79.182175">
   <element name="pon_pickup" layername="pon_large" frame="0" z_index="3" m_a="0.525475" m_b="0.000000" m_c="0.000000" m_d="0.525475" m_tx="0.000000" m_ty="-64.000000"/>
  </frame>
  <frame idx="500" w="54" h="125" x="-16.013248" y="-79.981377">
   <element name="pon_pickup" layername="pon_large" frame="0" z_index="3" m_a="0.500500" m_b="0.000000" m_c="0.000000" m_d="0.500500" m_tx="0.000000" m_ty="-64.000000"/>
  </frame>
  <frame idx="525" w="53" h="124" x="-16.812447" y="-80.780579">
   <element name="pon_pickup" layername="pon_large" frame="0" z_index="3" m_a="0.475525" m_b="0.000000" m_c="0.000000" m_d="0.475525" m_tx="0.000000" m_ty="-64.000000"/>
  </frame>
  <frame idx="550" w="52" h="123" x="-17.611649" y="-81.579773">
   <element name="pon_pickup" layername="pon_large" frame="0" z_index="3" m_a="0.450550" m_b="0.000000" m_c="0.000000" m_d="0.450550" m_tx="0.000000" m_ty="-64.000000"/>
  </frame>
  <frame idx="575" w="51" h="121" x="-18.410847" y="-82.378975">
   <element name="pon_pickup" layername="pon_large" frame="0" z_index="3" m_a="0.425575" m_b="0.000000" m_c="0.000000" m_d="0.425575" m_tx="0.000000" m_ty="-64.000000"/>
  </frame>
  <frame idx="600" w="50" h="120" x="-19.210049" y="-83.178177">
   <element name="pon_pickup" layername="pon_large" frame="0" z_index="3" m_a="0.400600" m_b="0.000000" m_c="0.000000" m_d="0.400600" m_tx="0.000000" m_ty="-64.000000"/>
  </frame>
  <frame idx="625" w="50" h="120" x="-20.009247" y="-83.977371">
   <element name="pon_pickup" layername="pon_large" frame="0" z_index="3" m_a="0.375625" m_b="0.000000" m_c="0.000000" m_d="0.375625" m_tx="0.000000" m_ty="-64.000000"/>
  </frame>
  <frame idx="650" w="49" h="119" x="-20.808447" y="-84.776573">
   <element name="pon_pickup" layername="pon_large" frame="0" z_index="3" m_a="0.350650" m_b="0.000000" m_c="0.000000" m_d="0.350650" m_tx="0.000000" m_ty="-64.000000"/>
  </frame>
  <frame idx="675" w="48" h="118" x="-21.607649" y="-85.575775">
   <element name="pon_pickup" layername="pon_large" frame="0" z_index="3" m_a="0.325675" m_b="0.000000" m_c="0.000000" m_d="0.325675" m_tx="0.000000" m_ty="-64.000000"/>
  </frame>
  <frame idx="700" w="47" h="117" x="-22.406847" y="-86.374977">
   <element name="pon_pickup" layername="pon_large" frame="0" z_index="3" m_a="0.300700" m_b="0.000000" m_c="0.000000" m_d="0.300700" m_tx="0.000000" m_ty="-64.000000"/>
  </frame>
  <frame idx="725" w="46" h="116" x="-23.206049" y="-87.174179">
   <element name="pon_pickup" layername="pon_large" frame="0" z_index="3" m_a="0.275725" m_b="0.000000" m_c="0.000000" m_d="0.275725" m_tx="0.000000" m_ty="-64.000000"/>
  </frame>
  <frame idx="750" w="46" h="116" x="-24.005247" y="-87.973373">
   <element name="pon_pickup" layername="pon_large" frame="0" z_index="3" m_a="0.250750" m_b="0.000000" m_c="0.000000" m_d="0.250750" m_tx="0.000000" m_ty="-64.000000"/>
  </frame>
  <frame idx="775" w="44" h="115" x="-24.804447" y="-88.772575">
   <element name="pon_pickup" layername="pon_large" frame="0" z_index="3" m_a="0.225775" m_b="0.000000" m_c="0.000000" m_d="0.225775" m_tx="0.000000" m_ty="-64.000000"/>
  </frame>
  <frame idx="800" w="43" h="114" x="-25.603647" y="-89.571777">
   <element name="pon_pickup" layername="pon_large" frame="0" z_index="3" m_a="0.200800" m_b="0.000000" m_c="0.000000" m_d="0.200800" m_tx="0.000000" m_ty="-64.000000"/>
  </frame>
  <frame idx="825" w="42" h="113" x="-26.402847" y="-90.370972">
   <element name="pon_pickup" layername="pon_large" frame="0" z_index="3" m_a="0.175825" m_b="0.000000" m_c="0.000000" m_d="0.175825" m_tx="0.000000" m_ty="-64.000000"/>
  </frame>
  <frame idx="850" w="41" h="112" x="-27.202049" y="-91.170181">
   <element name="pon_pickup" layername="pon_large" frame="0" z_index="3" m_a="0.150850" m_b="0.000000" m_c="0.000000" m_d="0.150850" m_tx="0.000000" m_ty="-64.000000"/>
  </frame>
  <frame idx="875" w="41" h="112" x="-28.001247" y="-91.969376">
   <element name="pon_pickup" layername="pon_large" frame="0" z_index="3" m_a="0.125875" m_b="0.000000" m_c="0.000000" m_d="0.125875" m_tx="0.000000" m_ty="-64.000000"/>
  </frame>
  <frame idx="900" w="40" h="110" x="-28.800447" y="-92.768578">
   <element name="pon_pickup" layername="pon_large" frame="0" z_index="3" m_a="0.100900" m_b="0.000000" m_c="0.000000" m_d="0.100900" m_tx="0.000000" m_ty="-64.000000"/>
  </frame>
  <frame idx="925" w="39" h="109" x="-29.599648" y="-93.567780">
   <element name="pon_pickup" layername="pon_large" frame="0" z_index="3" m_a="0.075925" m_b="0.000000" m_c="0.000000" m_d="0.075925" m_tx="0.000000" m_ty="-64.000000"/>
  </frame>
  <frame idx="950" w="38" h="108" x="-30.398848" y="-94.366974">
   <element name="pon_pickup" layername="pon_large" frame="0" z_index="3" m_a="0.050950" m_b="0.000000" m_c="0.000000" m_d="0.050950" m_tx="0.000000" m_ty="-64.000000"/>
  </frame>
  <frame idx="975" w="37" h="107" x="-31.198048" y="-95.166176">
   <element name="pon_pickup" layername="pon_large" frame="0" z_index="3" m_a="0.025975" m_b="0.000000" m_c="0.000000" m_d="0.025975" m_tx="0.000000" m_ty="-64.000000"/>
  </frame>
 </anim>
</Anims>
