<Anims>
 <anim name="idle" root="pon" numframes="1000" framerate="40">
  <frame idx="0" w="142" h="141" x="-0.058495" y="0.005249">
   <element name="pon_pickup" layername="pon_large" frame="0" z_index="2" m_a="1.000000" m_b="0.000000" m_c="0.000000" m_d="1.000000" m_tx="0.000000" m_ty="0.000000"/>
  </frame>
  <frame idx="25" w="142" h="141" x="-0.058495" y="0.005249">
   <element name="pon_pickup" layername="pon_large" frame="0" z_index="2" m_a="1.000000" m_b="0.000000" m_c="0.000000" m_d="1.000000" m_tx="0.000000" m_ty="0.000000"/>
  </frame>
  <frame idx="50" w="142" h="141" x="-0.058495" y="0.005249">
   <element name="pon_pickup" layername="pon_large" frame="0" z_index="2" m_a="1.000000" m_b="0.000000" m_c="0.000000" m_d="1.000000" m_tx="0.000000" m_ty="0.000000"/>
  </frame>
  <frame idx="75" w="142" h="141" x="-0.058495" y="0.005249">
   <element name="pon_pickup" layername="pon_large" frame="0" z_index="2" m_a="1.000000" m_b="0.000000" m_c="0.000000" m_d="1.000000" m_tx="0.000000" m_ty="0.000000"/>
  </frame>
  <frame idx="100" w="142" h="141" x="-0.058495" y="0.005249">
   <element name="pon_pickup" layername="pon_large" frame="0" z_index="2" m_a="1.000000" m_b="0.000000" m_c="0.000000" m_d="1.000000" m_tx="0.000000" m_ty="0.000000"/>
  </frame>
  <frame idx="125" w="142" h="141" x="-0.058495" y="0.005249">
   <element name="pon_pickup" layername="pon_large" frame="0" z_index="2" m_a="1.000000" m_b="0.000000" m_c="0.000000" m_d="1.000000" m_tx="0.000000" m_ty="0.000000"/>
  </frame>
  <frame idx="150" w="142" h="141" x="-0.058495" y="0.005249">
   <element name="pon_pickup" layername="pon_large" frame="0" z_index="2" m_a="1.000000" m_b="0.000000" m_c="0.000000" m_d="1.000000" m_tx="0.000000" m_ty="0.000000"/>
  </frame>
  <frame idx="175" w="142" h="141" x="-0.058495" y="0.005249">
   <element name="pon_pickup" layername="pon_large" frame="0" z_index="2" m_a="1.000000" m_b="0.000000" m_c="0.000000" m_d="1.000000" m_tx="0.000000" m_ty="0.000000"/>
  </frame>
  <frame idx="200" w="142" h="141" x="-0.058495" y="0.005249">
   <element name="pon_pickup" layername="pon_large" frame="0" z_index="2" m_a="1.000000" m_b="0.000000" m_c="0.000000" m_d="1.000000" m_tx="0.000000" m_ty="0.000000"/>
  </frame>
  <frame idx="225" w="142" h="141" x="-0.058495" y="0.005249">
   <element name="pon_pickup" layername="pon_large" frame="0" z_index="2" m_a="1.000000" m_b="0.000000" m_c="0.000000" m_d="1.000000" m_tx="0.000000" m_ty="0.000000"/>
  </frame>
  <frame idx="250" w="142" h="141" x="-0.058495" y="0.005249">
   <element name="pon_pickup" layername="pon_large" frame="0" z_index="2" m_a="1.000000" m_b="0.000000" m_c="0.000000" m_d="1.000000" m_tx="0.000000" m_ty="0.000000"/>
  </frame>
  <frame idx="275" w="142" h="141" x="-0.058495" y="0.005249">
   <element name="pon_pickup" layername="pon_large" frame="0" z_index="2" m_a="1.000000" m_b="0.000000" m_c="0.000000" m_d="1.000000" m_tx="0.000000" m_ty="0.000000"/>
  </frame>
  <frame idx="300" w="142" h="141" x="-0.058495" y="0.005249">
   <element name="pon_pickup" layername="pon_large" frame="0" z_index="2" m_a="1.000000" m_b="0.000000" m_c="0.000000" m_d="1.000000" m_tx="0.000000" m_ty="0.000000"/>
  </frame>
  <frame idx="325" w="142" h="141" x="-0.058495" y="0.005249">
   <element name="pon_pickup" layername="pon_large" frame="0" z_index="2" m_a="1.000000" m_b="0.000000" m_c="0.000000" m_d="1.000000" m_tx="0.000000" m_ty="0.000000"/>
  </frame>
  <frame idx="350" w="142" h="141" x="-0.058495" y="0.005249">
   <element name="pon_pickup" layername="pon_large" frame="0" z_index="2" m_a="1.000000" m_b="0.000000" m_c="0.000000" m_d="1.000000" m_tx="0.000000" m_ty="0.000000"/>
  </frame>
  <frame idx="375" w="142" h="141" x="-0.058495" y="0.005249">
   <element name="pon_pickup" layername="pon_large" frame="0" z_index="2" m_a="1.000000" m_b="0.000000" m_c="0.000000" m_d="1.000000" m_tx="0.000000" m_ty="0.000000"/>
  </frame>
  <frame idx="400" w="142" h="141" x="-0.058495" y="0.005249">
   <element name="pon_pickup" layername="pon_large" frame="0" z_index="2" m_a="1.000000" m_b="0.000000" m_c="0.000000" m_d="1.000000" m_tx="0.000000" m_ty="0.000000"/>
  </frame>
  <frame idx="425" w="142" h="141" x="-0.058495" y="0.005249">
   <element name="pon_pickup" layername="pon_large" frame="0" z_index="2" m_a="1.000000" m_b="0.000000" m_c="0.000000" m_d="1.000000" m_tx="0.000000" m_ty="0.000000"/>
  </frame>
  <frame idx="450" w="142" h="141" x="-0.058495" y="0.005249">
   <element name="pon_pickup" layername="pon_large" frame="0" z_index="2" m_a="1.000000" m_b="0.000000" m_c="0.000000" m_d="1.000000" m_tx="0.000000" m_ty="0.000000"/>
  </frame>
  <frame idx="475" w="142" h="141" x="-0.058495" y="0.005249">
   <element name="pon_pickup" layername="pon_large" frame="0" z_index="2" m_a="1.000000" m_b="0.000000" m_c="0.000000" m_d="1.000000" m_tx="0.000000" m_ty="0.000000"/>
  </frame>
  <frame idx="500" w="142" h="141" x="-0.058495" y="0.005249">
   <element name="pon_pickup" layername="pon_large" frame="0" z_index="2" m_a="1.000000" m_b="0.000000" m_c="0.000000" m_d="1.000000" m_tx="0.000000" m_ty="0.000000"/>
  </frame>
  <frame idx="525" w="142" h="141" x="-0.058495" y="0.005249">
   <element name="pon_pickup" layername="pon_large" frame="0" z_index="2" m_a="1.000000" m_b="0.000000" m_c="0.000000" m_d="1.000000" m_tx="0.000000" m_ty="0.000000"/>
  </frame>
  <frame idx="550" w="142" h="141" x="-0.058495" y="0.005249">
   <element name="pon_pickup" layername="pon_large" frame="0" z_index="2" m_a="1.000000" m_b="0.000000" m_c="0.000000" m_d="1.000000" m_tx="0.000000" m_ty="0.000000"/>
  </frame>
  <frame idx="575" w="142" h="141" x="-0.058495" y="0.005249">
   <element name="pon_pickup" layername="pon_large" frame="0" z_index="2" m_a="1.000000" m_b="0.000000" m_c="0.000000" m_d="1.000000" m_tx="0.000000" m_ty="0.000000"/>
  </frame>
  <frame idx="600" w="142" h="141" x="-0.058495" y="0.005249">
   <element name="pon_pickup" layername="pon_large" frame="0" z_index="2" m_a="1.000000" m_b="0.000000" m_c="0.000000" m_d="1.000000" m_tx="0.000000" m_ty="0.000000"/>
  </frame>
  <frame idx="625" w="142" h="141" x="-0.058495" y="0.005249">
   <element name="pon_pickup" layername="pon_large" frame="0" z_index="2" m_a="1.000000" m_b="0.000000" m_c="0.000000" m_d="1.000000" m_tx="0.000000" m_ty="0.000000"/>
  </frame>
  <frame idx="650" w="142" h="141" x="-0.058495" y="0.005249">
   <element name="pon_pickup" layername="pon_large" frame="0" z_index="2" m_a="1.000000" m_b="0.000000" m_c="0.000000" m_d="1.000000" m_tx="0.000000" m_ty="0.000000"/>
  </frame>
  <frame idx="675" w="142" h="141" x="-0.058495" y="0.005249">
   <element name="pon_pickup" layername="pon_large" frame="0" z_index="2" m_a="1.000000" m_b="0.000000" m_c="0.000000" m_d="1.000000" m_tx="0.000000" m_ty="0.000000"/>
  </frame>
  <frame idx="700" w="142" h="141" x="-0.058495" y="0.005249">
   <element name="pon_pickup" layername="pon_large" frame="0" z_index="2" m_a="1.000000" m_b="0.000000" m_c="0.000000" m_d="1.000000" m_tx="0.000000" m_ty="0.000000"/>
  </frame>
  <frame idx="725" w="142" h="141" x="-0.058495" y="0.005249">
   <element name="pon_pickup" layername="pon_large" frame="0" z_index="2" m_a="1.000000" m_b="0.000000" m_c="0.000000" m_d="1.000000" m_tx="0.000000" m_ty="0.000000"/>
  </frame>
  <frame idx="750" w="142" h="141" x="-0.058495" y="0.005249">
   <element name="pon_pickup" layername="pon_large" frame="0" z_index="2" m_a="1.000000" m_b="0.000000" m_c="0.000000" m_d="1.000000" m_tx="0.000000" m_ty="0.000000"/>
  </frame>
  <frame idx="775" w="142" h="141" x="-0.058495" y="0.005249">
   <element name="pon_pickup" layername="pon_large" frame="0" z_index="2" m_a="1.000000" m_b="0.000000" m_c="0.000000" m_d="1.000000" m_tx="0.000000" m_ty="0.000000"/>
  </frame>
  <frame idx="800" w="142" h="141" x="-0.058495" y="0.005249">
   <element name="pon_pickup" layername="pon_large" frame="0" z_index="2" m_a="1.000000" m_b="0.000000" m_c="0.000000" m_d="1.000000" m_tx="0.000000" m_ty="0.000000"/>
  </frame>
  <frame idx="825" w="142" h="141" x="-0.058495" y="0.005249">
   <element name="pon_pickup" layername="pon_large" frame="0" z_index="2" m_a="1.000000" m_b="0.000000" m_c="0.000000" m_d="1.000000" m_tx="0.000000" m_ty="0.000000"/>
  </frame>
  <frame idx="850" w="142" h="141" x="-0.058495" y="0.005249">
   <element name="pon_pickup" layername="pon_large" frame="0" z_index="2" m_a="1.000000" m_b="0.000000" m_c="0.000000" m_d="1.000000" m_tx="0.000000" m_ty="0.000000"/>
  </frame>
  <frame idx="875" w="142" h="141" x="-0.058495" y="0.005249">
   <element name="pon_pickup" layername="pon_large" frame="0" z_index="2" m_a="1.000000" m_b="0.000000" m_c="0.000000" m_d="1.000000" m_tx="0.000000" m_ty="0.000000"/>
  </frame>
  <frame idx="900" w="142" h="141" x="-0.058495" y="0.005249">
   <element name="pon_pickup" layername="pon_large" frame="0" z_index="2" m_a="1.000000" m_b="0.000000" m_c="0.000000" m_d="1.000000" m_tx="0.000000" m_ty="0.000000"/>
  </frame>
  <frame idx="925" w="142" h="141" x="-0.058495" y="0.005249">
   <element name="pon_pickup" layername="pon_large" frame="0" z_index="2" m_a="1.000000" m_b="0.000000" m_c="0.000000" m_d="1.000000" m_tx="0.000000" m_ty="0.000000"/>
  </frame>
  <frame idx="950" w="142" h="141" x="-0.058495" y="0.005249">
   <element name="pon_pickup" layername="pon_large" frame="0" z_index="2" m_a="1.000000" m_b="0.000000" m_c="0.000000" m_d="1.000000" m_tx="0.000000" m_ty="0.000000"/>
  </frame>
  <frame idx="975" w="142" h="141" x="-0.058495" y="0.005249">
   <element name="pon_pickup" layername="pon_large" frame="0" z_index="2" m_a="1.000000" m_b="0.000000" m_c="0.000000" m_d="1.000000" m_tx="0.000000" m_ty="0.000000"/>
  </frame>
 </anim>
 <anim name="bob" root="pon" numframes="3000" framerate="40">
  <frame idx="0" w="142" h="212" x="-0.058495" y="-63.994751">
   <element name="pon_pickup" layername="pon_large" frame="0" z_index="2" m_a="1.000000" m_b="0.000000" m_c="0.000000" m_d="1.000000" m_tx="0.000000" m_ty="-64.000000"/>
  </frame>
  <frame idx="25" w="142" h="212" x="-0.058495" y="-63.728088">
   <element name="pon_pickup" layername="pon_large" frame="0" z_index="2" m_a="1.000000" m_b="0.000000" m_c="0.000000" m_d="1.000000" m_tx="0.000000" m_ty="-63.733334"/>
  </frame>
  <frame idx="50" w="142" h="212" x="-0.058495" y="-63.461418">
   <element name="pon_pickup" layername="pon_large" frame="0" z_index="2" m_a="1.000000" m_b="0.000000" m_c="0.000000" m_d="1.000000" m_tx="0.000000" m_ty="-63.466667"/>
  </frame>
  <frame idx="75" w="142" h="212" x="-0.058495" y="-63.194748">
   <element name="pon_pickup" layername="pon_large" frame="0" z_index="2" m_a="1.000000" m_b="0.000000" m_c="0.000000" m_d="1.000000" m_tx="0.000000" m_ty="-63.200001"/>
  </frame>
  <frame idx="100" w="142" h="211" x="-0.058495" y="-62.928085">
   <element name="pon_pickup" layername="pon_large" frame="0" z_index="2" m_a="1.000000" m_b="0.000000" m_c="0.000000" m_d="1.000000" m_tx="0.000000" m_ty="-62.933334"/>
  </frame>
  <frame idx="125" w="142" h="211" x="-0.058495" y="-62.661423">
   <element name="pon_pickup" layername="pon_large" frame="0" z_index="2" m_a="1.000000" m_b="0.000000" m_c="0.000000" m_d="1.000000" m_tx="0.000000" m_ty="-62.666668"/>
  </frame>
  <frame idx="150" w="142" h="211" x="-0.058495" y="-62.394753">
   <element name="pon_pickup" layername="pon_large" frame="0" z_index="2" m_a="1.000000" m_b="0.000000" m_c="0.000000" m_d="1.000000" m_tx="0.000000" m_ty="-62.400002"/>
  </frame>
  <frame idx="175" w="142" h="211" x="-0.058495" y="-62.128082">
   <element name="pon_pickup" layername="pon_large" frame="0" z_index="2" m_a="1.000000" m_b="0.000000" m_c="0.000000" m_d="1.000000" m_tx="0.000000" m_ty="-62.133335"/>
  </frame>
  <frame idx="200" w="142" h="209" x="-0.058495" y="-61.861420">
   <element name="pon_pickup" layername="pon_large" frame="0" z_index="2" m_a="1.000000" m_b="0.000000" m_c="0.000000" m_d="1.000000" m_tx="0.000000" m_ty="-61.866665"/>
  </frame>
  <frame idx="225" w="142" h="209" x="-0.058495" y="-61.594749">
   <element name="pon_pickup" layername="pon_large" frame="0" z_index="2" m_a="1.000000" m_b="0.000000" m_c="0.000000" m_d="1.000000" m_tx="0.000000" m_ty="-61.599998"/>
  </frame>
  <frame idx="250" w="142" h="209" x="-0.058495" y="-61.328079">
   <element name="pon_pickup" layername="pon_large" frame="0" z_index="2" m_a="1.000000" m_b="0.000000" m_c="0.000000" m_d="1.000000" m_tx="0.000000" m_ty="-61.333332"/>
  </frame>
  <frame idx="275" w="142" h="209" x="-0.058495" y="-61.061417">
   <element name="pon_pickup" layername="pon_large" frame="0" z_index="2" m_a="1.000000" m_b="0.000000" m_c="0.000000" m_d="1.000000" m_tx="0.000000" m_ty="-61.066666"/>
  </frame>
  <frame idx="300" w="142" h="208" x="-0.058495" y="-60.794754">
   <element name="pon_pickup" layername="pon_large" frame="0" z_index="2" m_a="1.000000" m_b="0.000000" m_c="0.000000" m_d="1.000000" m_tx="0.000000" m_ty="-60.799999"/>
  </frame>
  <frame idx="325" w="142" h="208" x="-0.058495" y="-60.528084">
   <element name="pon_pickup" layername="pon_large" frame="0" z_index="2" m_a="1.000000" m_b="0.000000" m_c="0.000000" m_d="1.000000" m_tx="0.000000" m_ty="-60.533333"/>
  </frame>
  <frame idx="350" w="142" h="208" x="-0.058495" y="-60.261414">
   <element name="pon_pickup" layername="pon_large" frame="0" z_index="2" m_a="1.000000" m_b="0.000000" m_c="0.000000" m_d="1.000000" m_tx="0.000000" m_ty="-60.266666"/>
  </frame>
  <frame idx="375" w="142" h="207" x="-0.058495" y="-59.994751">
   <element name="pon_pickup" layername="pon_large" frame="0" z_index="2" m_a="1.000000" m_b="0.000000" m_c="0.000000" m_d="1.000000" m_tx="0.000000" m_ty="-60.000000"/>
  </frame>
  <frame idx="400" w="142" h="207" x="-0.058495" y="-59.728088">
   <element name="pon_pickup" layername="pon_large" frame="0" z_index="2" m_a="1.000000" m_b="0.000000" m_c="0.000000" m_d="1.000000" m_tx="0.000000" m_ty="-59.733334"/>
  </frame>
  <frame idx="425" w="142" h="207" x="-0.058495" y="-59.461418">
   <element name="pon_pickup" layername="pon_large" frame="0" z_index="2" m_a="1.000000" m_b="0.000000" m_c="0.000000" m_d="1.000000" m_tx="0.000000" m_ty="-59.466667"/>
  </frame>
  <frame idx="450" w="142" h="207" x="-0.058495" y="-59.194748">
   <element name="pon_pickup" layername="pon_large" frame="0" z_index="2" m_a="1.000000" m_b="0.000000" m_c="0.000000" m_d="1.000000" m_tx="0.000000" m_ty="-59.200001"/>
  </frame>
  <frame idx="475" w="142" h="206" x="-0.058495" y="-58.928085">
   <element name="pon_pickup" layername="pon_large" frame="0" z_index="2" m_a="1.000000" m_b="0.000000" m_c="0.000000" m_d="1.000000" m_tx="0.000000" m_ty="-58.933334"/>
  </frame>
  <frame idx="500" w="142" h="206" x="-0.058495" y="-58.661423">
   <element name="pon_pickup" layername="pon_large" frame="0" z_index="2" m_a="1.000000" m_b="0.000000" m_c="0.000000" m_d="1.000000" m_tx="0.000000" m_ty="-58.666668"/>
  </frame>
  <frame idx="525" w="142" h="206" x="-0.058495" y="-58.394753">
   <element name="pon_pickup" layername="pon_large" frame="0" z_index="2" m_a="1.000000" m_b="0.000000" m_c="0.000000" m_d="1.000000" m_tx="0.000000" m_ty="-58.400002"/>
  </frame>
  <frame idx="550" w="142" h="206" x="-0.058495" y="-58.128082">
   <element name="pon_pickup" layername="pon_large" frame="0" z_index="2" m_a="1.000000" m_b="0.000000" m_c="0.000000" m_d="1.000000" m_tx="0.000000" m_ty="-58.133331"/>
  </frame>
  <frame idx="575" w="142" h="205" x="-0.058495" y="-57.861420">
   <element name="pon_pickup" layername="pon_large" frame="0" z_index="2" m_a="1.000000" m_b="0.000000" m_c="0.000000" m_d="1.000000" m_tx="0.000000" m_ty="-57.866669"/>
  </frame>
  <frame idx="600" w="142" h="205" x="-0.058495" y="-57.594749">
   <element name="pon_pickup" layername="pon_large" frame="0" z_index="2" m_a="1.000000" m_b="0.000000" m_c="0.000000" m_d="1.000000" m_tx="0.000000" m_ty="-57.599998"/>
  </frame>
  <frame idx="625" w="142" h="205" x="-0.058495" y="-57.328079">
   <element name="pon_pickup" layername="pon_large" frame="0" z_index="2" m_a="1.000000" m_b="0.000000" m_c="0.000000" m_d="1.000000" m_tx="0.000000" m_ty="-57.333332"/>
  </frame>
  <frame idx="650" w="142" h="205" x="-0.058495" y="-57.061417">
   <element name="pon_pickup" layername="pon_large" frame="0" z_index="2" m_a="1.000000" m_b="0.000000" m_c="0.000000" m_d="1.000000" m_tx="0.000000" m_ty="-57.066666"/>
  </frame>
  <frame idx="675" w="142" h="204" x="-0.058495" y="-56.794754">
   <element name="pon_pickup" layername="pon_large" frame="0" z_index="2" m_a="1.000000" m_b="0.000000" m_c="0.000000" m_d="1.000000" m_tx="0.000000" m_ty="-56.799999"/>
  </frame>
  <frame idx="700" w="142" h="204" x="-0.058495" y="-56.528084">
   <element name="pon_pickup" layername="pon_large" frame="0" z_index="2" m_a="1.000000" m_b="0.000000" m_c="0.000000" m_d="1.000000" m_tx="0.000000" m_ty="-56.533333"/>
  </frame>
  <frame idx="725" w="142" h="204" x="-0.058495" y="-56.261414">
   <element name="pon_pickup" layername="pon_large" frame="0" z_index="2" m_a="1.000000" m_b="0.000000" m_c="0.000000" m_d="1.000000" m_tx="0.000000" m_ty="-56.266666"/>
  </frame>
  <frame idx="750" w="142" h="203" x="-0.058495" y="-55.994751">
   <element name="pon_pickup" layername="pon_large" frame="0" z_index="2" m_a="1.000000" m_b="0.000000" m_c="0.000000" m_d="1.000000" m_tx="0.000000" m_ty="-56.000000"/>
  </frame>
  <frame idx="775" w="142" h="203" x="-0.058495" y="-55.728088">
   <element name="pon_pickup" layername="pon_large" frame="0" z_index="2" m_a="1.000000" m_b="0.000000" m_c="0.000000" m_d="1.000000" m_tx="0.000000" m_ty="-55.733334"/>
  </frame>
  <frame idx="800" w="142" h="203" x="-0.058495" y="-55.461418">
   <element name="pon_pickup" layername="pon_large" frame="0" z_index="2" m_a="1.000000" m_b="0.000000" m_c="0.000000" m_d="1.000000" m_tx="0.000000" m_ty="-55.466667"/>
  </frame>
  <frame idx="825" w="142" h="203" x="-0.058495" y="-55.194748">
   <element name="pon_pickup" layername="pon_large" frame="0" z_index="2" m_a="1.000000" m_b="0.000000" m_c="0.000000" m_d="1.000000" m_tx="0.000000" m_ty="-55.200001"/>
  </frame>
  <frame idx="850" w="142" h="202" x="-0.058495" y="-54.928085">
   <element name="pon_pickup" layername="pon_large" frame="0" z_index="2" m_a="1.000000" m_b="0.000000" m_c="0.000000" m_d="1.000000" m_tx="0.000000" m_ty="-54.933334"/>
  </frame>
  <frame idx="875" w="142" h="202" x="-0.058495" y="-54.661423">
   <element name="pon_pickup" layername="pon_large" frame="0" z_index="2" m_a="1.000000" m_b="0.000000" m_c="0.000000" m_d="1.000000" m_tx="0.000000" m_ty="-54.666668"/>
  </frame>
  <frame idx="900" w="142" h="202" x="-0.058495" y="-54.394753">
   <element name="pon_pickup" layername="pon_large" frame="0" z_index="2" m_a="1.000000" m_b="0.000000" m_c="0.000000" m_d="1.000000" m_tx="0.000000" m_ty="-54.400002"/>
  </frame>
  <frame idx="925" w="142" h="202" x="-0.058495" y="-54.128082">
   <element name="pon_pickup" layername="pon_large" frame="0" z_index="2" m_a="1.000000" m_b="0.000000" m_c="0.000000" m_d="1.000000" m_tx="0.000000" m_ty="-54.133331"/>
  </frame>
  <frame idx="950" w="142" h="201" x="-0.058495" y="-53.861420">
   <element name="pon_pickup" layername="pon_large" frame="0" z_index="2" m_a="1.000000" m_b="0.000000" m_c="0.000000" m_d="1.000000" m_tx="0.000000" m_ty="-53.866669"/>
  </frame>
  <frame idx="975" w="142" h="201" x="-0.058495" y="-53.594749">
   <element name="pon_pickup" layername="pon_large" frame="0" z_index="2" m_a="1.000000" m_b="0.000000" m_c="0.000000" m_d="1.000000" m_tx="0.000000" m_ty="-53.599998"/>
  </frame>
  <frame idx="1000" w="142" h="201" x="-0.058495" y="-53.328079">
   <element name="pon_pickup" layername="pon_large" frame="0" z_index="2" m_a="1.000000" m_b="0.000000" m_c="0.000000" m_d="1.000000" m_tx="0.000000" m_ty="-53.333332"/>
  </frame>
  <frame idx="1025" w="142" h="201" x="-0.058495" y="-53.061417">
   <element name="pon_pickup" layername="pon_large" frame="0" z_index="2" m_a="1.000000" m_b="0.000000" m_c="0.000000" m_d="1.000000" m_tx="0.000000" m_ty="-53.066666"/>
  </frame>
  <frame idx="1050" w="142" h="200" x="-0.058495" y="-52.794754">
   <element name="pon_pickup" layername="pon_large" frame="0" z_index="2" m_a="1.000000" m_b="0.000000" m_c="0.000000" m_d="1.000000" m_tx="0.000000" m_ty="-52.799999"/>
  </frame>
  <frame idx="1075" w="142" h="200" x="-0.058495" y="-52.528084">
   <element name="pon_pickup" layername="pon_large" frame="0" z_index="2" m_a="1.000000" m_b="0.000000" m_c="0.000000" m_d="1.000000" m_tx="0.000000" m_ty="-52.533333"/>
  </frame>
  <frame idx="1100" w="142" h="200" x="-0.058495" y="-52.261414">
   <element name="pon_pickup" layername="pon_large" frame="0" z_index="2" m_a="1.000000" m_b="0.000000" m_c="0.000000" m_d="1.000000" m_tx="0.000000" m_ty="-52.266666"/>
  </frame>
  <frame idx="1125" w="142" h="198" x="-0.058495" y="-51.994751">
   <element name="pon_pickup" layername="pon_large" frame="0" z_index="2" m_a="1.000000" m_b="0.000000" m_c="0.000000" m_d="1.000000" m_tx="0.000000" m_ty="-52.000000"/>
  </frame>
  <frame idx="1150" w="142" h="198" x="-0.058495" y="-51.728088">
   <element name="pon_pickup" layername="pon_large" frame="0" z_index="2" m_a="1.000000" m_b="0.000000" m_c="0.000000" m_d="1.000000" m_tx="0.000000" m_ty="-51.733334"/>
  </frame>
  <frame idx="1175" w="142" h="198" x="-0.058495" y="-51.461418">
   <element name="pon_pickup" layername="pon_large" frame="0" z_index="2" m_a="1.000000" m_b="0.000000" m_c="0.000000" m_d="1.000000" m_tx="0.000000" m_ty="-51.466667"/>
  </frame>
  <frame idx="1200" w="142" h="198" x="-0.058495" y="-51.194748">
   <element name="pon_pickup" layername="pon_large" frame="0" z_index="2" m_a="1.000000" m_b="0.000000" m_c="0.000000" m_d="1.000000" m_tx="0.000000" m_ty="-51.200001"/>
  </frame>
  <frame idx="1225" w="142" h="197" x="-0.058495" y="-50.928085">
   <element name="pon_pickup" layername="pon_large" frame="0" z_index="2" m_a="1.000000" m_b="0.000000" m_c="0.000000" m_d="1.000000" m_tx="0.000000" m_ty="-50.933334"/>
  </frame>
  <frame idx="1250" w="142" h="197" x="-0.058495" y="-50.661423">
   <element name="pon_pickup" layername="pon_large" frame="0" z_index="2" m_a="1.000000" m_b="0.000000" m_c="0.000000" m_d="1.000000" m_tx="0.000000" m_ty="-50.666668"/>
  </frame>
  <frame idx="1275" w="142" h="197" x="-0.058495" y="-50.394753">
   <element name="pon_pickup" layername="pon_large" frame="0" z_index="2" m_a="1.000000" m_b="0.000000" m_c="0.000000" m_d="1.000000" m_tx="0.000000" m_ty="-50.400002"/>
  </frame>
  <frame idx="1300" w="142" h="197" x="-0.058495" y="-50.128082">
   <element name="pon_pickup" layername="pon_large" frame="0" z_index="2" m_a="1.000000" m_b="0.000000" m_c="0.000000" m_d="1.000000" m_tx="0.000000" m_ty="-50.133331"/>
  </frame>
  <frame idx="1325" w="142" h="196" x="-0.058495" y="-49.861420">
   <element name="pon_pickup" layername="pon_large" frame="0" z_index="2" m_a="1.000000" m_b="0.000000" m_c="0.000000" m_d="1.000000" m_tx="0.000000" m_ty="-49.866669"/>
  </frame>
  <frame idx="1350" w="142" h="196" x="-0.058495" y="-49.594749">
   <element name="pon_pickup" layername="pon_large" frame="0" z_index="2" m_a="1.000000" m_b="0.000000" m_c="0.000000" m_d="1.000000" m_tx="0.000000" m_ty="-49.599998"/>
  </frame>
  <frame idx="1375" w="142" h="196" x="-0.058495" y="-49.328079">
   <element name="pon_pickup" layername="pon_large" frame="0" z_index="2" m_a="1.000000" m_b="0.000000" m_c="0.000000" m_d="1.000000" m_tx="0.000000" m_ty="-49.333332"/>
  </frame>
  <frame idx="1400" w="142" h="196" x="-0.058495" y="-49.061417">
   <element name="pon_pickup" layername="pon_large" frame="0" z_index="2" m_a="1.000000" m_b="0.000000" m_c="0.000000" m_d="1.000000" m_tx="0.000000" m_ty="-49.066666"/>
  </frame>
  <frame idx="1425" w="142" h="195" x="-0.058495" y="-48.794754">
   <element name="pon_pickup" layername="pon_large" frame="0" z_index="2" m_a="1.000000" m_b="0.000000" m_c="0.000000" m_d="1.000000" m_tx="0.000000" m_ty="-48.799999"/>
  </frame>
  <frame idx="1450" w="142" h="195" x="-0.058495" y="-48.528084">
   <element name="pon_pickup" layername="pon_large" frame="0" z_index="2" m_a="1.000000" m_b="0.000000" m_c="0.000000" m_d="1.000000" m_tx="0.000000" m_ty="-48.533333"/>
  </frame>
  <frame idx="1475" w="142" h="195" x="-0.058495" y="-48.261414">
   <element name="pon_pickup" layername="pon_large" frame="0" z_index="2" m_a="1.000000" m_b="0.000000" m_c="0.000000" m_d="1.000000" m_tx="0.000000" m_ty="-48.266666"/>
  </frame>
  <frame idx="1500" w="142" h="194" x="-0.058495" y="-47.994751">
   <element name="pon_pickup" layername="pon_large" frame="0" z_index="2" m_a="1.000000" m_b="0.000000" m_c="0.000000" m_d="1.000000" m_tx="0.000000" m_ty="-48.000000"/>
  </frame>
  <frame idx="1525" w="142" h="195" x="-0.058495" y="-48.261414">
   <element name="pon_pickup" layername="pon_large" frame="0" z_index="2" m_a="1.000000" m_b="0.000000" m_c="0.000000" m_d="1.000000" m_tx="0.000000" m_ty="-48.266666"/>
  </frame>
  <frame idx="1550" w="142" h="195" x="-0.058495" y="-48.528084">
   <element name="pon_pickup" layername="pon_large" frame="0" z_index="2" m_a="1.000000" m_b="0.000000" m_c="0.000000" m_d="1.000000" m_tx="0.000000" m_ty="-48.533333"/>
  </frame>
  <frame idx="1575" w="142" h="195" x="-0.058495" y="-48.794754">
   <element name="pon_pickup" layername="pon_large" frame="0" z_index="2" m_a="1.000000" m_b="0.000000" m_c="0.000000" m_d="1.000000" m_tx="0.000000" m_ty="-48.799999"/>
  </frame>
  <frame idx="1600" w="142" h="196" x="-0.058495" y="-49.061417">
   <element name="pon_pickup" layername="pon_large" frame="0" z_index="2" m_a="1.000000" m_b="0.000000" m_c="0.000000" m_d="1.000000" m_tx="0.000000" m_ty="-49.066666"/>
  </frame>
  <frame idx="1625" w="142" h="196" x="-0.058495" y="-49.328079">
   <element name="pon_pickup" layername="pon_large" frame="0" z_index="2" m_a="1.000000" m_b="0.000000" m_c="0.000000" m_d="1.000000" m_tx="0.000000" m_ty="-49.333332"/>
  </frame>
  <frame idx="1650" w="142" h="196" x="-0.058495" y="-49.594749">
   <element name="pon_pickup" layername="pon_large" frame="0" z_index="2" m_a="1.000000" m_b="0.000000" m_c="0.000000" m_d="1.000000" m_tx="0.000000" m_ty="-49.599998"/>
  </frame>
  <frame idx="1675" w="142" h="196" x="-0.058495" y="-49.861420">
   <element name="pon_pickup" layername="pon_large" frame="0" z_index="2" m_a="1.000000" m_b="0.000000" m_c="0.000000" m_d="1.000000" m_tx="0.000000" m_ty="-49.866665"/>
  </frame>
  <frame idx="1700" w="142" h="197" x="-0.058495" y="-50.128082">
   <element name="pon_pickup" layername="pon_large" frame="0" z_index="2" m_a="1.000000" m_b="0.000000" m_c="0.000000" m_d="1.000000" m_tx="0.000000" m_ty="-50.133335"/>
  </frame>
  <frame idx="1725" w="142" h="197" x="-0.058495" y="-50.394753">
   <element name="pon_pickup" layername="pon_large" frame="0" z_index="2" m_a="1.000000" m_b="0.000000" m_c="0.000000" m_d="1.000000" m_tx="0.000000" m_ty="-50.400002"/>
  </frame>
  <frame idx="1750" w="142" h="197" x="-0.058495" y="-50.661423">
   <element name="pon_pickup" layername="pon_large" frame="0" z_index="2" m_a="1.000000" m_b="0.000000" m_c="0.000000" m_d="1.000000" m_tx="0.000000" m_ty="-50.666668"/>
  </frame>
  <frame idx="1775" w="142" h="197" x="-0.058495" y="-50.928085">
   <element name="pon_pickup" layername="pon_large" frame="0" z_index="2" m_a="1.000000" m_b="0.000000" m_c="0.000000" m_d="1.000000" m_tx="0.000000" m_ty="-50.933334"/>
  </frame>
  <frame idx="1800" w="142" h="198" x="-0.058495" y="-51.194748">
   <element name="pon_pickup" layername="pon_large" frame="0" z_index="2" m_a="1.000000" m_b="0.000000" m_c="0.000000" m_d="1.000000" m_tx="0.000000" m_ty="-51.200001"/>
  </frame>
  <frame idx="1825" w="142" h="198" x="-0.058495" y="-51.461418">
   <element name="pon_pickup" layername="pon_large" frame="0" z_index="2" m_a="1.000000" m_b="0.000000" m_c="0.000000" m_d="1.000000" m_tx="0.000000" m_ty="-51.466667"/>
  </frame>
  <frame idx="1850" w="142" h="198" x="-0.058495" y="-51.728088">
   <element name="pon_pickup" layername="pon_large" frame="0" z_index="2" m_a="1.000000" m_b="0.000000" m_c="0.000000" m_d="1.000000" m_tx="0.000000" m_ty="-51.733334"/>
  </frame>
  <frame idx="1875" w="142" h="198" x="-0.058495" y="-51.994751">
   <element name="pon_pickup" layername="pon_large" frame="0" z_index="2" m_a="1.000000" m_b="0.000000" m_c="0.000000" m_d="1.000000" m_tx="0.000000" m_ty="-52.000000"/>
  </frame>
  <frame idx="1900" w="142" h="200" x="-0.058495" y="-52.261414">
   <element name="pon_pickup" layername="pon_large" frame="0" z_index="2" m_a="1.000000" m_b="0.000000" m_c="0.000000" m_d="1.000000" m_tx="0.000000" m_ty="-52.266666"/>
  </frame>
  <frame idx="1925" w="142" h="200" x="-0.058495" y="-52.528084">
   <element name="pon_pickup" layername="pon_large" frame="0" z_index="2" m_a="1.000000" m_b="0.000000" m_c="0.000000" m_d="1.000000" m_tx="0.000000" m_ty="-52.533333"/>
  </frame>
  <frame idx="1950" w="142" h="200" x="-0.058495" y="-52.794754">
   <element name="pon_pickup" layername="pon_large" frame="0" z_index="2" m_a="1.000000" m_b="0.000000" m_c="0.000000" m_d="1.000000" m_tx="0.000000" m_ty="-52.799999"/>
  </frame>
  <frame idx="1975" w="142" h="201" x="-0.058495" y="-53.061417">
   <element name="pon_pickup" layername="pon_large" frame="0" z_index="2" m_a="1.000000" m_b="0.000000" m_c="0.000000" m_d="1.000000" m_tx="0.000000" m_ty="-53.066666"/>
  </frame>
  <frame idx="2000" w="142" h="201" x="-0.058495" y="-53.328079">
   <element name="pon_pickup" layername="pon_large" frame="0" z_index="2" m_a="1.000000" m_b="0.000000" m_c="0.000000" m_d="1.000000" m_tx="0.000000" m_ty="-53.333332"/>
  </frame>
  <frame idx="2025" w="142" h="201" x="-0.058495" y="-53.594749">
   <element name="pon_pickup" layername="pon_large" frame="0" z_index="2" m_a="1.000000" m_b="0.000000" m_c="0.000000" m_d="1.000000" m_tx="0.000000" m_ty="-53.599998"/>
  </frame>
  <frame idx="2050" w="142" h="201" x="-0.058495" y="-53.861420">
   <element name="pon_pickup" layername="pon_large" frame="0" z_index="2" m_a="1.000000" m_b="0.000000" m_c="0.000000" m_d="1.000000" m_tx="0.000000" m_ty="-53.866669"/>
  </frame>
  <frame idx="2075" w="142" h="202" x="-0.058495" y="-54.128082">
   <element name="pon_pickup" layername="pon_large" frame="0" z_index="2" m_a="1.000000" m_b="0.000000" m_c="0.000000" m_d="1.000000" m_tx="0.000000" m_ty="-54.133331"/>
  </frame>
  <frame idx="2100" w="142" h="202" x="-0.058495" y="-54.394753">
   <element name="pon_pickup" layername="pon_large" frame="0" z_index="2" m_a="1.000000" m_b="0.000000" m_c="0.000000" m_d="1.000000" m_tx="0.000000" m_ty="-54.400002"/>
  </frame>
  <frame idx="2125" w="142" h="202" x="-0.058495" y="-54.661423">
   <element name="pon_pickup" layername="pon_large" frame="0" z_index="2" m_a="1.000000" m_b="0.000000" m_c="0.000000" m_d="1.000000" m_tx="0.000000" m_ty="-54.666668"/>
  </frame>
  <frame idx="2150" w="142" h="202" x="-0.058495" y="-54.928085">
   <element name="pon_pickup" layername="pon_large" frame="0" z_index="2" m_a="1.000000" m_b="0.000000" m_c="0.000000" m_d="1.000000" m_tx="0.000000" m_ty="-54.933334"/>
  </frame>
  <frame idx="2175" w="142" h="203" x="-0.058495" y="-55.194748">
   <element name="pon_pickup" layername="pon_large" frame="0" z_index="2" m_a="1.000000" m_b="0.000000" m_c="0.000000" m_d="1.000000" m_tx="0.000000" m_ty="-55.200001"/>
  </frame>
  <frame idx="2200" w="142" h="203" x="-0.058495" y="-55.461418">
   <element name="pon_pickup" layername="pon_large" frame="0" z_index="2" m_a="1.000000" m_b="0.000000" m_c="0.000000" m_d="1.000000" m_tx="0.000000" m_ty="-55.466667"/>
  </frame>
  <frame idx="2225" w="142" h="203" x="-0.058495" y="-55.728088">
   <element name="pon_pickup" layername="pon_large" frame="0" z_index="2" m_a="1.000000" m_b="0.000000" m_c="0.000000" m_d="1.000000" m_tx="0.000000" m_ty="-55.733334"/>
  </frame>
  <frame idx="2250" w="142" h="203" x="-0.058495" y="-55.994751">
   <element name="pon_pickup" layername="pon_large" frame="0" z_index="2" m_a="1.000000" m_b="0.000000" m_c="0.000000" m_d="1.000000" m_tx="0.000000" m_ty="-56.000000"/>
  </frame>
  <frame idx="2275" w="142" h="204" x="-0.058495" y="-56.261414">
   <element name="pon_pickup" layername="pon_large" frame="0" z_index="2" m_a="1.000000" m_b="0.000000" m_c="0.000000" m_d="1.000000" m_tx="0.000000" m_ty="-56.266666"/>
  </frame>
  <frame idx="2300" w="142" h="204" x="-0.058495" y="-56.528084">
   <element name="pon_pickup" layername="pon_large" frame="0" z_index="2" m_a="1.000000" m_b="0.000000" m_c="0.000000" m_d="1.000000" m_tx="0.000000" m_ty="-56.533333"/>
  </frame>
  <frame idx="2325" w="142" h="204" x="-0.058495" y="-56.794754">
   <element name="pon_pickup" layername="pon_large" frame="0" z_index="2" m_a="1.000000" m_b="0.000000" m_c="0.000000" m_d="1.000000" m_tx="0.000000" m_ty="-56.799999"/>
  </frame>
  <frame idx="2350" w="142" h="205" x="-0.058495" y="-57.061417">
   <element name="pon_pickup" layername="pon_large" frame="0" z_index="2" m_a="1.000000" m_b="0.000000" m_c="0.000000" m_d="1.000000" m_tx="0.000000" m_ty="-57.066666"/>
  </frame>
  <frame idx="2375" w="142" h="205" x="-0.058495" y="-57.328079">
   <element name="pon_pickup" layername="pon_large" frame="0" z_index="2" m_a="1.000000" m_b="0.000000" m_c="0.000000" m_d="1.000000" m_tx="0.000000" m_ty="-57.333332"/>
  </frame>
  <frame idx="2400" w="142" h="205" x="-0.058495" y="-57.594749">
   <element name="pon_pickup" layername="pon_large" frame="0" z_index="2" m_a="1.000000" m_b="0.000000" m_c="0.000000" m_d="1.000000" m_tx="0.000000" m_ty="-57.599998"/>
  </frame>
  <frame idx="2425" w="142" h="205" x="-0.058495" y="-57.861420">
   <element name="pon_pickup" layername="pon_large" frame="0" z_index="2" m_a="1.000000" m_b="0.000000" m_c="0.000000" m_d="1.000000" m_tx="0.000000" m_ty="-57.866669"/>
  </frame>
  <frame idx="2450" w="142" h="206" x="-0.058495" y="-58.128082">
   <element name="pon_pickup" layername="pon_large" frame="0" z_index="2" m_a="1.000000" m_b="0.000000" m_c="0.000000" m_d="1.000000" m_tx="0.000000" m_ty="-58.133331"/>
  </frame>
  <frame idx="2475" w="142" h="206" x="-0.058495" y="-58.394753">
   <element name="pon_pickup" layername="pon_large" frame="0" z_index="2" m_a="1.000000" m_b="0.000000" m_c="0.000000" m_d="1.000000" m_tx="0.000000" m_ty="-58.400002"/>
  </frame>
  <frame idx="2500" w="142" h="206" x="-0.058495" y="-58.661423">
   <element name="pon_pickup" layername="pon_large" frame="0" z_index="2" m_a="1.000000" m_b="0.000000" m_c="0.000000" m_d="1.000000" m_tx="0.000000" m_ty="-58.666668"/>
  </frame>
  <frame idx="2525" w="142" h="206" x="-0.058495" y="-58.928085">
   <element name="pon_pickup" layername="pon_large" frame="0" z_index="2" m_a="1.000000" m_b="0.000000" m_c="0.000000" m_d="1.000000" m_tx="0.000000" m_ty="-58.933334"/>
  </frame>
  <frame idx="2550" w="142" h="207" x="-0.058495" y="-59.194748">
   <element name="pon_pickup" layername="pon_large" frame="0" z_index="2" m_a="1.000000" m_b="0.000000" m_c="0.000000" m_d="1.000000" m_tx="0.000000" m_ty="-59.200001"/>
  </frame>
  <frame idx="2575" w="142" h="207" x="-0.058495" y="-59.461418">
   <element name="pon_pickup" layername="pon_large" frame="0" z_index="2" m_a="1.000000" m_b="0.000000" m_c="0.000000" m_d="1.000000" m_tx="0.000000" m_ty="-59.466667"/>
  </frame>
  <frame idx="2600" w="142" h="207" x="-0.058495" y="-59.728088">
   <element name="pon_pickup" layername="pon_large" frame="0" z_index="2" m_a="1.000000" m_b="0.000000" m_c="0.000000" m_d="1.000000" m_tx="0.000000" m_ty="-59.733334"/>
  </frame>
  <frame idx="2625" w="142" h="207" x="-0.058495" y="-59.994751">
   <element name="pon_pickup" layername="pon_large" frame="0" z_index="2" m_a="1.000000" m_b="0.000000" m_c="0.000000" m_d="1.000000" m_tx="0.000000" m_ty="-60.000000"/>
  </frame>
  <frame idx="2650" w="142" h="208" x="-0.058495" y="-60.261414">
   <element name="pon_pickup" layername="pon_large" frame="0" z_index="2" m_a="1.000000" m_b="0.000000" m_c="0.000000" m_d="1.000000" m_tx="0.000000" m_ty="-60.266666"/>
  </frame>
  <frame idx="2675" w="142" h="208" x="-0.058495" y="-60.528084">
   <element name="pon_pickup" layername="pon_large" frame="0" z_index="2" m_a="1.000000" m_b="0.000000" m_c="0.000000" m_d="1.000000" m_tx="0.000000" m_ty="-60.533333"/>
  </frame>
  <frame idx="2700" w="142" h="208" x="-0.058495" y="-60.794754">
   <element name="pon_pickup" layername="pon_large" frame="0" z_index="2" m_a="1.000000" m_b="0.000000" m_c="0.000000" m_d="1.000000" m_tx="0.000000" m_ty="-60.799999"/>
  </frame>
  <frame idx="2725" w="142" h="209" x="-0.058495" y="-61.061417">
   <element name="pon_pickup" layername="pon_large" frame="0" z_index="2" m_a="1.000000" m_b="0.000000" m_c="0.000000" m_d="1.000000" m_tx="0.000000" m_ty="-61.066666"/>
  </frame>
  <frame idx="2750" w="142" h="209" x="-0.058495" y="-61.328079">
   <element name="pon_pickup" layername="pon_large" frame="0" z_index="2" m_a="1.000000" m_b="0.000000" m_c="0.000000" m_d="1.000000" m_tx="0.000000" m_ty="-61.333332"/>
  </frame>
  <frame idx="2775" w="142" h="209" x="-0.058495" y="-61.594749">
   <element name="pon_pickup" layername="pon_large" frame="0" z_index="2" m_a="1.000000" m_b="0.000000" m_c="0.000000" m_d="1.000000" m_tx="0.000000" m_ty="-61.599998"/>
  </frame>
  <frame idx="2800" w="142" h="209" x="-0.058495" y="-61.861420">
   <element name="pon_pickup" layername="pon_large" frame="0" z_index="2" m_a="1.000000" m_b="0.000000" m_c="0.000000" m_d="1.000000" m_tx="0.000000" m_ty="-61.866669"/>
  </frame>
  <frame idx="2825" w="142" h="211" x="-0.058495" y="-62.128082">
   <element name="pon_pickup" layername="pon_large" frame="0" z_index="2" m_a="1.000000" m_b="0.000000" m_c="0.000000" m_d="1.000000" m_tx="0.000000" m_ty="-62.133331"/>
  </frame>
  <frame idx="2850" w="142" h="211" x="-0.058495" y="-62.394753">
   <element name="pon_pickup" layername="pon_large" frame="0" z_index="2" m_a="1.000000" m_b="0.000000" m_c="0.000000" m_d="1.000000" m_tx="0.000000" m_ty="-62.400002"/>
  </frame>
  <frame idx="2875" w="142" h="211" x="-0.058495" y="-62.661423">
   <element name="pon_pickup" layername="pon_large" frame="0" z_index="2" m_a="1.000000" m_b="0.000000" m_c="0.000000" m_d="1.000000" m_tx="0.000000" m_ty="-62.666668"/>
  </frame>
  <frame idx="2900" w="142" h="211" x="-0.058495" y="-62.928085">
   <element name="pon_pickup" layername="pon_large" frame="0" z_index="2" m_a="1.000000" m_b="0.000000" m_c="0.000000" m_d="1.000000" m_tx="0.000000" m_ty="-62.933334"/>
  </frame>
  <frame idx="2925" w="142" h="212" x="-0.058495" y="-63.194748">
   <element name="pon_pickup" layername="pon_large" frame="0" z_index="2" m_a="1.000000" m_b="0.000000" m_c="0.000000" m_d="1.000000" m_tx="0.000000" m_ty="-63.200001"/>
  </frame>
  <frame idx="2950" w="142" h="212" x="-0.058495" y="-63.461418">
   <element name="pon_pickup" layername="pon_large" frame="0" z_index="2" m_a="1.000000" m_b="0.000000" m_c="0.000000" m_d="1.000000" m_tx="0.000000" m_ty="-63.466667"/>
  </frame>
  <frame idx="2975" w="142" h="212" x="-0.058495" y="-63.728088">
   <element name="pon_pickup" layername="pon_large" frame="0" z_index="2" m_a="1.000000" m_b="0.000000" m_c="0.000000" m_d="1.000000" m_tx="0.000000" m_ty="-63.733334"/>
  </frame>
 </anim>
</Anims>
