<Anims>
 <anim name="anim" root="pons_frame" numframes="5350" framerate="40">
  <frame idx="0" w="75" h="75" x="-4.799915" y="-4.799915">
   <element name="level" layername="level" frame="0" z_index="8" m_a="0.866669" m_b="0.000000" m_c="0.000000" m_d="0.866669" m_tx="0.000000" m_ty="0.000000"/>
  </frame>
  <frame idx="25" w="75" h="75" x="-4.799915" y="-4.927376">
   <element name="level" layername="level" frame="0" z_index="8" m_a="0.866669" m_b="0.000000" m_c="0.000000" m_d="0.866669" m_tx="0.000000" m_ty="-0.127461"/>
  </frame>
  <frame idx="50" w="75" h="75" x="-4.799915" y="-4.846767">
   <element name="level" layername="level" frame="1" z_index="8" m_a="0.866669" m_b="0.000000" m_c="0.000000" m_d="0.866669" m_tx="0.000000" m_ty="-0.246867"/>
  </frame>
  <frame idx="75" w="75" h="75" x="-4.799915" y="-4.786694">
   <element name="level" layername="level" frame="2" z_index="8" m_a="0.866669" m_b="0.000000" m_c="0.000000" m_d="0.866669" m_tx="0.000000" m_ty="-0.361755"/>
  </frame>
  <frame idx="100" w="75" h="75" x="-4.799915" y="-4.726582">
   <element name="level" layername="level" frame="3" z_index="8" m_a="0.866669" m_b="0.000000" m_c="0.000000" m_d="0.866669" m_tx="0.000000" m_ty="-0.476674"/>
  </frame>
  <frame idx="125" w="75" h="75" x="-4.799915" y="-4.854042">
   <element name="level" layername="level" frame="3" z_index="8" m_a="0.866669" m_b="0.000000" m_c="0.000000" m_d="0.866669" m_tx="0.000000" m_ty="-0.604136"/>
  </frame>
  <frame idx="150" w="75" h="75" x="-4.799915" y="-4.783932">
   <element name="level" layername="level" frame="4" z_index="8" m_a="0.866669" m_b="0.000000" m_c="0.000000" m_d="0.866669" m_tx="0.000000" m_ty="-0.734040"/>
  </frame>
  <frame idx="175" w="75" h="75" x="-4.799915" y="-4.710030">
   <element name="level" layername="level" frame="5" z_index="8" m_a="0.866669" m_b="0.000000" m_c="0.000000" m_d="0.866669" m_tx="0.000000" m_ty="-0.860084"/>
  </frame>
  <frame idx="200" w="75" h="75" x="-4.799915" y="-4.649918">
   <element name="level" layername="level" frame="6" z_index="8" m_a="0.866669" m_b="0.000000" m_c="0.000000" m_d="0.866669" m_tx="0.000000" m_ty="-0.975003"/>
  </frame>
  <frame idx="225" w="75" h="75" x="-4.799915" y="-4.777378">
   <element name="level" layername="level" frame="6" z_index="8" m_a="0.866669" m_b="0.000000" m_c="0.000000" m_d="0.866669" m_tx="0.000000" m_ty="-1.102464"/>
  </frame>
  <frame idx="250" w="75" h="75" x="-4.799915" y="-4.696770">
   <element name="level" layername="level" frame="7" z_index="8" m_a="0.866669" m_b="0.000000" m_c="0.000000" m_d="0.866669" m_tx="0.000000" m_ty="-1.221869"/>
  </frame>
  <frame idx="275" w="75" h="75" x="-4.799915" y="-4.657391">
   <element name="level" layername="level" frame="8" z_index="8" m_a="0.866669" m_b="0.000000" m_c="0.000000" m_d="0.866669" m_tx="0.000000" m_ty="-1.357452"/>
  </frame>
  <frame idx="300" w="75" h="71" x="-4.799915" y="-4.309931">
   <element name="level" layername="level" frame="9" z_index="8" m_a="0.866669" m_b="0.000000" m_c="0.000000" m_d="0.866669" m_tx="0.000000" m_ty="-1.451648"/>
  </frame>
  <frame idx="325" w="75" h="71" x="-4.799915" y="-4.437418">
   <element name="level" layername="level" frame="9" z_index="8" m_a="0.866669" m_b="0.000000" m_c="0.000000" m_d="0.866669" m_tx="0.000000" m_ty="-1.579136"/>
  </frame>
  <frame idx="350" w="75" h="71" x="-4.799915" y="-4.367292">
   <element name="level" layername="level" frame="10" z_index="8" m_a="0.866669" m_b="0.000000" m_c="0.000000" m_d="0.866669" m_tx="0.000000" m_ty="-1.709068"/>
  </frame>
  <frame idx="375" w="75" h="71" x="-4.799915" y="-4.293352">
   <element name="level" layername="level" frame="11" z_index="8" m_a="0.866669" m_b="0.000000" m_c="0.000000" m_d="0.866669" m_tx="0.000000" m_ty="-1.835117"/>
  </frame>
  <frame idx="400" w="75" h="71" x="-4.799915" y="-4.233263">
   <element name="level" layername="level" frame="12" z_index="8" m_a="0.866669" m_b="0.000000" m_c="0.000000" m_d="0.866669" m_tx="0.000000" m_ty="-1.949993"/>
  </frame>
  <frame idx="425" w="75" h="71" x="-4.799915" y="-4.344801">
   <element name="level" layername="level" frame="12" z_index="8" m_a="0.866669" m_b="0.000000" m_c="0.000000" m_d="0.866669" m_tx="0.000000" m_ty="-2.061532"/>
  </frame>
  <frame idx="450" w="75" h="71" x="-4.799915" y="-4.293962">
   <element name="level" layername="level" frame="13" z_index="8" m_a="0.866669" m_b="0.000000" m_c="0.000000" m_d="0.866669" m_tx="0.000000" m_ty="-2.185722"/>
  </frame>
  <frame idx="475" w="75" h="71" x="-4.799915" y="-4.225279">
   <element name="level" layername="level" frame="14" z_index="8" m_a="0.866669" m_b="0.000000" m_c="0.000000" m_d="0.866669" m_tx="0.000000" m_ty="-2.317028"/>
  </frame>
  <frame idx="500" w="75" h="71" x="-4.799915" y="-4.156595">
   <element name="level" layername="level" frame="15" z_index="8" m_a="0.866669" m_b="0.000000" m_c="0.000000" m_d="0.866669" m_tx="0.000000" m_ty="-2.448334"/>
  </frame>
  <frame idx="525" w="75" h="71" x="-4.799915" y="-4.268133">
   <element name="level" layername="level" frame="15" z_index="8" m_a="0.866669" m_b="0.000000" m_c="0.000000" m_d="0.866669" m_tx="0.000000" m_ty="-2.559873"/>
  </frame>
  <frame idx="550" w="75" h="71" x="-4.799915" y="-4.206778">
   <element name="level" layername="level" frame="16" z_index="8" m_a="0.866669" m_b="0.000000" m_c="0.000000" m_d="0.866669" m_tx="0.000000" m_ty="-2.673548"/>
  </frame>
  <frame idx="575" w="75" h="71" x="-4.799915" y="-4.151949">
   <element name="level" layername="level" frame="17" z_index="8" m_a="0.866669" m_b="0.000000" m_c="0.000000" m_d="0.866669" m_tx="0.000000" m_ty="-2.793682"/>
  </frame>
  <frame idx="600" w="75" h="71" x="-4.799915" y="-4.083265">
   <element name="level" layername="level" frame="18" z_index="8" m_a="0.866669" m_b="0.000000" m_c="0.000000" m_d="0.866669" m_tx="0.000000" m_ty="-2.924988"/>
  </frame>
  <frame idx="625" w="75" h="71" x="-4.799915" y="-4.353102">
   <element name="level" layername="level" frame="18" z_index="8" m_a="0.866669" m_b="0.000000" m_c="0.000000" m_d="0.866669" m_tx="0.000000" m_ty="-3.194826"/>
  </frame>
  <frame idx="650" w="75" h="66" x="-4.799915" y="-3.863489">
   <element name="level" layername="level" frame="19" z_index="8" m_a="0.866669" m_b="0.000000" m_c="0.000000" m_d="0.866669" m_tx="0.000000" m_ty="-3.171874"/>
  </frame>
  <frame idx="675" w="75" h="66" x="-4.799915" y="-3.808619">
   <element name="level" layername="level" frame="20" z_index="8" m_a="0.866669" m_b="0.000000" m_c="0.000000" m_d="0.866669" m_tx="0.000000" m_ty="-3.292042"/>
  </frame>
  <frame idx="700" w="75" h="66" x="-4.799915" y="-3.739931">
   <element name="level" layername="level" frame="21" z_index="8" m_a="0.866669" m_b="0.000000" m_c="0.000000" m_d="0.866669" m_tx="0.000000" m_ty="-3.423357"/>
  </frame>
  <frame idx="725" w="75" h="66" x="-4.799915" y="-3.851439">
   <element name="level" layername="level" frame="21" z_index="8" m_a="0.866669" m_b="0.000000" m_c="0.000000" m_d="0.866669" m_tx="0.000000" m_ty="-3.534861"/>
  </frame>
  <frame idx="750" w="75" h="66" x="-4.799915" y="-3.790155">
   <element name="level" layername="level" frame="22" z_index="8" m_a="0.866669" m_b="0.000000" m_c="0.000000" m_d="0.866669" m_tx="0.000000" m_ty="-3.648556"/>
  </frame>
  <frame idx="775" w="75" h="66" x="-4.799915" y="-3.735285">
   <element name="level" layername="level" frame="23" z_index="8" m_a="0.866669" m_b="0.000000" m_c="0.000000" m_d="0.866669" m_tx="0.000000" m_ty="-3.768726"/>
  </frame>
  <frame idx="800" w="75" h="66" x="-4.799915" y="-3.666597">
   <element name="level" layername="level" frame="24" z_index="8" m_a="0.866669" m_b="0.000000" m_c="0.000000" m_d="0.866669" m_tx="0.000000" m_ty="-3.900037"/>
  </frame>
  <frame idx="825" w="75" h="66" x="-4.799915" y="-3.794008">
   <element name="level" layername="level" frame="24" z_index="8" m_a="0.866669" m_b="0.000000" m_c="0.000000" m_d="0.866669" m_tx="0.000000" m_ty="-4.027448"/>
  </frame>
  <frame idx="850" w="75" h="66" x="-4.799915" y="-3.713495">
   <element name="level" layername="level" frame="25" z_index="8" m_a="0.866669" m_b="0.000000" m_c="0.000000" m_d="0.866669" m_tx="0.000000" m_ty="-4.146868"/>
  </frame>
  <frame idx="875" w="75" h="66" x="-4.799915" y="-3.653364">
   <element name="level" layername="level" frame="26" z_index="8" m_a="0.866669" m_b="0.000000" m_c="0.000000" m_d="0.866669" m_tx="0.000000" m_ty="-4.261781"/>
  </frame>
  <frame idx="900" w="75" h="66" x="-4.799915" y="-3.593271">
   <element name="level" layername="level" frame="27" z_index="8" m_a="0.866669" m_b="0.000000" m_c="0.000000" m_d="0.866669" m_tx="0.000000" m_ty="-4.376665"/>
  </frame>
  <frame idx="925" w="75" h="66" x="-4.799915" y="-3.720724">
   <element name="level" layername="level" frame="27" z_index="8" m_a="0.866669" m_b="0.000000" m_c="0.000000" m_d="0.866669" m_tx="0.000000" m_ty="-4.504117"/>
  </frame>
  <frame idx="950" w="75" h="66" x="-4.799915" y="-3.650648">
   <element name="level" layername="level" frame="28" z_index="8" m_a="0.866669" m_b="0.000000" m_c="0.000000" m_d="0.866669" m_tx="0.000000" m_ty="-4.634040"/>
  </frame>
  <frame idx="975" w="75" h="66" x="-4.799915" y="-3.655500">
   <element name="level" layername="level" frame="29" z_index="8" m_a="0.866669" m_b="0.000000" m_c="0.000000" m_d="0.866669" m_tx="0.000000" m_ty="-4.838892"/>
  </frame>
  <frame idx="1000" w="75" h="62" x="-4.799915" y="-3.249945">
   <element name="level" layername="level" frame="30" z_index="8" m_a="0.866669" m_b="0.000000" m_c="0.000000" m_d="0.866669" m_tx="0.000000" m_ty="-4.875013"/>
  </frame>
  <frame idx="1025" w="75" h="62" x="-4.799915" y="-3.361475">
   <element name="level" layername="level" frame="30" z_index="8" m_a="0.866669" m_b="0.000000" m_c="0.000000" m_d="0.866669" m_tx="0.000000" m_ty="-4.986546"/>
  </frame>
  <frame idx="1050" w="75" h="62" x="-4.799915" y="-3.310640">
   <element name="level" layername="level" frame="31" z_index="8" m_a="0.866669" m_b="0.000000" m_c="0.000000" m_d="0.866669" m_tx="0.000000" m_ty="-5.110730"/>
  </frame>
  <frame idx="1075" w="75" h="62" x="-4.799915" y="-3.241961">
   <element name="level" layername="level" frame="32" z_index="8" m_a="0.866669" m_b="0.000000" m_c="0.000000" m_d="0.866669" m_tx="0.000000" m_ty="-5.242031"/>
  </frame>
  <frame idx="1100" w="75" h="62" x="-4.799915" y="-3.173277">
   <element name="level" layername="level" frame="33" z_index="8" m_a="0.866669" m_b="0.000000" m_c="0.000000" m_d="0.866669" m_tx="0.000000" m_ty="-5.373330"/>
  </frame>
  <frame idx="1125" w="75" h="62" x="-4.799915" y="-3.284811">
   <element name="level" layername="level" frame="33" z_index="8" m_a="0.866669" m_b="0.000000" m_c="0.000000" m_d="0.866669" m_tx="0.000000" m_ty="-5.484862"/>
  </frame>
  <frame idx="1150" w="75" h="62" x="-4.799915" y="-3.233976">
   <element name="level" layername="level" frame="34" z_index="8" m_a="0.866669" m_b="0.000000" m_c="0.000000" m_d="0.866669" m_tx="0.000000" m_ty="-5.609047"/>
  </frame>
  <frame idx="1175" w="75" h="62" x="-4.799915" y="-3.158972">
   <element name="level" layername="level" frame="35" z_index="8" m_a="0.866669" m_b="0.000000" m_c="0.000000" m_d="0.866669" m_tx="0.000000" m_ty="-5.734023"/>
  </frame>
  <frame idx="1200" w="75" h="62" x="-4.799915" y="-3.270502">
   <element name="level" layername="level" frame="35" z_index="8" m_a="0.866669" m_b="0.000000" m_c="0.000000" m_d="0.866669" m_tx="0.000000" m_ty="-5.845555"/>
  </frame>
  <frame idx="1225" w="75" h="62" x="-4.799915" y="-3.210260">
   <element name="level" layername="level" frame="36" z_index="8" m_a="0.866669" m_b="0.000000" m_c="0.000000" m_d="0.866669" m_tx="0.000000" m_ty="-5.960332"/>
  </frame>
  <frame idx="1250" w="75" h="62" x="-4.799915" y="-3.160643">
   <element name="level" layername="level" frame="37" z_index="8" m_a="0.866669" m_b="0.000000" m_c="0.000000" m_d="0.866669" m_tx="0.000000" m_ty="-6.085732"/>
  </frame>
  <frame idx="1275" w="75" h="62" x="-4.799915" y="-3.090727">
   <element name="level" layername="level" frame="38" z_index="8" m_a="0.866669" m_b="0.000000" m_c="0.000000" m_d="0.866669" m_tx="0.000000" m_ty="-6.215796"/>
  </frame>
  <frame idx="1300" w="75" h="62" x="-4.799915" y="-3.218164">
   <element name="level" layername="level" frame="38" z_index="8" m_a="0.866669" m_b="0.000000" m_c="0.000000" m_d="0.866669" m_tx="0.000000" m_ty="-6.343236"/>
  </frame>
  <frame idx="1325" w="75" h="62" x="-4.799915" y="-3.133596">
   <element name="level" layername="level" frame="39" z_index="8" m_a="0.866669" m_b="0.000000" m_c="0.000000" m_d="0.866669" m_tx="0.000000" m_ty="-6.458649"/>
  </frame>
  <frame idx="1350" w="75" h="62" x="-4.799915" y="-3.303854">
   <element name="level" layername="level" frame="40" z_index="8" m_a="0.866669" m_b="0.000000" m_c="0.000000" m_d="0.866669" m_tx="0.000000" m_ty="-6.803926"/>
  </frame>
  <frame idx="1375" w="75" h="58" x="-4.799915" y="-2.750729">
   <element name="level" layername="level" frame="41" z_index="8" m_a="0.866669" m_b="0.000000" m_c="0.000000" m_d="0.866669" m_tx="0.000000" m_ty="-6.692486"/>
  </frame>
  <frame idx="1400" w="75" h="58" x="-4.799915" y="-2.878162">
   <element name="level" layername="level" frame="41" z_index="8" m_a="0.866669" m_b="0.000000" m_c="0.000000" m_d="0.866669" m_tx="0.000000" m_ty="-6.819921"/>
  </frame>
  <frame idx="1425" w="75" h="58" x="-4.799915" y="-2.809334">
   <element name="level" layername="level" frame="42" z_index="8" m_a="0.866669" m_b="0.000000" m_c="0.000000" m_d="0.866669" m_tx="0.000000" m_ty="-6.951064"/>
  </frame>
  <frame idx="1450" w="75" h="58" x="-4.799915" y="-2.730160">
   <element name="level" layername="level" frame="43" z_index="8" m_a="0.866669" m_b="0.000000" m_c="0.000000" m_d="0.866669" m_tx="0.000000" m_ty="-7.071865"/>
  </frame>
  <frame idx="1475" w="75" h="58" x="-4.799915" y="-2.668976">
   <element name="level" layername="level" frame="44" z_index="8" m_a="0.866669" m_b="0.000000" m_c="0.000000" m_d="0.866669" m_tx="0.000000" m_ty="-7.185684"/>
  </frame>
  <frame idx="1500" w="75" h="58" x="-4.799915" y="-2.780495">
   <element name="level" layername="level" frame="44" z_index="8" m_a="0.866669" m_b="0.000000" m_c="0.000000" m_d="0.866669" m_tx="0.000000" m_ty="-7.297204"/>
  </frame>
  <frame idx="1525" w="75" h="58" x="-4.799915" y="-2.736038">
   <element name="level" layername="level" frame="45" z_index="8" m_a="0.866669" m_b="0.000000" m_c="0.000000" m_d="0.866669" m_tx="0.000000" m_ty="-7.427746"/>
  </frame>
  <frame idx="1550" w="75" h="58" x="-4.799915" y="-2.667320">
   <element name="level" layername="level" frame="46" z_index="8" m_a="0.866669" m_b="0.000000" m_c="0.000000" m_d="0.866669" m_tx="0.000000" m_ty="-7.559057"/>
  </frame>
  <frame idx="1575" w="75" h="58" x="-4.799915" y="-2.592312">
   <element name="level" layername="level" frame="47" z_index="8" m_a="0.866669" m_b="0.000000" m_c="0.000000" m_d="0.866669" m_tx="0.000000" m_ty="-7.684027"/>
  </frame>
  <frame idx="1600" w="75" h="58" x="-4.799915" y="-2.703827">
   <element name="level" layername="level" frame="47" z_index="8" m_a="0.866669" m_b="0.000000" m_c="0.000000" m_d="0.866669" m_tx="0.000000" m_ty="-7.795545"/>
  </frame>
  <frame idx="1625" w="75" h="58" x="-4.799915" y="-2.659374">
   <element name="level" layername="level" frame="48" z_index="8" m_a="0.866669" m_b="0.000000" m_c="0.000000" m_d="0.866669" m_tx="0.000000" m_ty="-7.926088"/>
  </frame>
  <frame idx="1650" w="75" h="58" x="-4.799915" y="-2.580158">
   <element name="level" layername="level" frame="49" z_index="8" m_a="0.866669" m_b="0.000000" m_c="0.000000" m_d="0.866669" m_tx="0.000000" m_ty="-8.046905"/>
  </frame>
  <frame idx="1675" w="75" h="58" x="-4.799915" y="-2.668774">
   <element name="level" layername="level" frame="50" z_index="8" m_a="0.866669" m_b="0.000000" m_c="0.000000" m_d="0.866669" m_tx="0.000000" m_ty="-8.310526"/>
  </frame>
  <frame idx="1700" w="75" h="58" x="-4.799915" y="-3.248428">
   <element name="level" layername="level" frame="50" z_index="8" m_a="0.866669" m_b="0.000000" m_c="0.000000" m_d="0.866669" m_tx="0.000000" m_ty="-8.890180"/>
  </frame>
  <frame idx="1725" w="75" h="53" x="-4.799915" y="-2.319351">
   <element name="level" layername="level" frame="51" z_index="8" m_a="0.866669" m_b="0.000000" m_c="0.000000" m_d="0.866669" m_tx="0.000000" m_ty="-8.402752"/>
  </frame>
  <frame idx="1750" w="75" h="53" x="-4.799915" y="-2.250664">
   <element name="level" layername="level" frame="52" z_index="8" m_a="0.866669" m_b="0.000000" m_c="0.000000" m_d="0.866669" m_tx="0.000000" m_ty="-8.534060"/>
  </frame>
  <frame idx="1775" w="75" h="53" x="-4.799915" y="-2.175655">
   <element name="level" layername="level" frame="53" z_index="8" m_a="0.866669" m_b="0.000000" m_c="0.000000" m_d="0.866669" m_tx="0.000000" m_ty="-8.659042"/>
  </frame>
  <frame idx="1800" w="75" h="53" x="-4.799915" y="-2.287197">
   <element name="level" layername="level" frame="53" z_index="8" m_a="0.866669" m_b="0.000000" m_c="0.000000" m_d="0.866669" m_tx="0.000000" m_ty="-8.770582"/>
  </frame>
  <frame idx="1825" w="75" h="53" x="-4.799915" y="-2.226921">
   <element name="level" layername="level" frame="54" z_index="8" m_a="0.866669" m_b="0.000000" m_c="0.000000" m_d="0.866669" m_tx="0.000000" m_ty="-8.885336"/>
  </frame>
  <frame idx="1850" w="75" h="53" x="-4.799915" y="-2.177334">
   <element name="level" layername="level" frame="55" z_index="8" m_a="0.866669" m_b="0.000000" m_c="0.000000" m_d="0.866669" m_tx="0.000000" m_ty="-9.010733"/>
  </frame>
  <frame idx="1875" w="75" h="53" x="-4.799915" y="-2.107414">
   <element name="level" layername="level" frame="56" z_index="8" m_a="0.866669" m_b="0.000000" m_c="0.000000" m_d="0.866669" m_tx="0.000000" m_ty="-9.140804"/>
  </frame>
  <frame idx="1900" w="75" h="53" x="-4.799915" y="-2.234859">
   <element name="level" layername="level" frame="56" z_index="8" m_a="0.866669" m_b="0.000000" m_c="0.000000" m_d="0.866669" m_tx="0.000000" m_ty="-9.268250"/>
  </frame>
  <frame idx="1925" w="75" h="53" x="-4.799915" y="-2.150288">
   <element name="level" layername="level" frame="57" z_index="8" m_a="0.866669" m_b="0.000000" m_c="0.000000" m_d="0.866669" m_tx="0.000000" m_ty="-9.383671"/>
  </frame>
  <frame idx="1950" w="75" h="53" x="-4.799915" y="-2.090157">
   <element name="level" layername="level" frame="58" z_index="8" m_a="0.866669" m_b="0.000000" m_c="0.000000" m_d="0.866669" m_tx="0.000000" m_ty="-9.498569"/>
  </frame>
  <frame idx="1975" w="75" h="53" x="-4.799915" y="-2.034081">
   <element name="level" layername="level" frame="59" z_index="8" m_a="0.866669" m_b="0.000000" m_c="0.000000" m_d="0.866669" m_tx="0.000000" m_ty="-9.617475"/>
  </frame>
  <frame idx="2000" w="75" h="53" x="-4.799915" y="-2.161530">
   <element name="level" layername="level" frame="59" z_index="8" m_a="0.866669" m_b="0.000000" m_c="0.000000" m_d="0.866669" m_tx="0.000000" m_ty="-9.744923"/>
  </frame>
  <frame idx="2025" w="75" h="53" x="-4.799915" y="-2.092690">
   <element name="level" layername="level" frame="60" z_index="8" m_a="0.866669" m_b="0.000000" m_c="0.000000" m_d="0.866669" m_tx="0.000000" m_ty="-9.876077"/>
  </frame>
  <frame idx="2050" w="75" h="53" x="-4.799915" y="-2.420589">
   <element name="level" layername="level" frame="61" z_index="8" m_a="0.866669" m_b="0.000000" m_c="0.000000" m_d="0.866669" m_tx="0.000000" m_ty="-10.403971"/>
  </frame>
  <frame idx="2075" w="75" h="49" x="-4.799915" y="-1.690746">
   <element name="level" layername="level" frame="62" z_index="8" m_a="0.866669" m_b="0.000000" m_c="0.000000" m_d="0.866669" m_tx="0.000000" m_ty="-10.115825"/>
  </frame>
  <frame idx="2100" w="75" h="49" x="-4.799915" y="-1.818176">
   <element name="level" layername="level" frame="62" z_index="8" m_a="0.866669" m_b="0.000000" m_c="0.000000" m_d="0.866669" m_tx="0.000000" m_ty="-10.243257"/>
  </frame>
  <frame idx="2125" w="75" h="49" x="-4.799915" y="-1.733616">
   <element name="level" layername="level" frame="63" z_index="8" m_a="0.866669" m_b="0.000000" m_c="0.000000" m_d="0.866669" m_tx="0.000000" m_ty="-10.358663"/>
  </frame>
  <frame idx="2150" w="75" h="49" x="-4.799915" y="-1.673512">
   <element name="level" layername="level" frame="64" z_index="8" m_a="0.866669" m_b="0.000000" m_c="0.000000" m_d="0.866669" m_tx="0.000000" m_ty="-10.473567"/>
  </frame>
  <frame idx="2175" w="75" h="49" x="-4.799915" y="-1.617424">
   <element name="level" layername="level" frame="65" z_index="8" m_a="0.866669" m_b="0.000000" m_c="0.000000" m_d="0.866669" m_tx="0.000000" m_ty="-10.592490"/>
  </frame>
  <frame idx="2200" w="75" h="49" x="-4.799915" y="-1.744884">
   <element name="level" layername="level" frame="65" z_index="8" m_a="0.866669" m_b="0.000000" m_c="0.000000" m_d="0.866669" m_tx="0.000000" m_ty="-10.719951"/>
  </frame>
  <frame idx="2225" w="75" h="49" x="-4.799915" y="-1.676010">
   <element name="level" layername="level" frame="66" z_index="8" m_a="0.866669" m_b="0.000000" m_c="0.000000" m_d="0.866669" m_tx="0.000000" m_ty="-10.851089"/>
  </frame>
  <frame idx="2250" w="75" h="49" x="-4.799915" y="-1.596848">
   <element name="level" layername="level" frame="67" z_index="8" m_a="0.866669" m_b="0.000000" m_c="0.000000" m_d="0.866669" m_tx="0.000000" m_ty="-10.971894"/>
  </frame>
  <frame idx="2275" w="75" h="49" x="-4.799915" y="-1.535660">
   <element name="level" layername="level" frame="68" z_index="8" m_a="0.866669" m_b="0.000000" m_c="0.000000" m_d="0.866669" m_tx="0.000000" m_ty="-11.085718"/>
  </frame>
  <frame idx="2300" w="75" h="49" x="-4.799915" y="-1.647186">
   <element name="level" layername="level" frame="68" z_index="8" m_a="0.866669" m_b="0.000000" m_c="0.000000" m_d="0.866669" m_tx="0.000000" m_ty="-11.197244"/>
  </frame>
  <frame idx="2325" w="75" h="49" x="-4.799915" y="-1.602707">
   <element name="level" layername="level" frame="69" z_index="8" m_a="0.866669" m_b="0.000000" m_c="0.000000" m_d="0.866669" m_tx="0.000000" m_ty="-11.327773"/>
  </frame>
  <frame idx="2350" w="75" h="49" x="-4.799915" y="-1.533997">
   <element name="level" layername="level" frame="70" z_index="8" m_a="0.866669" m_b="0.000000" m_c="0.000000" m_d="0.866669" m_tx="0.000000" m_ty="-11.459078"/>
  </frame>
  <frame idx="2375" w="75" h="49" x="-4.799915" y="-1.459000">
   <element name="level" layername="level" frame="71" z_index="8" m_a="0.866669" m_b="0.000000" m_c="0.000000" m_d="0.866669" m_tx="0.000000" m_ty="-11.584045"/>
  </frame>
  <frame idx="2400" w="75" h="49" x="-4.799915" y="-1.570526">
   <element name="level" layername="level" frame="71" z_index="8" m_a="0.866669" m_b="0.000000" m_c="0.000000" m_d="0.866669" m_tx="0.000000" m_ty="-11.695571"/>
  </frame>
  <frame idx="2425" w="75" h="49" x="-4.799915" y="-2.293850">
   <element name="level" layername="level" frame="72" z_index="8" m_a="0.866669" m_b="0.000000" m_c="0.000000" m_d="0.866669" m_tx="0.000000" m_ty="-12.593905"/>
  </frame>
  <frame idx="2450" w="75" h="44" x="-4.799915" y="-1.194033">
   <element name="level" layername="level" frame="73" z_index="8" m_a="0.866669" m_b="0.000000" m_c="0.000000" m_d="0.866669" m_tx="0.000000" m_ty="-11.935732"/>
  </frame>
  <frame idx="2475" w="75" h="44" x="-4.799915" y="-1.118998">
   <element name="level" layername="level" frame="74" z_index="8" m_a="0.866669" m_b="0.000000" m_c="0.000000" m_d="0.866669" m_tx="0.000000" m_ty="-12.060719"/>
  </frame>
  <frame idx="2500" w="75" h="44" x="-4.799915" y="-1.230513">
   <element name="level" layername="level" frame="74" z_index="8" m_a="0.866669" m_b="0.000000" m_c="0.000000" m_d="0.866669" m_tx="0.000000" m_ty="-12.172232"/>
  </frame>
  <frame idx="2525" w="75" h="44" x="-4.799915" y="-1.186060">
   <element name="level" layername="level" frame="75" z_index="8" m_a="0.866669" m_b="0.000000" m_c="0.000000" m_d="0.866669" m_tx="0.000000" m_ty="-12.302769"/>
  </frame>
  <frame idx="2550" w="75" h="44" x="-4.799915" y="-1.117346">
   <element name="level" layername="level" frame="76" z_index="8" m_a="0.866669" m_b="0.000000" m_c="0.000000" m_d="0.866669" m_tx="0.000000" m_ty="-12.434079"/>
  </frame>
  <frame idx="2575" w="75" h="44" x="-4.799915" y="-1.042334">
   <element name="level" layername="level" frame="77" z_index="8" m_a="0.866669" m_b="0.000000" m_c="0.000000" m_d="0.866669" m_tx="0.000000" m_ty="-12.559048"/>
  </frame>
  <frame idx="2600" w="75" h="44" x="-4.799915" y="-1.153845">
   <element name="level" layername="level" frame="77" z_index="8" m_a="0.866669" m_b="0.000000" m_c="0.000000" m_d="0.866669" m_tx="0.000000" m_ty="-12.670560"/>
  </frame>
  <frame idx="2625" w="75" h="44" x="-4.799915" y="-1.093641">
   <element name="level" layername="level" frame="78" z_index="8" m_a="0.866669" m_b="0.000000" m_c="0.000000" m_d="0.866669" m_tx="0.000000" m_ty="-12.785343"/>
  </frame>
  <frame idx="2650" w="75" h="44" x="-4.799915" y="-1.044012">
   <element name="level" layername="level" frame="79" z_index="8" m_a="0.866669" m_b="0.000000" m_c="0.000000" m_d="0.866669" m_tx="0.000000" m_ty="-12.910746"/>
  </frame>
  <frame idx="2675" w="75" h="44" x="-4.799915" y="-0.975344">
   <element name="level" layername="level" frame="80" z_index="8" m_a="0.866669" m_b="0.000000" m_c="0.000000" m_d="0.866669" m_tx="0.000000" m_ty="-13.042057"/>
  </frame>
  <frame idx="2700" w="75" h="44" x="-4.799915" y="-0.906649">
   <element name="level" layername="level" frame="81" z_index="8" m_a="0.866669" m_b="0.000000" m_c="0.000000" m_d="0.866669" m_tx="0.000000" m_ty="-13.173386"/>
  </frame>
  <frame idx="2725" w="75" h="44" x="-4.799915" y="-1.018160">
   <element name="level" layername="level" frame="81" z_index="8" m_a="0.866669" m_b="0.000000" m_c="0.000000" m_d="0.866669" m_tx="0.000000" m_ty="-13.284899"/>
  </frame>
  <frame idx="2750" w="75" h="44" x="-4.810413" y="-1.610266">
   <element name="level" layername="level" frame="82" z_index="8" m_a="0.866669" m_b="0.000000" m_c="0.000000" m_d="0.866669" m_tx="-0.010498" m_ty="-14.051991"/>
  </frame>
  <frame idx="2775" w="75" h="40" x="-4.796585" y="-0.635344">
   <element name="level" layername="level" frame="83" z_index="8" m_a="0.866669" m_b="0.000000" m_c="0.000000" m_d="0.866669" m_tx="-0.021652" m_ty="-13.518724"/>
  </frame>
  <frame idx="2800" w="75" h="40" x="-4.796585" y="-0.566656">
   <element name="level" layername="level" frame="84" z_index="8" m_a="0.866669" m_b="0.000000" m_c="0.000000" m_d="0.866669" m_tx="-0.021652" m_ty="-13.650037"/>
  </frame>
  <frame idx="2825" w="75" h="40" x="-4.780663" y="-0.694109">
   <element name="level" layername="level" frame="84" z_index="8" m_a="0.866669" m_b="0.000000" m_c="0.000000" m_d="0.866669" m_tx="-0.005731" m_ty="-13.777489"/>
  </frame>
  <frame idx="2850" w="75" h="40" x="-4.810413" y="-0.613527">
   <element name="level" layername="level" frame="85" z_index="8" m_a="0.866669" m_b="0.000000" m_c="0.000000" m_d="0.866669" m_tx="-0.010498" m_ty="-13.896907"/>
  </frame>
  <frame idx="2875" w="75" h="40" x="-4.791336" y="-0.558680">
   <element name="level" layername="level" frame="86" z_index="8" m_a="0.866669" m_b="0.000000" m_c="0.000000" m_d="0.866669" m_tx="-0.016403" m_ty="-14.017057"/>
  </frame>
  <frame idx="2900" w="75" h="40" x="-4.799915" y="-0.489988">
   <element name="level" layername="level" frame="87" z_index="8" m_a="0.866669" m_b="0.000000" m_c="0.000000" m_d="0.866669" m_tx="0.000000" m_ty="-14.148371"/>
  </frame>
  <frame idx="2925" w="75" h="40" x="-4.815838" y="-0.601511">
   <element name="level" layername="level" frame="87" z_index="8" m_a="0.866669" m_b="0.000000" m_c="0.000000" m_d="0.866669" m_tx="-0.015921" m_ty="-14.259892"/>
  </frame>
  <frame idx="2950" w="75" h="40" x="-4.786087" y="-0.540194">
   <element name="level" layername="level" frame="88" z_index="8" m_a="0.866669" m_b="0.000000" m_c="0.000000" m_d="0.866669" m_tx="-0.011154" m_ty="-14.373575"/>
  </frame>
  <frame idx="2975" w="75" h="40" x="-4.799915" y="-0.485346">
   <element name="level" layername="level" frame="89" z_index="8" m_a="0.866669" m_b="0.000000" m_c="0.000000" m_d="0.866669" m_tx="0.000000" m_ty="-14.493725"/>
  </frame>
  <frame idx="3000" w="75" h="40" x="-4.799915" y="-0.416658">
   <element name="level" layername="level" frame="90" z_index="8" m_a="0.866669" m_b="0.000000" m_c="0.000000" m_d="0.866669" m_tx="0.000000" m_ty="-14.625039"/>
  </frame>
  <frame idx="3025" w="75" h="40" x="-4.799915" y="-0.544111">
   <element name="level" layername="level" frame="90" z_index="8" m_a="0.866669" m_b="0.000000" m_c="0.000000" m_d="0.866669" m_tx="0.000000" m_ty="-14.752490"/>
  </frame>
  <frame idx="3050" w="75" h="40" x="-4.810413" y="-0.463526">
   <element name="level" layername="level" frame="91" z_index="8" m_a="0.866669" m_b="0.000000" m_c="0.000000" m_d="0.866669" m_tx="-0.010498" m_ty="-14.871907"/>
  </frame>
  <frame idx="3075" w="75" h="40" x="-4.796585" y="-0.403429">
   <element name="level" layername="level" frame="92" z_index="8" m_a="0.866669" m_b="0.000000" m_c="0.000000" m_d="0.866669" m_tx="-0.021652" m_ty="-14.986807"/>
  </frame>
  <frame idx="3100" w="75" h="40" x="-4.796585" y="-0.343328">
   <element name="level" layername="level" frame="93" z_index="8" m_a="0.866669" m_b="0.000000" m_c="0.000000" m_d="0.866669" m_tx="-0.021652" m_ty="-15.101708"/>
  </frame>
  <frame idx="3125" w="75" h="41" x="-4.780663" y="-1.718733">
   <element name="level" layername="level" frame="93" z_index="8" m_a="0.866669" m_b="0.000000" m_c="0.000000" m_d="0.866669" m_tx="-0.005731" m_ty="-16.477112"/>
  </frame>
  <frame idx="3150" w="75" h="36" x="-4.799915" y="-0.134047">
   <element name="level" layername="level" frame="94" z_index="8" m_a="0.866669" m_b="0.000000" m_c="0.000000" m_d="0.866669" m_tx="0.000000" m_ty="-15.359078"/>
  </frame>
  <frame idx="3175" w="75" h="36" x="-4.799915" y="-0.060099">
   <element name="level" layername="level" frame="95" z_index="8" m_a="0.866669" m_b="0.000000" m_c="0.000000" m_d="0.866669" m_tx="0.000000" m_ty="-15.485146"/>
  </frame>
  <frame idx="3200" w="75" h="36" x="-4.799915" y="-0.000002">
   <element name="level" layername="level" frame="96" z_index="8" m_a="0.866669" m_b="0.000000" m_c="0.000000" m_d="0.866669" m_tx="0.000000" m_ty="-15.600042"/>
  </frame>
  <frame idx="3225" w="75" h="36" x="-4.831757" y="-0.111494">
   <element name="level" layername="level" frame="96" z_index="8" m_a="0.866669" m_b="0.000000" m_c="0.000000" m_d="0.866669" m_tx="-0.031843" m_ty="-15.711536"/>
  </frame>
  <frame idx="3250" w="75" h="36" x="-4.772255" y="-0.060781">
   <element name="level" layername="level" frame="97" z_index="8" m_a="0.866669" m_b="0.000000" m_c="0.000000" m_d="0.866669" m_tx="-0.022309" m_ty="-15.835784"/>
  </frame>
  <frame idx="3275" w="75" h="36" x="-4.805164" y="0.008036">
   <element name="level" layername="level" frame="98" z_index="8" m_a="0.866669" m_b="0.000000" m_c="0.000000" m_d="0.866669" m_tx="-0.005249" m_ty="-15.967124"/>
  </frame>
  <frame idx="3300" w="75" h="36" x="-4.796585" y="0.076654">
   <element name="level" layername="level" frame="99" z_index="8" m_a="0.866669" m_b="0.000000" m_c="0.000000" m_d="0.866669" m_tx="-0.021652" m_ty="-16.098309"/>
  </frame>
  <frame idx="3325" w="75" h="36" x="-4.780663" y="-0.034838">
   <element name="level" layername="level" frame="99" z_index="8" m_a="0.866669" m_b="0.000000" m_c="0.000000" m_d="0.866669" m_tx="-0.005731" m_ty="-16.209803"/>
  </frame>
  <frame idx="3350" w="75" h="36" x="-4.820911" y="0.015879">
   <element name="level" layername="level" frame="100" z_index="8" m_a="0.866669" m_b="0.000000" m_c="0.000000" m_d="0.866669" m_tx="-0.020997" m_ty="-16.334047"/>
  </frame>
  <frame idx="3375" w="75" h="36" x="-4.782753" y="0.089911">
   <element name="level" layername="level" frame="101" z_index="8" m_a="0.866669" m_b="0.000000" m_c="0.000000" m_d="0.866669" m_tx="-0.032808" m_ty="-16.460171"/>
  </frame>
  <frame idx="3400" w="75" h="36" x="-4.799915" y="0.150000">
   <element name="level" layername="level" frame="102" z_index="8" m_a="0.866669" m_b="0.000000" m_c="0.000000" m_d="0.866669" m_tx="0.000000" m_ty="-16.575045"/>
  </frame>
  <frame idx="3425" w="75" h="36" x="-4.799915" y="0.038504">
   <element name="level" layername="level" frame="102" z_index="8" m_a="0.866669" m_b="0.000000" m_c="0.000000" m_d="0.866669" m_tx="0.000000" m_ty="-16.686539"/>
  </frame>
  <frame idx="3450" w="75" h="36" x="-4.799915" y="0.089216">
   <element name="level" layername="level" frame="103" z_index="8" m_a="0.866669" m_b="0.000000" m_c="0.000000" m_d="0.866669" m_tx="0.000000" m_ty="-16.810787"/>
  </frame>
  <frame idx="3475" w="75" h="36" x="-4.799915" y="-0.359396">
   <element name="level" layername="level" frame="104" z_index="8" m_a="0.866669" m_b="0.000000" m_c="0.000000" m_d="0.866669" m_tx="0.000000" m_ty="-17.459558"/>
  </frame>
  <frame idx="3500" w="75" h="31" x="-4.799915" y="0.493348">
   <element name="level" layername="level" frame="105" z_index="8" m_a="0.866669" m_b="0.000000" m_c="0.000000" m_d="0.866669" m_tx="0.000000" m_ty="-17.073519"/>
  </frame>
  <frame idx="3525" w="75" h="31" x="-4.799915" y="0.382005">
   <element name="level" layername="level" frame="105" z_index="8" m_a="0.866669" m_b="0.000000" m_c="0.000000" m_d="0.866669" m_tx="0.000000" m_ty="-17.184860"/>
  </frame>
  <frame idx="3550" w="75" h="31" x="-4.799915" y="0.443089">
   <element name="level" layername="level" frame="106" z_index="8" m_a="0.866669" m_b="0.000000" m_c="0.000000" m_d="0.866669" m_tx="0.000000" m_ty="-17.298496"/>
  </frame>
  <frame idx="3575" w="71" h="31" x="-4.533255" y="0.497960">
   <element name="level" layername="level" frame="107" z_index="8" m_a="0.866669" m_b="0.000000" m_c="0.000000" m_d="0.866669" m_tx="0.000000" m_ty="-17.418663"/>
  </frame>
  <frame idx="3600" w="71" h="31" x="-4.533255" y="0.566644">
   <element name="level" layername="level" frame="108" z_index="8" m_a="0.866669" m_b="0.000000" m_c="0.000000" m_d="0.866669" m_tx="0.000000" m_ty="-17.549978"/>
  </frame>
  <frame idx="3625" w="71" h="31" x="-4.549200" y="0.439195">
   <element name="level" layername="level" frame="108" z_index="8" m_a="0.866669" m_b="0.000000" m_c="0.000000" m_d="0.866669" m_tx="-0.015947" m_ty="-17.677429"/>
  </frame>
  <frame idx="3650" w="71" h="31" x="-4.519403" y="0.519757">
   <element name="level" layername="level" frame="109" z_index="8" m_a="0.866669" m_b="0.000000" m_c="0.000000" m_d="0.866669" m_tx="-0.011172" m_ty="-17.796865"/>
  </frame>
  <frame idx="3675" w="71" h="31" x="-4.533255" y="0.579877">
   <element name="level" layername="level" frame="110" z_index="8" m_a="0.866669" m_b="0.000000" m_c="0.000000" m_d="0.866669" m_tx="0.000000" m_ty="-17.911791"/>
  </frame>
  <frame idx="3700" w="71" h="31" x="-4.533255" y="0.639989">
   <element name="level" layername="level" frame="111" z_index="8" m_a="0.866669" m_b="0.000000" m_c="0.000000" m_d="0.866669" m_tx="0.000000" m_ty="-18.026714"/>
  </frame>
  <frame idx="3725" w="71" h="31" x="-4.533255" y="0.512536">
   <element name="level" layername="level" frame="111" z_index="8" m_a="0.866669" m_b="0.000000" m_c="0.000000" m_d="0.866669" m_tx="0.000000" m_ty="-18.154165"/>
  </frame>
  <frame idx="3750" w="71" h="31" x="-4.533255" y="0.582616">
   <element name="level" layername="level" frame="112" z_index="8" m_a="0.866669" m_b="0.000000" m_c="0.000000" m_d="0.866669" m_tx="0.000000" m_ty="-18.284090"/>
  </frame>
  <frame idx="3775" w="71" h="31" x="-4.533255" y="0.656549">
   <element name="level" layername="level" frame="113" z_index="8" m_a="0.866669" m_b="0.000000" m_c="0.000000" m_d="0.866669" m_tx="0.000000" m_ty="-18.410158"/>
  </frame>
  <frame idx="3800" w="71" h="31" x="-4.533255" y="0.716657">
   <element name="level" layername="level" frame="114" z_index="8" m_a="0.866669" m_b="0.000000" m_c="0.000000" m_d="0.866669" m_tx="0.000000" m_ty="-18.525084"/>
  </frame>
  <frame idx="3825" w="71" h="33" x="-4.533255" y="-1.374972">
   <element name="level" layername="level" frame="114" z_index="8" m_a="0.866669" m_b="0.000000" m_c="0.000000" m_d="0.866669" m_tx="0.000000" m_ty="-20.616714"/>
  </frame>
  <frame idx="3850" w="71" h="27" x="-4.533255" y="0.936459">
   <element name="level" layername="level" frame="115" z_index="8" m_a="0.866669" m_b="0.000000" m_c="0.000000" m_d="0.866669" m_tx="0.000000" m_ty="-18.772024"/>
  </frame>
  <frame idx="3875" w="71" h="27" x="-4.538511" y="0.996563">
   <element name="level" layername="level" frame="116" z_index="8" m_a="0.866669" m_b="0.000000" m_c="0.000000" m_d="0.866669" m_tx="-0.005258" m_ty="-18.886923"/>
  </frame>
  <frame idx="3900" w="71" h="27" x="-4.529917" y="1.056664">
   <element name="level" layername="level" frame="117" z_index="8" m_a="0.866669" m_b="0.000000" m_c="0.000000" m_d="0.866669" m_tx="-0.021687" m_ty="-19.001823"/>
  </frame>
  <frame idx="3925" w="71" h="27" x="-4.498026" y="0.929268">
   <element name="level" layername="level" frame="117" z_index="8" m_a="0.866669" m_b="0.000000" m_c="0.000000" m_d="0.866669" m_tx="0.010206" m_ty="-19.129221"/>
  </frame>
  <frame idx="3950" w="71" h="27" x="-4.535933" y="0.999310">
   <element name="level" layername="level" frame="118" z_index="8" m_a="0.866669" m_b="0.000000" m_c="0.000000" m_d="0.866669" m_tx="0.022345" m_ty="-19.259092"/>
  </frame>
  <frame idx="3975" w="66" h="27" x="-4.264685" y="1.067970">
   <element name="level" layername="level" frame="119" z_index="8" m_a="0.866669" m_b="0.000000" m_c="0.000000" m_d="0.866669" m_tx="0.026932" m_ty="-19.390354"/>
  </frame>
  <frame idx="4000" w="66" h="27" x="-4.273256" y="1.136631">
   <element name="level" layername="level" frame="120" z_index="8" m_a="0.866669" m_b="0.000000" m_c="0.000000" m_d="0.866669" m_tx="0.043320" m_ty="-19.521616"/>
  </frame>
  <frame idx="4025" w="66" h="27" x="-4.305109" y="1.040989">
   <element name="level" layername="level" frame="120" z_index="8" m_a="0.866669" m_b="0.000000" m_c="0.000000" m_d="0.866669" m_tx="0.011467" m_ty="-19.617256"/>
  </frame>
  <frame idx="4050" w="66" h="27" x="-4.256077" y="1.072636">
   <element name="level" layername="level" frame="121" z_index="8" m_a="0.866669" m_b="0.000000" m_c="0.000000" m_d="0.866669" m_tx="0.010515" m_ty="-19.735691"/>
  </frame>
  <frame idx="4075" w="66" h="27" x="-4.275187" y="1.141232">
   <element name="level" layername="level" frame="122" z_index="8" m_a="0.866669" m_b="0.000000" m_c="0.000000" m_d="0.866669" m_tx="0.016430" m_ty="-19.867012"/>
  </frame>
  <frame idx="4100" w="66" h="27" x="-4.266592" y="1.209988">
   <element name="level" layername="level" frame="123" z_index="8" m_a="0.866669" m_b="0.000000" m_c="0.000000" m_d="0.866669" m_tx="0.000000" m_ty="-19.998457"/>
  </frame>
  <frame idx="4125" w="66" h="27" x="-4.266592" y="1.098469">
   <element name="level" layername="level" frame="123" z_index="8" m_a="0.866669" m_b="0.000000" m_c="0.000000" m_d="0.866669" m_tx="0.000000" m_ty="-20.109976"/>
  </frame>
  <frame idx="4150" w="66" h="27" x="-4.266592" y="1.159786">
   <element name="level" layername="level" frame="124" z_index="8" m_a="0.866669" m_b="0.000000" m_c="0.000000" m_d="0.866669" m_tx="0.000000" m_ty="-20.223660"/>
  </frame>
  <frame idx="4175" w="66" h="27" x="-4.266592" y="0.387348">
   <element name="level" layername="level" frame="125" z_index="8" m_a="0.866669" m_b="0.000000" m_c="0.000000" m_d="0.866669" m_tx="0.000000" m_ty="-21.171097"/>
  </frame>
  <frame idx="4200" w="66" h="22" x="-4.266592" y="1.549992">
   <element name="level" layername="level" frame="126" z_index="8" m_a="0.866669" m_b="0.000000" m_c="0.000000" m_d="0.866669" m_tx="0.000000" m_ty="-20.475159"/>
  </frame>
  <frame idx="4225" w="66" h="22" x="-4.266592" y="1.422592">
   <element name="level" layername="level" frame="126" z_index="8" m_a="0.866669" m_b="0.000000" m_c="0.000000" m_d="0.866669" m_tx="0.000000" m_ty="-20.602558"/>
  </frame>
  <frame idx="4250" w="63" h="22" x="-3.999929" y="1.503124">
   <element name="level" layername="level" frame="127" z_index="8" m_a="0.866669" m_b="0.000000" m_c="0.000000" m_d="0.866669" m_tx="0.000000" m_ty="-20.721943"/>
  </frame>
  <frame idx="4275" w="63" h="22" x="-4.005186" y="1.557968">
   <element name="level" layername="level" frame="128" z_index="8" m_a="0.866669" m_b="0.000000" m_c="0.000000" m_d="0.866669" m_tx="-0.005257" m_ty="-20.842060"/>
  </frame>
  <frame idx="4300" w="62" h="22" x="-3.996593" y="1.626629">
   <element name="level" layername="level" frame="129" z_index="8" m_a="0.866669" m_b="0.000000" m_c="0.000000" m_d="0.866669" m_tx="-0.021684" m_ty="-20.973322"/>
  </frame>
  <frame idx="4325" w="63" h="22" x="-4.012499" y="1.514980">
   <element name="level" layername="level" frame="129" z_index="8" m_a="0.866669" m_b="0.000000" m_c="0.000000" m_d="0.866669" m_tx="-0.037590" m_ty="-21.084967"/>
  </frame>
  <frame idx="4350" w="62" h="22" x="-3.972263" y="1.576469">
   <element name="level" layername="level" frame="130" z_index="8" m_a="0.866669" m_b="0.000000" m_c="0.000000" m_d="0.866669" m_tx="-0.022314" m_ty="-21.198681"/>
  </frame>
  <frame idx="4375" w="63" h="22" x="-4.005186" y="1.631313">
   <element name="level" layername="level" frame="131" z_index="8" m_a="0.866669" m_b="0.000000" m_c="0.000000" m_d="0.866669" m_tx="-0.005257" m_ty="-21.318796"/>
  </frame>
  <frame idx="4400" w="62" h="22" x="-3.996593" y="1.699970">
   <element name="level" layername="level" frame="132" z_index="8" m_a="0.866669" m_b="0.000000" m_c="0.000000" m_d="0.866669" m_tx="-0.021684" m_ty="-21.450058"/>
  </frame>
  <frame idx="4425" w="62" h="22" x="-3.997702" y="1.572571">
   <element name="level" layername="level" frame="132" z_index="8" m_a="0.866669" m_b="0.000000" m_c="0.000000" m_d="0.866669" m_tx="-0.022792" m_ty="-21.577457"/>
  </frame>
  <frame idx="4450" w="59" h="22" x="-3.729939" y="1.653004">
   <element name="level" layername="level" frame="133" z_index="8" m_a="0.866669" m_b="0.000000" m_c="0.000000" m_d="0.866669" m_tx="-0.021646" m_ty="-21.696943"/>
  </frame>
  <frame idx="4475" w="59" h="22" x="-3.729939" y="1.713230">
   <element name="level" layername="level" frame="134" z_index="8" m_a="0.866669" m_b="0.000000" m_c="0.000000" m_d="0.866669" m_tx="-0.021646" m_ty="-21.811922"/>
  </frame>
  <frame idx="4500" w="59" h="22" x="-3.729939" y="1.773312">
   <element name="level" layername="level" frame="135" z_index="8" m_a="0.866669" m_b="0.000000" m_c="0.000000" m_d="0.866669" m_tx="-0.021646" m_ty="-21.926794"/>
  </frame>
  <frame idx="4525" w="59" h="22" x="-3.714024" y="1.645916">
   <element name="level" layername="level" frame="135" z_index="8" m_a="0.866669" m_b="0.000000" m_c="0.000000" m_d="0.866669" m_tx="-0.005730" m_ty="-22.054193"/>
  </frame>
  <frame idx="4550" w="59" h="25" x="-3.722773" y="-0.443916">
   <element name="level" layername="level" frame="136" z_index="8" m_a="0.866669" m_b="0.000000" m_c="0.000000" m_d="0.866669" m_tx="0.010496" m_ty="-24.343945"/>
  </frame>
  <frame idx="4575" w="59" h="18" x="-3.736599" y="2.056529">
   <element name="level" layername="level" frame="137" z_index="8" m_a="0.866669" m_b="0.000000" m_c="0.000000" m_d="0.866669" m_tx="0.021647" m_ty="-22.310162"/>
  </frame>
  <frame idx="4600" w="59" h="18" x="-3.736599" y="2.116630">
   <element name="level" layername="level" frame="138" z_index="8" m_a="0.866669" m_b="0.000000" m_c="0.000000" m_d="0.866669" m_tx="0.021647" m_ty="-22.425060"/>
  </frame>
  <frame idx="4625" w="59" h="18" x="-3.752516" y="2.005107">
   <element name="level" layername="level" frame="138" z_index="8" m_a="0.866669" m_b="0.000000" m_c="0.000000" m_d="0.866669" m_tx="0.005730" m_ty="-22.536581"/>
  </frame>
  <frame idx="4650" w="54" h="18" x="-3.466606" y="2.055923">
   <element name="level" layername="level" frame="139" z_index="8" m_a="0.866669" m_b="0.000000" m_c="0.000000" m_d="0.866669" m_tx="0.000000" m_ty="-22.660767"/>
  </frame>
  <frame idx="4675" w="54" h="18" x="-3.461351" y="2.124606">
   <element name="level" layername="level" frame="140" z_index="8" m_a="0.866669" m_b="0.000000" m_c="0.000000" m_d="0.866669" m_tx="0.005255" m_ty="-22.792082"/>
  </frame>
  <frame idx="4700" w="54" h="18" x="-3.469942" y="2.193297">
   <element name="level" layername="level" frame="141" z_index="8" m_a="0.866669" m_b="0.000000" m_c="0.000000" m_d="0.866669" m_tx="0.021678" m_ty="-22.923395"/>
  </frame>
  <frame idx="4725" w="54" h="18" x="-3.517759" y="2.081779">
   <element name="level" layername="level" frame="141" z_index="8" m_a="0.866669" m_b="0.000000" m_c="0.000000" m_d="0.866669" m_tx="-0.026140" m_ty="-23.034914"/>
  </frame>
  <frame idx="4750" w="54" h="18" x="-3.438915" y="2.132586">
   <element name="level" layername="level" frame="142" z_index="8" m_a="0.866669" m_b="0.000000" m_c="0.000000" m_d="0.866669" m_tx="-0.022334" m_ty="-23.159103"/>
  </frame>
  <frame idx="4775" w="54" h="18" x="-3.472298" y="2.206523">
   <element name="level" layername="level" frame="143" z_index="8" m_a="0.866669" m_b="0.000000" m_c="0.000000" m_d="0.866669" m_tx="-0.005692" m_ty="-23.285164"/>
  </frame>
  <frame idx="4800" w="50" h="18" x="-3.196608" y="2.266627">
   <element name="level" layername="level" frame="144" z_index="8" m_a="0.866669" m_b="0.000000" m_c="0.000000" m_d="0.866669" m_tx="-0.021674" m_ty="-23.400063"/>
  </frame>
  <frame idx="4825" w="50" h="18" x="-3.196608" y="2.155108">
   <element name="level" layername="level" frame="144" z_index="8" m_a="0.866669" m_b="0.000000" m_c="0.000000" m_d="0.866669" m_tx="-0.021674" m_ty="-23.511583"/>
  </frame>
  <frame idx="4850" w="50" h="18" x="-3.186100" y="2.205916">
   <element name="level" layername="level" frame="145" z_index="8" m_a="0.866669" m_b="0.000000" m_c="0.000000" m_d="0.866669" m_tx="-0.011165" m_ty="-23.635771"/>
  </frame>
  <frame idx="4875" w="50" h="19" x="-3.199944" y="0.826209">
   <element name="level" layername="level" frame="146" z_index="8" m_a="0.866669" m_b="0.000000" m_c="0.000000" m_d="0.866669" m_tx="0.000000" m_ty="-25.215481"/>
  </frame>
  <frame idx="4900" w="47" h="14" x="-2.933283" y="2.609959">
   <element name="level" layername="level" frame="147" z_index="8" m_a="0.866669" m_b="0.000000" m_c="0.000000" m_d="0.866669" m_tx="0.000000" m_ty="-23.898432"/>
  </frame>
  <frame idx="4925" w="47" h="14" x="-2.949209" y="2.498412">
   <element name="level" layername="level" frame="147" z_index="8" m_a="0.866669" m_b="0.000000" m_c="0.000000" m_d="0.866669" m_tx="-0.015926" m_ty="-24.009977"/>
  </frame>
  <frame idx="4950" w="47" h="14" x="-2.929951" y="2.559813">
   <element name="level" layername="level" frame="148" z_index="8" m_a="0.866669" m_b="0.000000" m_c="0.000000" m_d="0.866669" m_tx="-0.021660" m_ty="-24.123621"/>
  </frame>
  <frame idx="4975" w="47" h="14" x="-2.924700" y="2.614592">
   <element name="level" layername="level" frame="149" z_index="8" m_a="0.866669" m_b="0.000000" m_c="0.000000" m_d="0.866669" m_tx="-0.016409" m_ty="-24.243719"/>
  </frame>
  <frame idx="5000" w="47" h="14" x="-2.933283" y="2.683283">
   <element name="level" layername="level" frame="150" z_index="8" m_a="0.866669" m_b="0.000000" m_c="0.000000" m_d="0.866669" m_tx="0.000000" m_ty="-24.375032"/>
  </frame>
  <frame idx="5025" w="47" h="14" x="-2.950808" y="2.555834">
   <element name="level" layername="level" frame="150" z_index="8" m_a="0.866669" m_b="0.000000" m_c="0.000000" m_d="0.866669" m_tx="-0.017525" m_ty="-24.502481"/>
  </frame>
  <frame idx="5050" w="42" h="14" x="-2.652781" y="2.636393">
   <element name="level" layername="level" frame="151" z_index="8" m_a="0.866669" m_b="0.000000" m_c="0.000000" m_d="0.866669" m_tx="-0.011162" m_ty="-24.621918"/>
  </frame>
  <frame idx="5075" w="42" h="14" x="-2.677126" y="2.696509">
   <element name="level" layername="level" frame="152" z_index="8" m_a="0.866669" m_b="0.000000" m_c="0.000000" m_d="0.866669" m_tx="-0.010505" m_ty="-24.736843"/>
  </frame>
  <frame idx="5100" w="42" h="14" x="-2.659954" y="2.756625">
   <element name="level" layername="level" frame="153" z_index="8" m_a="0.866669" m_b="0.000000" m_c="0.000000" m_d="0.866669" m_tx="-0.043333" m_ty="-24.851768"/>
  </frame>
  <frame idx="5125" w="42" h="14" x="-2.645782" y="2.629176">
   <element name="level" layername="level" frame="153" z_index="8" m_a="0.866669" m_b="0.000000" m_c="0.000000" m_d="0.866669" m_tx="-0.029161" m_ty="-24.979219"/>
  </frame>
  <frame idx="5150" w="38" h="14" x="-2.386127" y="2.709803">
   <element name="level" layername="level" frame="154" z_index="8" m_a="0.866669" m_b="0.000000" m_c="0.000000" m_d="0.866669" m_tx="-0.011155" m_ty="-25.098587"/>
  </frame>
  <frame idx="5175" w="38" h="14" x="-2.405865" y="2.764552">
   <element name="level" layername="level" frame="155" z_index="8" m_a="0.866669" m_b="0.000000" m_c="0.000000" m_d="0.866669" m_tx="-0.005907" m_ty="-25.218718"/>
  </frame>
  <frame idx="5200" w="33" h="14" x="-2.129964" y="2.833296">
   <element name="level" layername="level" frame="156" z_index="8" m_a="0.866669" m_b="0.000000" m_c="0.000000" m_d="0.866669" m_tx="-0.021660" m_ty="-25.350138"/>
  </frame>
  <frame idx="5225" w="33" h="14" x="-2.132247" y="2.705843">
   <element name="level" layername="level" frame="156" z_index="8" m_a="0.866669" m_b="0.000000" m_c="0.000000" m_d="0.866669" m_tx="-0.023944" m_ty="-25.477589"/>
  </frame>
  <frame idx="5250" w="30" h="18" x="-1.852795" y="-1.363050">
   <element name="level" layername="level" frame="157" z_index="8" m_a="0.866669" m_b="0.000000" m_c="0.000000" m_d="0.866669" m_tx="-0.011163" m_ty="-29.746481"/>
  </frame>
  <frame idx="5275" w="30" h="9" x="-1.878888" y="3.113184">
   <element name="level" layername="level" frame="158" z_index="8" m_a="0.866669" m_b="0.000000" m_c="0.000000" m_d="0.866669" m_tx="-0.012254" m_ty="-25.711830"/>
  </frame>
  <frame idx="5300" w="26" h="9" x="-1.593307" y="3.173273">
   <element name="level" layername="level" frame="159" z_index="8" m_a="0.866669" m_b="0.000000" m_c="0.000000" m_d="0.866669" m_tx="-0.043327" m_ty="-25.826702"/>
  </frame>
  <frame idx="5325" w="26" h="9" x="-1.593307" y="3.173273">
   <element name="level" layername="level" frame="159" z_index="8" m_a="0.866669" m_b="0.000000" m_c="0.000000" m_d="0.866669" m_tx="-0.043327" m_ty="-25.826702"/>
  </frame>
 </anim>
 <anim name="bg" root="pons_frame" numframes="25" framerate="40">
  <frame idx="0" w="75" h="75" x="-4.799915" y="-4.799915">
   <element name="bg" layername="bg" frame="0" z_index="8" m_a="0.866669" m_b="0.000000" m_c="0.000000" m_d="0.866669" m_tx="0.000000" m_ty="0.000000"/>
  </frame>
 </anim>
 <anim name="close" root="pons_frame" numframes="200" framerate="40">
  <frame idx="0" w="135" h="142" x="-22.824902" y="-25.224907">
   <element name="frame_circle" layername="frame_circle" frame="0" z_index="7" m_a="0.499985" m_b="0.000000" m_c="0.000000" m_d="0.499985" m_tx="0.000000" m_ty="0.000000"/>
   <element name="bg" layername="bg" frame="0" z_index="8" m_a="0.866669" m_b="0.000000" m_c="0.000000" m_d="0.866669" m_tx="0.000000" m_ty="0.000000"/>
  </frame>
  <frame idx="25" w="135" h="141" x="-22.871559" y="-26.539848">
   <element name="frame_circle" layername="frame_circle" frame="0" z_index="7" m_a="0.498942" m_b="0.000000" m_c="0.000000" m_d="0.479206" m_tx="0.036765" m_ty="-0.036765"/>
   <element name="bg" layername="bg" frame="0" z_index="8" m_a="0.864862" m_b="0.000000" m_c="0.000000" m_d="0.830654" m_tx="0.000000" m_ty="0.000000"/>
  </frame>
  <frame idx="50" w="134" h="138" x="-23.015930" y="-29.577229">
   <element name="frame_circle" layername="frame_circle" frame="0" z_index="7" m_a="0.496517" m_b="0.000000" m_c="0.000000" m_d="0.430636" m_tx="0.050000" m_ty="-0.050000"/>
   <element name="bg" layername="bg" frame="0" z_index="8" m_a="0.860668" m_b="0.000000" m_c="0.000000" m_d="0.746466" m_tx="0.000000" m_ty="0.000000"/>
  </frame>
  <frame idx="75" w="134" h="132" x="-23.257877" y="-34.438293">
   <element name="frame_circle" layername="frame_circle" frame="0" z_index="7" m_a="0.492634" m_b="0.000000" m_c="0.000000" m_d="0.352736" m_tx="0.050000" m_ty="-0.050000"/>
   <element name="bg" layername="bg" frame="0" z_index="8" m_a="0.853947" m_b="0.000000" m_c="0.000000" m_d="0.611436" m_tx="0.000000" m_ty="0.000000"/>
  </frame>
  <frame idx="100" w="134" h="125" x="-23.590389" y="-41.115829">
   <element name="frame_circle" layername="frame_circle" frame="0" z_index="7" m_a="0.487305" m_b="0.000000" m_c="0.000000" m_d="0.245728" m_tx="0.050000" m_ty="-0.050000"/>
   <element name="bg" layername="bg" frame="0" z_index="8" m_a="0.844711" m_b="0.000000" m_c="0.000000" m_d="0.425949" m_tx="0.000000" m_ty="0.000000"/>
  </frame>
  <frame idx="125" w="134" h="115" x="-24.059937" y="-50.170452">
   <element name="frame_circle" layername="frame_circle" frame="0" z_index="7" m_a="0.480079" m_b="0.000000" m_c="0.000000" m_d="0.100332" m_tx="0.013235" m_ty="-0.013235"/>
   <element name="bg" layername="bg" frame="0" z_index="8" m_a="0.832179" m_b="0.000000" m_c="0.000000" m_d="0.173921" m_tx="0.000000" m_ty="0.000000"/>
  </frame>
  <frame idx="150" w="134" h="119" x="-23.888596" y="-46.592487">
   <element name="frame_circle" layername="frame_circle" frame="0" z_index="7" m_a="0.482934" m_b="0.000000" m_c="0.000000" m_d="0.157564" m_tx="0.000000" m_ty="0.000000"/>
   <element name="bg" layername="bg" frame="0" z_index="8" m_a="0.837122" m_b="0.000000" m_c="0.000000" m_d="0.273125" m_tx="0.000000" m_ty="0.000000"/>
  </frame>
  <frame idx="175" w="134" h="130" x="-23.356750" y="-35.908699">
   <element name="frame_circle" layername="frame_circle" frame="0" z_index="7" m_a="0.491460" m_b="0.000000" m_c="0.000000" m_d="0.328774" m_tx="0.000000" m_ty="0.000000"/>
   <element name="bg" layername="bg" frame="0" z_index="8" m_a="0.851896" m_b="0.000000" m_c="0.000000" m_d="0.569897" m_tx="0.000000" m_ty="0.000000"/>
  </frame>
 </anim>
 <anim name="frame" root="pons_frame" numframes="750" framerate="40">
  <frame idx="0" w="120" h="127" x="-36.051052" y="-38.851124">
   <element name="frame_circle" layername="frame_circle" frame="0" z_index="8" m_a="0.499985" m_b="0.000000" m_c="0.000000" m_d="0.499985" m_tx="0.000000" m_ty="0.000000"/>
   <element name="frame_circle" layername="pon" frame="1" z_index="7" m_a="0.319126" m_b="0.000000" m_c="0.000000" m_d="0.319126" m_tx="0.218865" m_ty="0.000636"/>
  </frame>
  <frame idx="25" w="120" h="127" x="-36.051052" y="-38.851124">
   <element name="frame_circle" layername="frame_circle" frame="0" z_index="8" m_a="0.499985" m_b="0.000000" m_c="0.000000" m_d="0.499985" m_tx="0.000000" m_ty="0.000000"/>
   <element name="frame_circle" layername="pon" frame="1" z_index="7" m_a="0.319126" m_b="0.000000" m_c="0.000000" m_d="0.319126" m_tx="0.218865" m_ty="0.000636"/>
  </frame>
  <frame idx="50" w="120" h="127" x="-36.051052" y="-38.851124">
   <element name="frame_circle" layername="frame_circle" frame="0" z_index="8" m_a="0.499985" m_b="0.000000" m_c="0.000000" m_d="0.499985" m_tx="0.000000" m_ty="0.000000"/>
   <element name="frame_circle" layername="pon" frame="1" z_index="7" m_a="0.319126" m_b="0.000000" m_c="0.000000" m_d="0.319126" m_tx="0.218865" m_ty="0.000636"/>
  </frame>
  <frame idx="75" w="120" h="127" x="-36.051052" y="-38.851124">
   <element name="frame_circle" layername="frame_circle" frame="0" z_index="8" m_a="0.499985" m_b="0.000000" m_c="0.000000" m_d="0.499985" m_tx="0.000000" m_ty="0.000000"/>
   <element name="frame_circle" layername="pon" frame="1" z_index="7" m_a="0.319126" m_b="0.000000" m_c="0.000000" m_d="0.319126" m_tx="0.218865" m_ty="0.000636"/>
  </frame>
  <frame idx="100" w="120" h="127" x="-36.051052" y="-38.851124">
   <element name="frame_circle" layername="frame_circle" frame="0" z_index="8" m_a="0.499985" m_b="0.000000" m_c="0.000000" m_d="0.499985" m_tx="0.000000" m_ty="0.000000"/>
   <element name="frame_circle" layername="pon" frame="1" z_index="7" m_a="0.319126" m_b="0.000000" m_c="0.000000" m_d="0.319126" m_tx="0.218865" m_ty="0.000636"/>
  </frame>
  <frame idx="125" w="120" h="127" x="-36.051052" y="-38.851124">
   <element name="frame_circle" layername="frame_circle" frame="0" z_index="8" m_a="0.499985" m_b="0.000000" m_c="0.000000" m_d="0.499985" m_tx="0.000000" m_ty="0.000000"/>
   <element name="frame_circle" layername="pon" frame="1" z_index="7" m_a="0.319126" m_b="0.000000" m_c="0.000000" m_d="0.319126" m_tx="0.218865" m_ty="0.000636"/>
  </frame>
  <frame idx="150" w="120" h="127" x="-36.051052" y="-38.851124">
   <element name="frame_circle" layername="frame_circle" frame="0" z_index="8" m_a="0.499985" m_b="0.000000" m_c="0.000000" m_d="0.499985" m_tx="0.000000" m_ty="0.000000"/>
   <element name="frame_circle" layername="pon" frame="1" z_index="7" m_a="0.319126" m_b="0.000000" m_c="0.000000" m_d="0.319126" m_tx="0.218865" m_ty="0.000636"/>
  </frame>
  <frame idx="175" w="120" h="127" x="-36.051052" y="-38.851124">
   <element name="frame_circle" layername="frame_circle" frame="0" z_index="8" m_a="0.499985" m_b="0.000000" m_c="0.000000" m_d="0.499985" m_tx="0.000000" m_ty="0.000000"/>
   <element name="frame_circle" layername="pon" frame="1" z_index="7" m_a="0.319126" m_b="0.000000" m_c="0.000000" m_d="0.319126" m_tx="0.218865" m_ty="0.000636"/>
  </frame>
  <frame idx="200" w="120" h="127" x="-36.051052" y="-38.851124">
   <element name="frame_circle" layername="frame_circle" frame="0" z_index="8" m_a="0.499985" m_b="0.000000" m_c="0.000000" m_d="0.499985" m_tx="0.000000" m_ty="0.000000"/>
   <element name="frame_circle" layername="pon" frame="1" z_index="7" m_a="0.319126" m_b="0.000000" m_c="0.000000" m_d="0.319126" m_tx="0.218865" m_ty="0.000636"/>
  </frame>
  <frame idx="225" w="120" h="127" x="-36.051052" y="-38.851124">
   <element name="frame_circle" layername="frame_circle" frame="0" z_index="8" m_a="0.499985" m_b="0.000000" m_c="0.000000" m_d="0.499985" m_tx="0.000000" m_ty="0.000000"/>
   <element name="frame_circle" layername="pon" frame="1" z_index="7" m_a="0.319126" m_b="0.000000" m_c="0.000000" m_d="0.319126" m_tx="0.218865" m_ty="0.000636"/>
  </frame>
  <frame idx="250" w="120" h="127" x="-36.051052" y="-38.851124">
   <element name="frame_circle" layername="frame_circle" frame="0" z_index="8" m_a="0.499985" m_b="0.000000" m_c="0.000000" m_d="0.499985" m_tx="0.000000" m_ty="0.000000"/>
   <element name="frame_circle" layername="pon" frame="1" z_index="7" m_a="0.319126" m_b="0.000000" m_c="0.000000" m_d="0.319126" m_tx="0.218865" m_ty="0.000636"/>
  </frame>
  <frame idx="275" w="120" h="127" x="-36.051052" y="-38.851124">
   <element name="frame_circle" layername="frame_circle" frame="0" z_index="8" m_a="0.499985" m_b="0.000000" m_c="0.000000" m_d="0.499985" m_tx="0.000000" m_ty="0.000000"/>
   <element name="frame_circle" layername="pon" frame="1" z_index="7" m_a="0.319126" m_b="0.000000" m_c="0.000000" m_d="0.319126" m_tx="0.218865" m_ty="0.000636"/>
  </frame>
  <frame idx="300" w="120" h="127" x="-36.051052" y="-38.851124">
   <element name="frame_circle" layername="frame_circle" frame="0" z_index="8" m_a="0.499985" m_b="0.000000" m_c="0.000000" m_d="0.499985" m_tx="0.000000" m_ty="0.000000"/>
   <element name="frame_circle" layername="pon" frame="1" z_index="7" m_a="0.319126" m_b="0.000000" m_c="0.000000" m_d="0.319126" m_tx="0.218865" m_ty="0.000636"/>
  </frame>
  <frame idx="325" w="120" h="127" x="-36.051052" y="-38.851124">
   <element name="frame_circle" layername="frame_circle" frame="0" z_index="8" m_a="0.499985" m_b="0.000000" m_c="0.000000" m_d="0.499985" m_tx="0.000000" m_ty="0.000000"/>
   <element name="frame_circle" layername="pon" frame="1" z_index="7" m_a="0.319126" m_b="0.000000" m_c="0.000000" m_d="0.319126" m_tx="0.218865" m_ty="0.000636"/>
  </frame>
  <frame idx="350" w="120" h="127" x="-36.051052" y="-38.851124">
   <element name="frame_circle" layername="frame_circle" frame="0" z_index="8" m_a="0.499985" m_b="0.000000" m_c="0.000000" m_d="0.499985" m_tx="0.000000" m_ty="0.000000"/>
   <element name="frame_circle" layername="pon" frame="1" z_index="7" m_a="0.319126" m_b="0.000000" m_c="0.000000" m_d="0.319126" m_tx="0.218865" m_ty="0.000636"/>
  </frame>
  <frame idx="375" w="120" h="127" x="-36.051052" y="-38.851124">
   <element name="frame_circle" layername="frame_circle" frame="0" z_index="8" m_a="0.499985" m_b="0.000000" m_c="0.000000" m_d="0.499985" m_tx="0.000000" m_ty="0.000000"/>
   <element name="frame_circle" layername="pon" frame="1" z_index="7" m_a="0.319126" m_b="0.000000" m_c="0.000000" m_d="0.319126" m_tx="0.218865" m_ty="0.000636"/>
  </frame>
  <frame idx="400" w="120" h="127" x="-36.051052" y="-38.851124">
   <element name="frame_circle" layername="frame_circle" frame="0" z_index="8" m_a="0.499985" m_b="0.000000" m_c="0.000000" m_d="0.499985" m_tx="0.000000" m_ty="0.000000"/>
   <element name="frame_circle" layername="pon" frame="1" z_index="7" m_a="0.319126" m_b="0.000000" m_c="0.000000" m_d="0.319126" m_tx="0.218865" m_ty="0.000636"/>
  </frame>
  <frame idx="425" w="120" h="127" x="-36.051052" y="-38.851124">
   <element name="frame_circle" layername="frame_circle" frame="0" z_index="8" m_a="0.499985" m_b="0.000000" m_c="0.000000" m_d="0.499985" m_tx="0.000000" m_ty="0.000000"/>
   <element name="frame_circle" layername="pon" frame="1" z_index="7" m_a="0.319126" m_b="0.000000" m_c="0.000000" m_d="0.319126" m_tx="0.218865" m_ty="0.000636"/>
  </frame>
  <frame idx="450" w="120" h="127" x="-36.051052" y="-38.851124">
   <element name="frame_circle" layername="frame_circle" frame="0" z_index="8" m_a="0.499985" m_b="0.000000" m_c="0.000000" m_d="0.499985" m_tx="0.000000" m_ty="0.000000"/>
   <element name="frame_circle" layername="pon" frame="1" z_index="7" m_a="0.319126" m_b="0.000000" m_c="0.000000" m_d="0.319126" m_tx="0.218865" m_ty="0.000636"/>
  </frame>
  <frame idx="475" w="120" h="127" x="-36.051052" y="-38.851124">
   <element name="frame_circle" layername="frame_circle" frame="0" z_index="8" m_a="0.499985" m_b="0.000000" m_c="0.000000" m_d="0.499985" m_tx="0.000000" m_ty="0.000000"/>
   <element name="frame_circle" layername="pon" frame="1" z_index="7" m_a="0.319126" m_b="0.000000" m_c="0.000000" m_d="0.319126" m_tx="0.218865" m_ty="0.000636"/>
  </frame>
  <frame idx="500" w="120" h="127" x="-36.051052" y="-38.851124">
   <element name="frame_circle" layername="frame_circle" frame="0" z_index="8" m_a="0.499985" m_b="0.000000" m_c="0.000000" m_d="0.499985" m_tx="0.000000" m_ty="0.000000"/>
   <element name="frame_circle" layername="pon" frame="1" z_index="7" m_a="0.319126" m_b="0.000000" m_c="0.000000" m_d="0.319126" m_tx="0.218865" m_ty="0.000636"/>
  </frame>
  <frame idx="525" w="120" h="127" x="-36.051052" y="-38.851124">
   <element name="frame_circle" layername="frame_circle" frame="0" z_index="8" m_a="0.499985" m_b="0.000000" m_c="0.000000" m_d="0.499985" m_tx="0.000000" m_ty="0.000000"/>
   <element name="frame_circle" layername="pon" frame="1" z_index="7" m_a="0.319126" m_b="0.000000" m_c="0.000000" m_d="0.319126" m_tx="0.218865" m_ty="0.000636"/>
  </frame>
  <frame idx="550" w="120" h="127" x="-36.051052" y="-38.851124">
   <element name="frame_circle" layername="frame_circle" frame="0" z_index="8" m_a="0.499985" m_b="0.000000" m_c="0.000000" m_d="0.499985" m_tx="0.000000" m_ty="0.000000"/>
   <element name="frame_circle" layername="pon" frame="1" z_index="7" m_a="0.319126" m_b="0.000000" m_c="0.000000" m_d="0.319126" m_tx="0.218865" m_ty="0.000636"/>
  </frame>
  <frame idx="575" w="120" h="127" x="-36.051052" y="-38.851124">
   <element name="frame_circle" layername="frame_circle" frame="0" z_index="8" m_a="0.499985" m_b="0.000000" m_c="0.000000" m_d="0.499985" m_tx="0.000000" m_ty="0.000000"/>
   <element name="frame_circle" layername="pon" frame="1" z_index="7" m_a="0.319126" m_b="0.000000" m_c="0.000000" m_d="0.319126" m_tx="0.218865" m_ty="0.000636"/>
  </frame>
  <frame idx="600" w="120" h="127" x="-36.051052" y="-38.851124">
   <element name="frame_circle" layername="frame_circle" frame="0" z_index="8" m_a="0.499985" m_b="0.000000" m_c="0.000000" m_d="0.499985" m_tx="0.000000" m_ty="0.000000"/>
   <element name="frame_circle" layername="pon" frame="1" z_index="7" m_a="0.319126" m_b="0.000000" m_c="0.000000" m_d="0.319126" m_tx="0.218865" m_ty="0.000636"/>
  </frame>
  <frame idx="625" w="120" h="127" x="-36.051052" y="-38.851124">
   <element name="frame_circle" layername="frame_circle" frame="0" z_index="8" m_a="0.499985" m_b="0.000000" m_c="0.000000" m_d="0.499985" m_tx="0.000000" m_ty="0.000000"/>
   <element name="frame_circle" layername="pon" frame="1" z_index="7" m_a="0.319126" m_b="0.000000" m_c="0.000000" m_d="0.319126" m_tx="0.218865" m_ty="0.000636"/>
  </frame>
  <frame idx="650" w="120" h="127" x="-36.051052" y="-38.851124">
   <element name="frame_circle" layername="frame_circle" frame="0" z_index="8" m_a="0.499985" m_b="0.000000" m_c="0.000000" m_d="0.499985" m_tx="0.000000" m_ty="0.000000"/>
   <element name="frame_circle" layername="pon" frame="1" z_index="7" m_a="0.319126" m_b="0.000000" m_c="0.000000" m_d="0.319126" m_tx="0.218865" m_ty="0.000636"/>
  </frame>
  <frame idx="675" w="120" h="127" x="-36.051052" y="-38.851124">
   <element name="frame_circle" layername="frame_circle" frame="0" z_index="8" m_a="0.499985" m_b="0.000000" m_c="0.000000" m_d="0.499985" m_tx="0.000000" m_ty="0.000000"/>
   <element name="frame_circle" layername="pon" frame="1" z_index="7" m_a="0.319126" m_b="0.000000" m_c="0.000000" m_d="0.319126" m_tx="0.218865" m_ty="0.000636"/>
  </frame>
  <frame idx="700" w="120" h="127" x="-36.051052" y="-38.851124">
   <element name="frame_circle" layername="frame_circle" frame="0" z_index="8" m_a="0.499985" m_b="0.000000" m_c="0.000000" m_d="0.499985" m_tx="0.000000" m_ty="0.000000"/>
   <element name="frame_circle" layername="pon" frame="1" z_index="7" m_a="0.319126" m_b="0.000000" m_c="0.000000" m_d="0.319126" m_tx="0.218865" m_ty="0.000636"/>
  </frame>
  <frame idx="725" w="120" h="127" x="-36.051052" y="-38.851124">
   <element name="frame_circle" layername="frame_circle" frame="0" z_index="8" m_a="0.499985" m_b="0.000000" m_c="0.000000" m_d="0.499985" m_tx="0.000000" m_ty="0.000000"/>
   <element name="frame_circle" layername="pon" frame="1" z_index="7" m_a="0.319126" m_b="0.000000" m_c="0.000000" m_d="0.319126" m_tx="0.218865" m_ty="0.000636"/>
  </frame>
 </anim>
 <anim name="open" root="pons_frame" numframes="200" framerate="40">
  <frame idx="0" w="132" h="112" x="-24.228973" y="-53.430115">
   <element name="frame_circle" layername="frame_circle" frame="0" z_index="7" m_a="0.477478" m_b="0.000000" m_c="0.000000" m_d="0.047989" m_tx="0.000000" m_ty="0.000000"/>
   <element name="bg" layername="bg" frame="0" z_index="8" m_a="0.827667" m_b="0.000000" m_c="0.000000" m_d="0.083191" m_tx="0.000000" m_ty="0.000000"/>
  </frame>
  <frame idx="25" w="134" h="117" x="-23.700451" y="-47.938362">
   <element name="frame_circle" layername="frame_circle" frame="0" z_index="7" m_a="0.485646" m_b="0.000000" m_c="0.000000" m_d="0.135110" m_tx="0.036765" m_ty="0.036765"/>
   <element name="bg" layername="bg" frame="0" z_index="8" m_a="0.841838" m_b="0.000000" m_c="0.000000" m_d="0.234208" m_tx="0.000000" m_ty="0.073529"/>
  </frame>
  <frame idx="50" w="135" h="131" x="-22.512367" y="-35.241745">
   <element name="frame_circle" layername="frame_circle" frame="0" z_index="7" m_a="0.504774" m_b="0.000000" m_c="0.000000" m_d="0.338837" m_tx="0.025758" m_ty="0.025758"/>
   <element name="bg" layername="bg" frame="0" z_index="8" m_a="0.874993" m_b="0.000000" m_c="0.000000" m_d="0.587350" m_tx="0.000000" m_ty="0.051515"/>
  </frame>
  <frame idx="75" w="136" h="143" x="-21.637150" y="-24.043217">
   <element name="frame_circle" layername="frame_circle" frame="0" z_index="7" m_a="0.519006" m_b="0.000000" m_c="0.000000" m_d="0.519006" m_tx="0.000000" m_ty="-0.012121"/>
   <element name="bg" layername="bg" frame="0" z_index="8" m_a="0.899662" m_b="0.000000" m_c="0.000000" m_d="0.899662" m_tx="0.000000" m_ty="0.000000"/>
  </frame>
  <frame idx="100" w="135" h="143" x="-22.215172" y="-24.640175">
   <element name="frame_circle" layername="frame_circle" frame="0" z_index="7" m_a="0.509735" m_b="0.000000" m_c="0.000000" m_d="0.509735" m_tx="0.000000" m_ty="-0.050000"/>
   <element name="bg" layername="bg" frame="0" z_index="8" m_a="0.883606" m_b="0.000000" m_c="0.000000" m_d="0.883606" m_tx="0.000000" m_ty="0.000000"/>
  </frame>
  <frame idx="125" w="135" h="142" x="-22.552032" y="-24.977043">
   <element name="frame_circle" layername="frame_circle" frame="0" z_index="7" m_a="0.504350" m_b="0.000000" m_c="0.000000" m_d="0.504350" m_tx="0.000000" m_ty="-0.050000"/>
   <element name="bg" layername="bg" frame="0" z_index="8" m_a="0.874249" m_b="0.000000" m_c="0.000000" m_d="0.874249" m_tx="0.000000" m_ty="0.000000"/>
  </frame>
  <frame idx="150" w="135" h="142" x="-22.746807" y="-25.159691">
   <element name="frame_circle" layername="frame_circle" frame="0" z_index="7" m_a="0.501235" m_b="0.000000" m_c="0.000000" m_d="0.501235" m_tx="0.000000" m_ty="-0.025758"/>
   <element name="bg" layername="bg" frame="0" z_index="8" m_a="0.868838" m_b="0.000000" m_c="0.000000" m_d="0.868838" m_tx="0.000000" m_ty="0.000000"/>
  </frame>
  <frame idx="175" w="135" h="142" x="-22.824902" y="-25.224907">
   <element name="frame_circle" layername="frame_circle" frame="0" z_index="7" m_a="0.499985" m_b="0.000000" m_c="0.000000" m_d="0.499985" m_tx="0.000000" m_ty="0.000000"/>
   <element name="bg" layername="bg" frame="0" z_index="8" m_a="0.866669" m_b="0.000000" m_c="0.000000" m_d="0.866669" m_tx="0.000000" m_ty="0.000000"/>
  </frame>
 </anim>
</Anims>
