<Anims>
 <anim name="small" root="brewinghat_explode" numframes="1000" framerate="40">
  <frame idx="0" w="567" h="557" x="-161.023499" y="-271.373962">
   <element name="dfs13" layername="df" frame="0" z_index="1" m_a="1.000000" m_b="0.000000" m_c="0.000000" m_d="1.000000" m_tx="-69.799004" m_ty="-189.699005"/>
   <element name="dfs12" layername="df" frame="0" z_index="2" m_a="1.000000" m_b="0.000000" m_c="0.000000" m_d="1.000000" m_tx="-75.649002" m_ty="-124.749001"/>
   <element name="dfs11" layername="df" frame="0" z_index="3" m_a="1.000000" m_b="0.000000" m_c="0.000000" m_d="1.000000" m_tx="-28.399000" m_ty="-186.748993"/>
   <element name="dfs10" layername="dfs" frame="0" z_index="4" m_a="1.000000" m_b="0.000000" m_c="0.000000" m_d="1.000000" m_tx="41.099998" m_ty="-150.998993"/>
   <element name="dfs9" layername="dfs9" frame="0" z_index="5" m_a="1.000000" m_b="0.000000" m_c="0.000000" m_d="1.000000" m_tx="-7.149000" m_ty="-153.748993"/>
   <element name="dfs8" layername="dfs8" frame="0" z_index="6" m_a="1.000000" m_b="0.000000" m_c="0.000000" m_d="1.000000" m_tx="84.699997" m_ty="-101.249001"/>
   <element name="dfs7" layername="dfs7" frame="0" z_index="7" m_a="1.000000" m_b="0.000000" m_c="0.000000" m_d="1.000000" m_tx="-93.399002" m_ty="-96.799004"/>
   <element name="dfs6" layername="dfs6" frame="0" z_index="8" m_a="1.000000" m_b="0.000000" m_c="0.000000" m_d="1.000000" m_tx="22.100000" m_ty="-242.498993"/>
   <element name="dfs5" layername="dfs5" frame="0" z_index="9" m_a="1.000000" m_b="0.000000" m_c="0.000000" m_d="1.000000" m_tx="50.099998" m_ty="-194.998993"/>
   <element name="dfs4" layername="dfs4" frame="0" z_index="10" m_a="1.000000" m_b="0.000000" m_c="0.000000" m_d="1.000000" m_tx="98.900002" m_ty="-161.149002"/>
   <element name="dfs3" layername="dfs3" frame="0" z_index="11" m_a="1.000000" m_b="0.000000" m_c="0.000000" m_d="1.000000" m_tx="27.600000" m_ty="-120.749001"/>
   <element name="dfs2" layername="dfs2" frame="0" z_index="12" m_a="1.000000" m_b="0.000000" m_c="0.000000" m_d="1.000000" m_tx="-95.549004" m_ty="-68.799004"/>
   <element name="dfs1" layername="df" frame="0" z_index="13" m_a="1.000000" m_b="0.000000" m_c="0.000000" m_d="1.000000" m_tx="-48.398998" m_ty="-226.748993"/>
   <element name="dfs0" layername="df" frame="0" z_index="14" m_a="1.000000" m_b="0.000000" m_c="0.000000" m_d="1.000000" m_tx="-113.549004" m_ty="-148.248993"/>
   <element name="splode" layername="splode" frame="0" z_index="15" m_a="1.000000" m_b="0.000000" m_c="0.000000" m_d="1.000000" m_tx="0.150000" m_ty="45.000000"/>
  </frame>
  <frame idx="25" w="579" h="569" x="-171.199280" y="-281.548889">
   <element name="dfs13" layername="df" frame="0" z_index="1" m_a="0.969505" m_b="0.000000" m_c="0.000000" m_d="0.969509" m_tx="-75.749001" m_ty="-197.699005"/>
   <element name="dfs12" layername="df" frame="0" z_index="2" m_a="0.969505" m_b="0.000000" m_c="0.000000" m_d="0.969509" m_tx="-83.086502" m_ty="-130.149002"/>
   <element name="dfs11" layername="df" frame="0" z_index="3" m_a="0.969505" m_b="0.000000" m_c="0.000000" m_d="0.969509" m_tx="-31.286501" m_ty="-198.298996"/>
   <element name="dfs10" layername="dfs" frame="0" z_index="4" m_a="0.969505" m_b="0.000000" m_c="0.000000" m_d="0.969509" m_tx="47.337502" m_ty="-158.798996"/>
   <element name="dfs9" layername="dfs9" frame="0" z_index="5" m_a="0.969505" m_b="0.000000" m_c="0.000000" m_d="0.969509" m_tx="-9.461500" m_ty="-164.961487"/>
   <element name="dfs8" layername="dfs8" frame="0" z_index="6" m_a="0.969505" m_b="0.000000" m_c="0.000000" m_d="0.969509" m_tx="93.899994" m_ty="-104.024002"/>
   <element name="dfs7" layername="dfs7" frame="0" z_index="7" m_a="0.969505" m_b="0.000000" m_c="0.000000" m_d="0.969509" m_tx="-99.824005" m_ty="-98.824005"/>
   <element name="dfs6" layername="dfs6" frame="0" z_index="8" m_a="0.969505" m_b="0.000000" m_c="0.000000" m_d="0.969509" m_tx="25.537500" m_ty="-251.136505"/>
   <element name="dfs5" layername="dfs5" frame="0" z_index="9" m_a="0.969505" m_b="0.000000" m_c="0.000000" m_d="0.969509" m_tx="54.375000" m_ty="-202.611496"/>
   <element name="dfs4" layername="dfs4" frame="0" z_index="10" m_a="0.969505" m_b="0.000000" m_c="0.000000" m_d="0.969509" m_tx="106.587502" m_ty="-164.324005"/>
   <element name="dfs3" layername="dfs3" frame="0" z_index="11" m_a="0.969505" m_b="0.000000" m_c="0.000000" m_d="0.969509" m_tx="35.549999" m_ty="-126.049004"/>
   <element name="dfs2" layername="dfs2" frame="0" z_index="12" m_a="0.969505" m_b="0.000000" m_c="0.000000" m_d="0.969509" m_tx="-103.786499" m_ty="-70.524002"/>
   <element name="dfs1" layername="df" frame="0" z_index="13" m_a="0.969505" m_b="0.000000" m_c="0.000000" m_d="0.969509" m_tx="-51.648998" m_ty="-237.986496"/>
   <element name="dfs0" layername="df" frame="0" z_index="14" m_a="0.969505" m_b="0.000000" m_c="0.000000" m_d="0.969509" m_tx="-122.723999" m_ty="-155.036499"/>
   <element name="splode" layername="splode" frame="0" z_index="15" m_a="1.000000" m_b="0.000000" m_c="0.000000" m_d="1.000000" m_tx="1.006811" m_ty="43.905270"/>
  </frame>
  <frame idx="50" w="591" h="582" x="-181.375046" y="-293.521912">
   <element name="dfs13" layername="df" frame="0" z_index="1" m_a="0.939011" m_b="0.000000" m_c="0.000000" m_d="0.939018" m_tx="-81.699005" m_ty="-205.699005"/>
   <element name="dfs12" layername="df" frame="0" z_index="2" m_a="0.939011" m_b="0.000000" m_c="0.000000" m_d="0.939018" m_tx="-90.524002" m_ty="-135.548996"/>
   <element name="dfs11" layername="df" frame="0" z_index="3" m_a="0.939011" m_b="0.000000" m_c="0.000000" m_d="0.939018" m_tx="-34.174000" m_ty="-209.848999"/>
   <element name="dfs10" layername="dfs" frame="0" z_index="4" m_a="0.939011" m_b="0.000000" m_c="0.000000" m_d="0.939018" m_tx="53.575001" m_ty="-166.598999"/>
   <element name="dfs9" layername="dfs9" frame="0" z_index="5" m_a="0.939011" m_b="0.000000" m_c="0.000000" m_d="0.939018" m_tx="-11.774000" m_ty="-176.173996"/>
   <element name="dfs8" layername="dfs8" frame="0" z_index="6" m_a="0.939011" m_b="0.000000" m_c="0.000000" m_d="0.939018" m_tx="103.099998" m_ty="-106.798996"/>
   <element name="dfs7" layername="dfs7" frame="0" z_index="7" m_a="0.939011" m_b="0.000000" m_c="0.000000" m_d="0.939018" m_tx="-106.249001" m_ty="-100.848999"/>
   <element name="dfs6" layername="dfs6" frame="0" z_index="8" m_a="0.939011" m_b="0.000000" m_c="0.000000" m_d="0.939018" m_tx="28.974998" m_ty="-259.773987"/>
   <element name="dfs5" layername="dfs5" frame="0" z_index="9" m_a="0.939011" m_b="0.000000" m_c="0.000000" m_d="0.939018" m_tx="58.649998" m_ty="-210.223999"/>
   <element name="dfs4" layername="dfs4" frame="0" z_index="10" m_a="0.939011" m_b="0.000000" m_c="0.000000" m_d="0.939018" m_tx="114.274994" m_ty="-167.498993"/>
   <element name="dfs3" layername="dfs3" frame="0" z_index="11" m_a="0.939011" m_b="0.000000" m_c="0.000000" m_d="0.939018" m_tx="43.500000" m_ty="-131.348999"/>
   <element name="dfs2" layername="dfs2" frame="0" z_index="12" m_a="0.939011" m_b="0.000000" m_c="0.000000" m_d="0.939018" m_tx="-112.024002" m_ty="-72.249001"/>
   <element name="dfs1" layername="df" frame="0" z_index="13" m_a="0.939011" m_b="0.000000" m_c="0.000000" m_d="0.939018" m_tx="-54.898998" m_ty="-249.223999"/>
   <element name="dfs0" layername="df" frame="0" z_index="14" m_a="0.939011" m_b="0.000000" m_c="0.000000" m_d="0.939018" m_tx="-131.899002" m_ty="-161.824005"/>
   <element name="splode" layername="splode" frame="0" z_index="15" m_a="1.000000" m_b="0.000000" m_c="0.000000" m_d="1.000000" m_tx="1.863622" m_ty="42.810539"/>
  </frame>
  <frame idx="75" w="603" h="598" x="-191.550812" y="-306.395813">
   <element name="dfs13" layername="df" frame="0" z_index="1" m_a="0.908516" m_b="0.000000" m_c="0.000000" m_d="0.908527" m_tx="-87.649002" m_ty="-213.699005"/>
   <element name="dfs12" layername="df" frame="0" z_index="2" m_a="0.908516" m_b="0.000000" m_c="0.000000" m_d="0.908527" m_tx="-97.961502" m_ty="-140.949005"/>
   <element name="dfs11" layername="df" frame="0" z_index="3" m_a="0.908516" m_b="0.000000" m_c="0.000000" m_d="0.908527" m_tx="-37.061501" m_ty="-221.399002"/>
   <element name="dfs10" layername="dfs" frame="0" z_index="4" m_a="0.908516" m_b="0.000000" m_c="0.000000" m_d="0.908527" m_tx="59.812500" m_ty="-174.399002"/>
   <element name="dfs9" layername="dfs9" frame="0" z_index="5" m_a="0.908516" m_b="0.000000" m_c="0.000000" m_d="0.908527" m_tx="-14.086500" m_ty="-187.386505"/>
   <element name="dfs8" layername="dfs8" frame="0" z_index="6" m_a="0.908516" m_b="0.000000" m_c="0.000000" m_d="0.908527" m_tx="112.300003" m_ty="-109.573997"/>
   <element name="dfs7" layername="dfs7" frame="0" z_index="7" m_a="0.908516" m_b="0.000000" m_c="0.000000" m_d="0.908527" m_tx="-112.673996" m_ty="-102.874001"/>
   <element name="dfs6" layername="dfs6" frame="0" z_index="8" m_a="0.908516" m_b="0.000000" m_c="0.000000" m_d="0.908527" m_tx="32.412498" m_ty="-268.411499"/>
   <element name="dfs5" layername="dfs5" frame="0" z_index="9" m_a="0.908516" m_b="0.000000" m_c="0.000000" m_d="0.908527" m_tx="62.924995" m_ty="-217.836502"/>
   <element name="dfs4" layername="dfs4" frame="0" z_index="10" m_a="0.908516" m_b="0.000000" m_c="0.000000" m_d="0.908527" m_tx="121.962494" m_ty="-170.673996"/>
   <element name="dfs3" layername="dfs3" frame="0" z_index="11" m_a="0.908516" m_b="0.000000" m_c="0.000000" m_d="0.908527" m_tx="51.450001" m_ty="-136.649002"/>
   <element name="dfs2" layername="dfs2" frame="0" z_index="12" m_a="0.908516" m_b="0.000000" m_c="0.000000" m_d="0.908527" m_tx="-120.261497" m_ty="-73.973999"/>
   <element name="dfs1" layername="df" frame="0" z_index="13" m_a="0.908516" m_b="0.000000" m_c="0.000000" m_d="0.908527" m_tx="-58.148998" m_ty="-260.461487"/>
   <element name="dfs0" layername="df" frame="0" z_index="14" m_a="0.908516" m_b="0.000000" m_c="0.000000" m_d="0.908527" m_tx="-141.073990" m_ty="-168.611496"/>
   <element name="splode" layername="splode" frame="0" z_index="15" m_a="1.000000" m_b="0.000000" m_c="0.000000" m_d="1.000000" m_tx="2.720433" m_ty="41.715805"/>
  </frame>
  <frame idx="100" w="699" h="653" x="-208.726593" y="-322.269806">
   <element name="dfs13" layername="df" frame="0" z_index="1" m_a="0.878021" m_b="0.000000" m_c="0.000000" m_d="0.878036" m_tx="-93.598999" m_ty="-221.699005"/>
   <element name="dfs12" layername="df" frame="0" z_index="2" m_a="0.878021" m_b="0.000000" m_c="0.000000" m_d="0.878036" m_tx="-105.399002" m_ty="-146.348999"/>
   <element name="dfs11" layername="df" frame="0" z_index="3" m_a="0.878021" m_b="0.000000" m_c="0.000000" m_d="0.878036" m_tx="-39.949001" m_ty="-232.949005"/>
   <element name="dfs10" layername="dfs" frame="0" z_index="4" m_a="0.878021" m_b="0.000000" m_c="0.000000" m_d="0.878036" m_tx="66.050003" m_ty="-182.199005"/>
   <element name="dfs9" layername="dfs9" frame="0" z_index="5" m_a="0.878021" m_b="0.000000" m_c="0.000000" m_d="0.878036" m_tx="-16.399000" m_ty="-198.598999"/>
   <element name="dfs8" layername="dfs8" frame="0" z_index="6" m_a="0.878021" m_b="0.000000" m_c="0.000000" m_d="0.878036" m_tx="121.500000" m_ty="-112.348999"/>
   <element name="dfs7" layername="dfs7" frame="0" z_index="7" m_a="0.878021" m_b="0.000000" m_c="0.000000" m_d="0.878036" m_tx="-119.098999" m_ty="-104.899002"/>
   <element name="dfs6" layername="dfs6" frame="0" z_index="8" m_a="0.878021" m_b="0.000000" m_c="0.000000" m_d="0.878036" m_tx="35.849998" m_ty="-277.049011"/>
   <element name="dfs5" layername="dfs5" frame="0" z_index="9" m_a="0.878021" m_b="0.000000" m_c="0.000000" m_d="0.878036" m_tx="67.199997" m_ty="-225.449005"/>
   <element name="dfs4" layername="dfs4" frame="0" z_index="10" m_a="0.878021" m_b="0.000000" m_c="0.000000" m_d="0.878036" m_tx="129.649994" m_ty="-173.848999"/>
   <element name="dfs3" layername="dfs3" frame="0" z_index="11" m_a="0.878021" m_b="0.000000" m_c="0.000000" m_d="0.878036" m_tx="59.400002" m_ty="-141.949005"/>
   <element name="dfs2" layername="dfs2" frame="0" z_index="12" m_a="0.878021" m_b="0.000000" m_c="0.000000" m_d="0.878036" m_tx="-128.498993" m_ty="-75.698997"/>
   <element name="dfs1" layername="df" frame="0" z_index="13" m_a="0.878021" m_b="0.000000" m_c="0.000000" m_d="0.878036" m_tx="-61.398998" m_ty="-271.699005"/>
   <element name="dfs0" layername="df" frame="0" z_index="14" m_a="0.878021" m_b="0.000000" m_c="0.000000" m_d="0.878036" m_tx="-150.248993" m_ty="-175.399002"/>
   <element name="splode" layername="splode" frame="1" z_index="15" m_a="1.000000" m_b="0.000000" m_c="0.000000" m_d="1.000000" m_tx="4.125238" m_ty="40.394337"/>
  </frame>
  <frame idx="125" w="708" h="665" x="-217.314774" y="-333.315186">
   <element name="dfs13" layername="df" frame="0" z_index="1" m_a="0.851120" m_b="0.000000" m_c="0.000000" m_d="0.851131" m_tx="-98.848999" m_ty="-228.774002"/>
   <element name="dfs12" layername="df" frame="0" z_index="2" m_a="0.851120" m_b="0.000000" m_c="0.000000" m_d="0.851131" m_tx="-111.949005" m_ty="-151.086502"/>
   <element name="dfs11" layername="df" frame="0" z_index="3" m_a="0.851120" m_b="0.000000" m_c="0.000000" m_d="0.851131" m_tx="-42.511501" m_ty="-243.161499"/>
   <element name="dfs10" layername="dfs" frame="0" z_index="4" m_a="0.851120" m_b="0.000000" m_c="0.000000" m_d="0.851131" m_tx="71.550003" m_ty="-189.074005"/>
   <element name="dfs9" layername="dfs9" frame="0" z_index="5" m_a="0.851120" m_b="0.000000" m_c="0.000000" m_d="0.851131" m_tx="-18.436501" m_ty="-208.498993"/>
   <element name="dfs8" layername="dfs8" frame="0" z_index="6" m_a="0.851120" m_b="0.000000" m_c="0.000000" m_d="0.851131" m_tx="129.625000" m_ty="-114.786499"/>
   <element name="dfs7" layername="dfs7" frame="0" z_index="7" m_a="0.851120" m_b="0.000000" m_c="0.000000" m_d="0.851131" m_tx="-124.761497" m_ty="-106.699005"/>
   <element name="dfs6" layername="dfs6" frame="0" z_index="8" m_a="0.851120" m_b="0.000000" m_c="0.000000" m_d="0.851131" m_tx="38.887497" m_ty="-284.674011"/>
   <element name="dfs5" layername="dfs5" frame="0" z_index="9" m_a="0.851120" m_b="0.000000" m_c="0.000000" m_d="0.851131" m_tx="70.974998" m_ty="-232.186508"/>
   <element name="dfs4" layername="dfs4" frame="0" z_index="10" m_a="0.851120" m_b="0.000000" m_c="0.000000" m_d="0.851131" m_tx="136.437500" m_ty="-176.649002"/>
   <element name="dfs3" layername="dfs3" frame="0" z_index="11" m_a="0.851120" m_b="0.000000" m_c="0.000000" m_d="0.851131" m_tx="66.412498" m_ty="-146.636505"/>
   <element name="dfs2" layername="dfs2" frame="0" z_index="12" m_a="0.851120" m_b="0.000000" m_c="0.000000" m_d="0.851131" m_tx="-135.773987" m_ty="-77.211502"/>
   <element name="dfs1" layername="df" frame="0" z_index="13" m_a="0.851120" m_b="0.000000" m_c="0.000000" m_d="0.851131" m_tx="-64.274002" m_ty="-281.623993"/>
   <element name="dfs0" layername="df" frame="0" z_index="14" m_a="0.851120" m_b="0.000000" m_c="0.000000" m_d="0.851131" m_tx="-158.336487" m_ty="-181.411499"/>
   <element name="splode" layername="splode" frame="1" z_index="15" m_a="1.000000" m_b="0.000000" m_c="0.000000" m_d="1.000000" m_tx="4.074019" m_ty="40.944672"/>
  </frame>
  <frame idx="150" w="718" h="677" x="-226.402969" y="-344.360596">
   <element name="dfs13" layername="df" frame="0" z_index="1" m_a="0.824219" m_b="0.000000" m_c="0.000000" m_d="0.824226" m_tx="-104.098999" m_ty="-235.848999"/>
   <element name="dfs12" layername="df" frame="0" z_index="2" m_a="0.824219" m_b="0.000000" m_c="0.000000" m_d="0.824226" m_tx="-118.499001" m_ty="-155.824005"/>
   <element name="dfs11" layername="df" frame="0" z_index="3" m_a="0.824219" m_b="0.000000" m_c="0.000000" m_d="0.824226" m_tx="-45.074001" m_ty="-253.374008"/>
   <element name="dfs10" layername="dfs" frame="0" z_index="4" m_a="0.824219" m_b="0.000000" m_c="0.000000" m_d="0.824226" m_tx="77.050003" m_ty="-195.949005"/>
   <element name="dfs9" layername="dfs9" frame="0" z_index="5" m_a="0.824219" m_b="0.000000" m_c="0.000000" m_d="0.824226" m_tx="-20.473999" m_ty="-218.399002"/>
   <element name="dfs8" layername="dfs8" frame="0" z_index="6" m_a="0.824219" m_b="0.000000" m_c="0.000000" m_d="0.824226" m_tx="137.750000" m_ty="-117.223999"/>
   <element name="dfs7" layername="dfs7" frame="0" z_index="7" m_a="0.824219" m_b="0.000000" m_c="0.000000" m_d="0.824226" m_tx="-130.423996" m_ty="-108.499001"/>
   <element name="dfs6" layername="dfs6" frame="0" z_index="8" m_a="0.824219" m_b="0.000000" m_c="0.000000" m_d="0.824226" m_tx="41.924999" m_ty="-292.299011"/>
   <element name="dfs5" layername="dfs5" frame="0" z_index="9" m_a="0.824219" m_b="0.000000" m_c="0.000000" m_d="0.824226" m_tx="74.750000" m_ty="-238.924011"/>
   <element name="dfs4" layername="dfs4" frame="0" z_index="10" m_a="0.824219" m_b="0.000000" m_c="0.000000" m_d="0.824226" m_tx="143.225006" m_ty="-179.449005"/>
   <element name="dfs3" layername="dfs3" frame="0" z_index="11" m_a="0.824219" m_b="0.000000" m_c="0.000000" m_d="0.824226" m_tx="73.425003" m_ty="-151.324005"/>
   <element name="dfs2" layername="dfs2" frame="0" z_index="12" m_a="0.824219" m_b="0.000000" m_c="0.000000" m_d="0.824226" m_tx="-143.048996" m_ty="-78.723999"/>
   <element name="dfs1" layername="df" frame="0" z_index="13" m_a="0.824219" m_b="0.000000" m_c="0.000000" m_d="0.824226" m_tx="-67.149002" m_ty="-291.549011"/>
   <element name="dfs0" layername="df" frame="0" z_index="14" m_a="0.824219" m_b="0.000000" m_c="0.000000" m_d="0.824226" m_tx="-166.423996" m_ty="-187.424011"/>
   <element name="splode" layername="splode" frame="1" z_index="15" m_a="1.000000" m_b="0.000000" m_c="0.000000" m_d="1.000000" m_tx="4.022800" m_ty="41.495007"/>
  </frame>
  <frame idx="175" w="728" h="689" x="-235.491165" y="-355.405975">
   <element name="dfs13" layername="df" frame="0" z_index="1" m_a="0.797317" m_b="0.000000" m_c="0.000000" m_d="0.797321" m_tx="-109.348999" m_ty="-242.923996"/>
   <element name="dfs12" layername="df" frame="0" z_index="2" m_a="0.797317" m_b="0.000000" m_c="0.000000" m_d="0.797321" m_tx="-125.048996" m_ty="-160.561493"/>
   <element name="dfs11" layername="df" frame="0" z_index="3" m_a="0.797317" m_b="0.000000" m_c="0.000000" m_d="0.797321" m_tx="-47.636501" m_ty="-263.586517"/>
   <element name="dfs10" layername="dfs" frame="0" z_index="4" m_a="0.797317" m_b="0.000000" m_c="0.000000" m_d="0.797321" m_tx="82.550003" m_ty="-202.824005"/>
   <element name="dfs9" layername="dfs9" frame="0" z_index="5" m_a="0.797317" m_b="0.000000" m_c="0.000000" m_d="0.797321" m_tx="-22.511499" m_ty="-228.299011"/>
   <element name="dfs8" layername="dfs8" frame="0" z_index="6" m_a="0.797317" m_b="0.000000" m_c="0.000000" m_d="0.797321" m_tx="145.875000" m_ty="-119.661499"/>
   <element name="dfs7" layername="dfs7" frame="0" z_index="7" m_a="0.797317" m_b="0.000000" m_c="0.000000" m_d="0.797321" m_tx="-136.086487" m_ty="-110.298996"/>
   <element name="dfs6" layername="dfs6" frame="0" z_index="8" m_a="0.797317" m_b="0.000000" m_c="0.000000" m_d="0.797321" m_tx="44.962502" m_ty="-299.924011"/>
   <element name="dfs5" layername="dfs5" frame="0" z_index="9" m_a="0.797317" m_b="0.000000" m_c="0.000000" m_d="0.797321" m_tx="78.525002" m_ty="-245.661499"/>
   <element name="dfs4" layername="dfs4" frame="0" z_index="10" m_a="0.797317" m_b="0.000000" m_c="0.000000" m_d="0.797321" m_tx="150.012497" m_ty="-182.248993"/>
   <element name="dfs3" layername="dfs3" frame="0" z_index="11" m_a="0.797317" m_b="0.000000" m_c="0.000000" m_d="0.797321" m_tx="80.437500" m_ty="-156.011505"/>
   <element name="dfs2" layername="dfs2" frame="0" z_index="12" m_a="0.797317" m_b="0.000000" m_c="0.000000" m_d="0.797321" m_tx="-150.324005" m_ty="-80.236496"/>
   <element name="dfs1" layername="df" frame="0" z_index="13" m_a="0.797317" m_b="0.000000" m_c="0.000000" m_d="0.797321" m_tx="-70.024002" m_ty="-301.473999"/>
   <element name="dfs0" layername="df" frame="0" z_index="14" m_a="0.797317" m_b="0.000000" m_c="0.000000" m_d="0.797321" m_tx="-174.511505" m_ty="-193.436508"/>
   <element name="splode" layername="splode" frame="1" z_index="15" m_a="1.000000" m_b="0.000000" m_c="0.000000" m_d="1.000000" m_tx="3.971581" m_ty="42.045341"/>
  </frame>
  <frame idx="200" w="839" h="759" x="-252.579346" y="-371.451385">
   <element name="dfs13" layername="df" frame="0" z_index="1" m_a="0.770416" m_b="0.000000" m_c="0.000000" m_d="0.770416" m_tx="-114.598999" m_ty="-249.998993"/>
   <element name="dfs12" layername="df" frame="0" z_index="2" m_a="0.770416" m_b="0.000000" m_c="0.000000" m_d="0.770416" m_tx="-131.598999" m_ty="-165.298996"/>
   <element name="dfs11" layername="df" frame="0" z_index="3" m_a="0.770416" m_b="0.000000" m_c="0.000000" m_d="0.770416" m_tx="-50.199001" m_ty="-273.799011"/>
   <element name="dfs10" layername="dfs" frame="0" z_index="4" m_a="0.770416" m_b="0.000000" m_c="0.000000" m_d="0.770416" m_tx="88.050003" m_ty="-209.699005"/>
   <element name="dfs9" layername="dfs9" frame="0" z_index="5" m_a="0.770416" m_b="0.000000" m_c="0.000000" m_d="0.770416" m_tx="-24.549000" m_ty="-238.199005"/>
   <element name="dfs8" layername="dfs8" frame="0" z_index="6" m_a="0.770416" m_b="0.000000" m_c="0.000000" m_d="0.770416" m_tx="154.000000" m_ty="-122.098999"/>
   <element name="dfs7" layername="dfs7" frame="0" z_index="7" m_a="0.770416" m_b="0.000000" m_c="0.000000" m_d="0.770416" m_tx="-141.748993" m_ty="-112.098999"/>
   <element name="dfs6" layername="dfs6" frame="0" z_index="8" m_a="0.770416" m_b="0.000000" m_c="0.000000" m_d="0.770416" m_tx="48.000000" m_ty="-307.549011"/>
   <element name="dfs5" layername="dfs5" frame="0" z_index="9" m_a="0.770416" m_b="0.000000" m_c="0.000000" m_d="0.770416" m_tx="82.300003" m_ty="-252.399002"/>
   <element name="dfs4" layername="dfs4" frame="0" z_index="10" m_a="0.770416" m_b="0.000000" m_c="0.000000" m_d="0.770416" m_tx="156.800003" m_ty="-185.048996"/>
   <element name="dfs3" layername="dfs3" frame="0" z_index="11" m_a="0.770416" m_b="0.000000" m_c="0.000000" m_d="0.770416" m_tx="87.449997" m_ty="-160.699005"/>
   <element name="dfs2" layername="dfs2" frame="0" z_index="12" m_a="0.770416" m_b="0.000000" m_c="0.000000" m_d="0.770416" m_tx="-157.598999" m_ty="-81.749001"/>
   <element name="dfs1" layername="df" frame="0" z_index="13" m_a="0.770416" m_b="0.000000" m_c="0.000000" m_d="0.770416" m_tx="-72.899002" m_ty="-311.398987"/>
   <element name="dfs0" layername="df" frame="0" z_index="14" m_a="0.770416" m_b="0.000000" m_c="0.000000" m_d="0.770416" m_tx="-182.598999" m_ty="-199.449005"/>
   <element name="splode" layername="splode" frame="2" z_index="15" m_a="1.000000" m_b="0.000000" m_c="0.000000" m_d="1.000000" m_tx="4.531801" m_ty="42.231140"/>
  </frame>
  <frame idx="225" w="848" h="770" x="-260.592438" y="-381.143219">
   <element name="dfs13" layername="df" frame="0" z_index="1" m_a="0.747101" m_b="0.000000" m_c="0.000000" m_d="0.747101" m_tx="-119.136497" m_ty="-256.123993"/>
   <element name="dfs12" layername="df" frame="0" z_index="2" m_a="0.747101" m_b="0.000000" m_c="0.000000" m_d="0.747101" m_tx="-137.286499" m_ty="-169.436493"/>
   <element name="dfs11" layername="df" frame="0" z_index="3" m_a="0.747101" m_b="0.000000" m_c="0.000000" m_d="0.747101" m_tx="-52.411499" m_ty="-282.624023"/>
   <element name="dfs10" layername="dfs" frame="0" z_index="4" m_a="0.747101" m_b="0.000000" m_c="0.000000" m_d="0.747101" m_tx="92.812500" m_ty="-215.661499"/>
   <element name="dfs9" layername="dfs9" frame="0" z_index="5" m_a="0.747101" m_b="0.000000" m_c="0.000000" m_d="0.747101" m_tx="-26.311501" m_ty="-246.761505"/>
   <element name="dfs8" layername="dfs8" frame="0" z_index="6" m_a="0.747101" m_b="0.000000" m_c="0.000000" m_d="0.747101" m_tx="161.037506" m_ty="-124.223999"/>
   <element name="dfs7" layername="dfs7" frame="0" z_index="7" m_a="0.747101" m_b="0.000000" m_c="0.000000" m_d="0.747101" m_tx="-146.648987" m_ty="-113.636497"/>
   <element name="dfs6" layername="dfs6" frame="0" z_index="8" m_a="0.747101" m_b="0.000000" m_c="0.000000" m_d="0.747101" m_tx="50.625000" m_ty="-314.136505"/>
   <element name="dfs5" layername="dfs5" frame="0" z_index="9" m_a="0.747101" m_b="0.000000" m_c="0.000000" m_d="0.747101" m_tx="85.562500" m_ty="-258.223999"/>
   <element name="dfs4" layername="dfs4" frame="0" z_index="10" m_a="0.747101" m_b="0.000000" m_c="0.000000" m_d="0.747101" m_tx="162.675003" m_ty="-187.473999"/>
   <element name="dfs3" layername="dfs3" frame="0" z_index="11" m_a="0.747101" m_b="0.000000" m_c="0.000000" m_d="0.747101" m_tx="93.537498" m_ty="-164.749008"/>
   <element name="dfs2" layername="dfs2" frame="0" z_index="12" m_a="0.747101" m_b="0.000000" m_c="0.000000" m_d="0.747101" m_tx="-163.899002" m_ty="-83.061501"/>
   <element name="dfs1" layername="df" frame="0" z_index="13" m_a="0.747101" m_b="0.000000" m_c="0.000000" m_d="0.747101" m_tx="-75.386505" m_ty="-319.986481"/>
   <element name="dfs0" layername="df" frame="0" z_index="14" m_a="0.747101" m_b="0.000000" m_c="0.000000" m_d="0.747101" m_tx="-189.611496" m_ty="-204.649002"/>
   <element name="splode" layername="splode" frame="2" z_index="15" m_a="1.000000" m_b="0.000000" m_c="0.000000" m_d="1.000000" m_tx="4.373073" m_ty="42.702168"/>
  </frame>
  <frame idx="250" w="856" h="779" x="-268.105530" y="-390.335022">
   <element name="dfs13" layername="df" frame="0" z_index="1" m_a="0.723786" m_b="0.000000" m_c="0.000000" m_d="0.723786" m_tx="-123.673996" m_ty="-262.248993"/>
   <element name="dfs12" layername="df" frame="0" z_index="2" m_a="0.723786" m_b="0.000000" m_c="0.000000" m_d="0.723786" m_tx="-142.973999" m_ty="-173.574005"/>
   <element name="dfs11" layername="df" frame="0" z_index="3" m_a="0.723786" m_b="0.000000" m_c="0.000000" m_d="0.723786" m_tx="-54.624001" m_ty="-291.449005"/>
   <element name="dfs10" layername="dfs" frame="0" z_index="4" m_a="0.723786" m_b="0.000000" m_c="0.000000" m_d="0.723786" m_tx="97.574997" m_ty="-221.623993"/>
   <element name="dfs9" layername="dfs9" frame="0" z_index="5" m_a="0.723786" m_b="0.000000" m_c="0.000000" m_d="0.723786" m_tx="-28.074001" m_ty="-255.324005"/>
   <element name="dfs8" layername="dfs8" frame="0" z_index="6" m_a="0.723786" m_b="0.000000" m_c="0.000000" m_d="0.723786" m_tx="168.074997" m_ty="-126.348999"/>
   <element name="dfs7" layername="dfs7" frame="0" z_index="7" m_a="0.723786" m_b="0.000000" m_c="0.000000" m_d="0.723786" m_tx="-151.548996" m_ty="-115.173996"/>
   <element name="dfs6" layername="dfs6" frame="0" z_index="8" m_a="0.723786" m_b="0.000000" m_c="0.000000" m_d="0.723786" m_tx="53.250000" m_ty="-320.723999"/>
   <element name="dfs5" layername="dfs5" frame="0" z_index="9" m_a="0.723786" m_b="0.000000" m_c="0.000000" m_d="0.723786" m_tx="88.824997" m_ty="-264.049011"/>
   <element name="dfs4" layername="dfs4" frame="0" z_index="10" m_a="0.723786" m_b="0.000000" m_c="0.000000" m_d="0.723786" m_tx="168.550003" m_ty="-189.898987"/>
   <element name="dfs3" layername="dfs3" frame="0" z_index="11" m_a="0.723786" m_b="0.000000" m_c="0.000000" m_d="0.723786" m_tx="99.625000" m_ty="-168.799011"/>
   <element name="dfs2" layername="dfs2" frame="0" z_index="12" m_a="0.723786" m_b="0.000000" m_c="0.000000" m_d="0.723786" m_tx="-170.199005" m_ty="-84.374001"/>
   <element name="dfs1" layername="df" frame="0" z_index="13" m_a="0.723786" m_b="0.000000" m_c="0.000000" m_d="0.723786" m_tx="-77.874001" m_ty="-328.573975"/>
   <element name="dfs0" layername="df" frame="0" z_index="14" m_a="0.723786" m_b="0.000000" m_c="0.000000" m_d="0.723786" m_tx="-196.623993" m_ty="-209.848999"/>
   <element name="splode" layername="splode" frame="2" z_index="15" m_a="1.000000" m_b="0.000000" m_c="0.000000" m_d="1.000000" m_tx="4.214345" m_ty="43.173191"/>
  </frame>
  <frame idx="275" w="863" h="790" x="-275.618652" y="-400.026886">
   <element name="dfs13" layername="df" frame="0" z_index="1" m_a="0.700470" m_b="0.000000" m_c="0.000000" m_d="0.700470" m_tx="-128.211487" m_ty="-268.373993"/>
   <element name="dfs12" layername="df" frame="0" z_index="2" m_a="0.700470" m_b="0.000000" m_c="0.000000" m_d="0.700470" m_tx="-148.661499" m_ty="-177.711502"/>
   <element name="dfs11" layername="df" frame="0" z_index="3" m_a="0.700470" m_b="0.000000" m_c="0.000000" m_d="0.700470" m_tx="-56.836502" m_ty="-300.273987"/>
   <element name="dfs10" layername="dfs" frame="0" z_index="4" m_a="0.700470" m_b="0.000000" m_c="0.000000" m_d="0.700470" m_tx="102.337502" m_ty="-227.586502"/>
   <element name="dfs9" layername="dfs9" frame="0" z_index="5" m_a="0.700470" m_b="0.000000" m_c="0.000000" m_d="0.700470" m_tx="-29.836500" m_ty="-263.886505"/>
   <element name="dfs8" layername="dfs8" frame="0" z_index="6" m_a="0.700470" m_b="0.000000" m_c="0.000000" m_d="0.700470" m_tx="175.112488" m_ty="-128.473999"/>
   <element name="dfs7" layername="dfs7" frame="0" z_index="7" m_a="0.700470" m_b="0.000000" m_c="0.000000" m_d="0.700470" m_tx="-156.449005" m_ty="-116.711502"/>
   <element name="dfs6" layername="dfs6" frame="0" z_index="8" m_a="0.700470" m_b="0.000000" m_c="0.000000" m_d="0.700470" m_tx="55.875000" m_ty="-327.311493"/>
   <element name="dfs5" layername="dfs5" frame="0" z_index="9" m_a="0.700470" m_b="0.000000" m_c="0.000000" m_d="0.700470" m_tx="92.087502" m_ty="-269.873993"/>
   <element name="dfs4" layername="dfs4" frame="0" z_index="10" m_a="0.700470" m_b="0.000000" m_c="0.000000" m_d="0.700470" m_tx="174.425003" m_ty="-192.323990"/>
   <element name="dfs3" layername="dfs3" frame="0" z_index="11" m_a="0.700470" m_b="0.000000" m_c="0.000000" m_d="0.700470" m_tx="105.712502" m_ty="-172.848999"/>
   <element name="dfs2" layername="dfs2" frame="0" z_index="12" m_a="0.700470" m_b="0.000000" m_c="0.000000" m_d="0.700470" m_tx="-176.498993" m_ty="-85.686501"/>
   <element name="dfs1" layername="df" frame="0" z_index="13" m_a="0.700470" m_b="0.000000" m_c="0.000000" m_d="0.700470" m_tx="-80.361496" m_ty="-337.161499"/>
   <element name="dfs0" layername="df" frame="0" z_index="14" m_a="0.700470" m_b="0.000000" m_c="0.000000" m_d="0.700470" m_tx="-203.636505" m_ty="-215.048996"/>
   <element name="splode" layername="splode" frame="2" z_index="15" m_a="1.000000" m_b="0.000000" m_c="0.000000" m_d="1.000000" m_tx="4.055616" m_ty="43.644218"/>
  </frame>
  <frame idx="300" w="902" h="820" x="-286.131714" y="-411.218719">
   <element name="dfs13" layername="df" frame="0" z_index="1" m_a="0.677155" m_b="0.000000" m_c="0.000000" m_d="0.677155" m_tx="-132.748993" m_ty="-274.498993"/>
   <element name="dfs12" layername="df" frame="0" z_index="2" m_a="0.677155" m_b="0.000000" m_c="0.000000" m_d="0.677155" m_tx="-154.348999" m_ty="-181.848999"/>
   <element name="dfs11" layername="df" frame="0" z_index="3" m_a="0.677155" m_b="0.000000" m_c="0.000000" m_d="0.677155" m_tx="-59.049000" m_ty="-309.098999"/>
   <element name="dfs10" layername="dfs" frame="0" z_index="4" m_a="0.677155" m_b="0.000000" m_c="0.000000" m_d="0.677155" m_tx="107.099998" m_ty="-233.548996"/>
   <element name="dfs9" layername="dfs9" frame="0" z_index="5" m_a="0.677155" m_b="0.000000" m_c="0.000000" m_d="0.677155" m_tx="-31.599001" m_ty="-272.449005"/>
   <element name="dfs8" layername="dfs8" frame="0" z_index="6" m_a="0.677155" m_b="0.000000" m_c="0.000000" m_d="0.677155" m_tx="182.149994" m_ty="-130.598999"/>
   <element name="dfs7" layername="dfs7" frame="0" z_index="7" m_a="0.677155" m_b="0.000000" m_c="0.000000" m_d="0.677155" m_tx="-161.348999" m_ty="-118.249001"/>
   <element name="dfs6" layername="dfs6" frame="0" z_index="8" m_a="0.677155" m_b="0.000000" m_c="0.000000" m_d="0.677155" m_tx="58.500000" m_ty="-333.898987"/>
   <element name="dfs5" layername="dfs5" frame="0" z_index="9" m_a="0.677155" m_b="0.000000" m_c="0.000000" m_d="0.677155" m_tx="95.349998" m_ty="-275.699005"/>
   <element name="dfs4" layername="dfs4" frame="0" z_index="10" m_a="0.677155" m_b="0.000000" m_c="0.000000" m_d="0.677155" m_tx="180.300003" m_ty="-194.748993"/>
   <element name="dfs3" layername="dfs3" frame="0" z_index="11" m_a="0.677155" m_b="0.000000" m_c="0.000000" m_d="0.677155" m_tx="111.800003" m_ty="-176.899002"/>
   <element name="dfs2" layername="dfs2" frame="0" z_index="12" m_a="0.677155" m_b="0.000000" m_c="0.000000" m_d="0.677155" m_tx="-182.798996" m_ty="-86.999001"/>
   <element name="dfs1" layername="df" frame="0" z_index="13" m_a="0.677155" m_b="0.000000" m_c="0.000000" m_d="0.677155" m_tx="-82.848999" m_ty="-345.748993"/>
   <element name="dfs0" layername="df" frame="0" z_index="14" m_a="0.677155" m_b="0.000000" m_c="0.000000" m_d="0.677155" m_tx="-210.649002" m_ty="-220.248993"/>
   <element name="splode" layername="splode" frame="3" z_index="15" m_a="1.000000" m_b="0.000000" m_c="0.000000" m_d="1.000000" m_tx="4.047176" m_ty="44.042007"/>
  </frame>
  <frame idx="325" w="909" h="829" x="-292.557251" y="-419.582001">
   <element name="dfs13" layername="df" frame="0" z_index="1" m_a="0.657422" m_b="0.000000" m_c="0.000000" m_d="0.657425" m_tx="-136.598999" m_ty="-279.699005"/>
   <element name="dfs12" layername="df" frame="0" z_index="2" m_a="0.657422" m_b="0.000000" m_c="0.000000" m_d="0.657425" m_tx="-159.161499" m_ty="-185.324005"/>
   <element name="dfs11" layername="df" frame="0" z_index="3" m_a="0.657422" m_b="0.000000" m_c="0.000000" m_d="0.657425" m_tx="-60.924000" m_ty="-316.574005"/>
   <element name="dfs10" layername="dfs" frame="0" z_index="4" m_a="0.657422" m_b="0.000000" m_c="0.000000" m_d="0.657425" m_tx="111.137497" m_ty="-238.586502"/>
   <element name="dfs9" layername="dfs9" frame="0" z_index="5" m_a="0.657422" m_b="0.000000" m_c="0.000000" m_d="0.657425" m_tx="-33.086502" m_ty="-279.723999"/>
   <element name="dfs8" layername="dfs8" frame="0" z_index="6" m_a="0.657422" m_b="0.000000" m_c="0.000000" m_d="0.657425" m_tx="188.112488" m_ty="-132.399002"/>
   <element name="dfs7" layername="dfs7" frame="0" z_index="7" m_a="0.657422" m_b="0.000000" m_c="0.000000" m_d="0.657425" m_tx="-165.511505" m_ty="-119.548996"/>
   <element name="dfs6" layername="dfs6" frame="0" z_index="8" m_a="0.657422" m_b="0.000000" m_c="0.000000" m_d="0.657425" m_tx="60.724998" m_ty="-339.473999"/>
   <element name="dfs5" layername="dfs5" frame="0" z_index="9" m_a="0.657422" m_b="0.000000" m_c="0.000000" m_d="0.657425" m_tx="98.112503" m_ty="-280.623993"/>
   <element name="dfs4" layername="dfs4" frame="0" z_index="10" m_a="0.657422" m_b="0.000000" m_c="0.000000" m_d="0.657425" m_tx="185.274994" m_ty="-196.811493"/>
   <element name="dfs3" layername="dfs3" frame="0" z_index="11" m_a="0.657422" m_b="0.000000" m_c="0.000000" m_d="0.657425" m_tx="116.949997" m_ty="-180.348999"/>
   <element name="dfs2" layername="dfs2" frame="0" z_index="12" m_a="0.657422" m_b="0.000000" m_c="0.000000" m_d="0.657425" m_tx="-188.136505" m_ty="-88.124001"/>
   <element name="dfs1" layername="df" frame="0" z_index="13" m_a="0.657422" m_b="0.000000" m_c="0.000000" m_d="0.657425" m_tx="-84.948997" m_ty="-353.023987"/>
   <element name="dfs0" layername="df" frame="0" z_index="14" m_a="0.657422" m_b="0.000000" m_c="0.000000" m_d="0.657425" m_tx="-216.574005" m_ty="-224.648987"/>
   <element name="splode" layername="splode" frame="3" z_index="15" m_a="1.000000" m_b="0.000000" m_c="0.000000" m_d="1.000000" m_tx="3.775926" m_ty="41.326435"/>
  </frame>
  <frame idx="350" w="915" h="837" x="-298.982727" y="-427.445313">
   <element name="dfs13" layername="df" frame="0" z_index="1" m_a="0.637688" m_b="0.000000" m_c="0.000000" m_d="0.637696" m_tx="-140.449005" m_ty="-284.898987"/>
   <element name="dfs12" layername="df" frame="0" z_index="2" m_a="0.637688" m_b="0.000000" m_c="0.000000" m_d="0.637696" m_tx="-163.973999" m_ty="-188.798996"/>
   <element name="dfs11" layername="df" frame="0" z_index="3" m_a="0.637688" m_b="0.000000" m_c="0.000000" m_d="0.637696" m_tx="-62.799004" m_ty="-324.049011"/>
   <element name="dfs10" layername="dfs" frame="0" z_index="4" m_a="0.637688" m_b="0.000000" m_c="0.000000" m_d="0.637696" m_tx="115.175003" m_ty="-243.623993"/>
   <element name="dfs9" layername="dfs9" frame="0" z_index="5" m_a="0.637688" m_b="0.000000" m_c="0.000000" m_d="0.637696" m_tx="-34.574001" m_ty="-286.999023"/>
   <element name="dfs8" layername="dfs8" frame="0" z_index="6" m_a="0.637688" m_b="0.000000" m_c="0.000000" m_d="0.637696" m_tx="194.074997" m_ty="-134.199005"/>
   <element name="dfs7" layername="dfs7" frame="0" z_index="7" m_a="0.637688" m_b="0.000000" m_c="0.000000" m_d="0.637696" m_tx="-169.673996" m_ty="-120.848999"/>
   <element name="dfs6" layername="dfs6" frame="0" z_index="8" m_a="0.637688" m_b="0.000000" m_c="0.000000" m_d="0.637696" m_tx="62.950001" m_ty="-345.049011"/>
   <element name="dfs5" layername="dfs5" frame="0" z_index="9" m_a="0.637688" m_b="0.000000" m_c="0.000000" m_d="0.637696" m_tx="100.875000" m_ty="-285.549011"/>
   <element name="dfs4" layername="dfs4" frame="0" z_index="10" m_a="0.637688" m_b="0.000000" m_c="0.000000" m_d="0.637696" m_tx="190.250000" m_ty="-198.873993"/>
   <element name="dfs3" layername="dfs3" frame="0" z_index="11" m_a="0.637688" m_b="0.000000" m_c="0.000000" m_d="0.637696" m_tx="122.099998" m_ty="-183.799011"/>
   <element name="dfs2" layername="dfs2" frame="0" z_index="12" m_a="0.637688" m_b="0.000000" m_c="0.000000" m_d="0.637696" m_tx="-193.473999" m_ty="-89.249001"/>
   <element name="dfs1" layername="df" frame="0" z_index="13" m_a="0.637688" m_b="0.000000" m_c="0.000000" m_d="0.637696" m_tx="-87.048996" m_ty="-360.299011"/>
   <element name="dfs0" layername="df" frame="0" z_index="14" m_a="0.637688" m_b="0.000000" m_c="0.000000" m_d="0.637696" m_tx="-222.498993" m_ty="-229.048996"/>
   <element name="splode" layername="splode" frame="3" z_index="15" m_a="1.000000" m_b="0.000000" m_c="0.000000" m_d="1.000000" m_tx="3.504675" m_ty="38.610859"/>
  </frame>
  <frame idx="375" w="922" h="845" x="-305.408234" y="-435.308594">
   <element name="dfs13" layername="df" frame="0" z_index="1" m_a="0.617954" m_b="0.000000" m_c="0.000000" m_d="0.617966" m_tx="-144.298996" m_ty="-290.098999"/>
   <element name="dfs12" layername="df" frame="0" z_index="2" m_a="0.617954" m_b="0.000000" m_c="0.000000" m_d="0.617966" m_tx="-168.786499" m_ty="-192.273987"/>
   <element name="dfs11" layername="df" frame="0" z_index="3" m_a="0.617954" m_b="0.000000" m_c="0.000000" m_d="0.617966" m_tx="-64.674004" m_ty="-331.523987"/>
   <element name="dfs10" layername="dfs" frame="0" z_index="4" m_a="0.617954" m_b="0.000000" m_c="0.000000" m_d="0.617966" m_tx="119.212502" m_ty="-248.661499"/>
   <element name="dfs9" layername="dfs9" frame="0" z_index="5" m_a="0.617954" m_b="0.000000" m_c="0.000000" m_d="0.617966" m_tx="-36.061501" m_ty="-294.274017"/>
   <element name="dfs8" layername="dfs8" frame="0" z_index="6" m_a="0.617954" m_b="0.000000" m_c="0.000000" m_d="0.617966" m_tx="200.037506" m_ty="-135.998993"/>
   <element name="dfs7" layername="dfs7" frame="0" z_index="7" m_a="0.617954" m_b="0.000000" m_c="0.000000" m_d="0.617966" m_tx="-173.836487" m_ty="-122.149002"/>
   <element name="dfs6" layername="dfs6" frame="0" z_index="8" m_a="0.617954" m_b="0.000000" m_c="0.000000" m_d="0.617966" m_tx="65.175003" m_ty="-350.623993"/>
   <element name="dfs5" layername="dfs5" frame="0" z_index="9" m_a="0.617954" m_b="0.000000" m_c="0.000000" m_d="0.617966" m_tx="103.637497" m_ty="-290.473999"/>
   <element name="dfs4" layername="dfs4" frame="0" z_index="10" m_a="0.617954" m_b="0.000000" m_c="0.000000" m_d="0.617966" m_tx="195.225006" m_ty="-200.936493"/>
   <element name="dfs3" layername="dfs3" frame="0" z_index="11" m_a="0.617954" m_b="0.000000" m_c="0.000000" m_d="0.617966" m_tx="127.250000" m_ty="-187.249008"/>
   <element name="dfs2" layername="dfs2" frame="0" z_index="12" m_a="0.617954" m_b="0.000000" m_c="0.000000" m_d="0.617966" m_tx="-198.811493" m_ty="-90.374001"/>
   <element name="dfs1" layername="df" frame="0" z_index="13" m_a="0.617954" m_b="0.000000" m_c="0.000000" m_d="0.617966" m_tx="-89.149002" m_ty="-367.574005"/>
   <element name="dfs0" layername="df" frame="0" z_index="14" m_a="0.617954" m_b="0.000000" m_c="0.000000" m_d="0.617966" m_tx="-228.423996" m_ty="-233.449005"/>
   <element name="splode" layername="splode" frame="3" z_index="15" m_a="1.000000" m_b="0.000000" m_c="0.000000" m_d="1.000000" m_tx="3.233424" m_ty="35.895290"/>
  </frame>
  <frame idx="400" w="905" h="874" x="-309.833740" y="-445.171906">
   <element name="dfs13" layername="df" frame="0" z_index="1" m_a="0.598221" m_b="0.000000" m_c="0.000000" m_d="0.598236" m_tx="-148.149002" m_ty="-295.299011"/>
   <element name="dfs12" layername="df" frame="0" z_index="2" m_a="0.598221" m_b="0.000000" m_c="0.000000" m_d="0.598236" m_tx="-173.598999" m_ty="-195.748993"/>
   <element name="dfs11" layername="df" frame="0" z_index="3" m_a="0.598221" m_b="0.000000" m_c="0.000000" m_d="0.598236" m_tx="-66.549004" m_ty="-338.998993"/>
   <element name="dfs10" layername="dfs" frame="0" z_index="4" m_a="0.598221" m_b="0.000000" m_c="0.000000" m_d="0.598236" m_tx="123.250000" m_ty="-253.699005"/>
   <element name="dfs9" layername="dfs9" frame="0" z_index="5" m_a="0.598221" m_b="0.000000" m_c="0.000000" m_d="0.598236" m_tx="-37.549000" m_ty="-301.549011"/>
   <element name="dfs8" layername="dfs8" frame="0" z_index="6" m_a="0.598221" m_b="0.000000" m_c="0.000000" m_d="0.598236" m_tx="206.000000" m_ty="-137.798996"/>
   <element name="dfs7" layername="dfs7" frame="0" z_index="7" m_a="0.598221" m_b="0.000000" m_c="0.000000" m_d="0.598236" m_tx="-177.998993" m_ty="-123.448997"/>
   <element name="dfs6" layername="dfs6" frame="0" z_index="8" m_a="0.598221" m_b="0.000000" m_c="0.000000" m_d="0.598236" m_tx="67.400002" m_ty="-356.199005"/>
   <element name="dfs5" layername="dfs5" frame="0" z_index="9" m_a="0.598221" m_b="0.000000" m_c="0.000000" m_d="0.598236" m_tx="106.400002" m_ty="-295.398987"/>
   <element name="dfs4" layername="dfs4" frame="0" z_index="10" m_a="0.598221" m_b="0.000000" m_c="0.000000" m_d="0.598236" m_tx="200.199997" m_ty="-202.998993"/>
   <element name="dfs3" layername="dfs3" frame="0" z_index="11" m_a="0.598221" m_b="0.000000" m_c="0.000000" m_d="0.598236" m_tx="132.399994" m_ty="-190.699005"/>
   <element name="dfs2" layername="dfs2" frame="0" z_index="12" m_a="0.598221" m_b="0.000000" m_c="0.000000" m_d="0.598236" m_tx="-204.149002" m_ty="-91.499001"/>
   <element name="dfs1" layername="df" frame="0" z_index="13" m_a="0.598221" m_b="0.000000" m_c="0.000000" m_d="0.598236" m_tx="-91.249001" m_ty="-374.848999"/>
   <element name="dfs0" layername="df" frame="0" z_index="14" m_a="0.598221" m_b="0.000000" m_c="0.000000" m_d="0.598236" m_tx="-234.348999" m_ty="-237.848999"/>
   <element name="splode" layername="splode" frame="4" z_index="15" m_a="1.000000" m_b="0.000000" m_c="0.000000" m_d="1.000000" m_tx="2.851653" m_ty="33.093910"/>
  </frame>
  <frame idx="425" w="911" h="881" x="-315.196655" y="-451.694153">
   <element name="dfs13" layername="df" frame="0" z_index="1" m_a="0.582077" m_b="0.000000" m_c="0.000000" m_d="0.582092" m_tx="-151.298996" m_ty="-299.536499"/>
   <element name="dfs12" layername="df" frame="0" z_index="2" m_a="0.582077" m_b="0.000000" m_c="0.000000" m_d="0.582092" m_tx="-177.524002" m_ty="-198.586487"/>
   <element name="dfs11" layername="df" frame="0" z_index="3" m_a="0.582077" m_b="0.000000" m_c="0.000000" m_d="0.582092" m_tx="-68.074005" m_ty="-345.123993"/>
   <element name="dfs10" layername="dfs" frame="0" z_index="4" m_a="0.582077" m_b="0.000000" m_c="0.000000" m_d="0.582092" m_tx="126.550003" m_ty="-257.836487"/>
   <element name="dfs9" layername="dfs9" frame="0" z_index="5" m_a="0.582077" m_b="0.000000" m_c="0.000000" m_d="0.582092" m_tx="-38.774002" m_ty="-307.473999"/>
   <element name="dfs8" layername="dfs8" frame="0" z_index="6" m_a="0.582077" m_b="0.000000" m_c="0.000000" m_d="0.582092" m_tx="210.875000" m_ty="-139.274002"/>
   <element name="dfs7" layername="dfs7" frame="0" z_index="7" m_a="0.582077" m_b="0.000000" m_c="0.000000" m_d="0.582092" m_tx="-181.398987" m_ty="-124.524002"/>
   <element name="dfs6" layername="dfs6" frame="0" z_index="8" m_a="0.582077" m_b="0.000000" m_c="0.000000" m_d="0.582092" m_tx="69.224998" m_ty="-360.786499"/>
   <element name="dfs5" layername="dfs5" frame="0" z_index="9" m_a="0.582077" m_b="0.000000" m_c="0.000000" m_d="0.582092" m_tx="108.662498" m_ty="-299.423981"/>
   <element name="dfs4" layername="dfs4" frame="0" z_index="10" m_a="0.582077" m_b="0.000000" m_c="0.000000" m_d="0.582092" m_tx="204.262497" m_ty="-204.686493"/>
   <element name="dfs3" layername="dfs3" frame="0" z_index="11" m_a="0.582077" m_b="0.000000" m_c="0.000000" m_d="0.582092" m_tx="136.599991" m_ty="-193.499008"/>
   <element name="dfs2" layername="dfs2" frame="0" z_index="12" m_a="0.582077" m_b="0.000000" m_c="0.000000" m_d="0.582092" m_tx="-208.511505" m_ty="-92.399002"/>
   <element name="dfs1" layername="df" frame="0" z_index="13" m_a="0.582077" m_b="0.000000" m_c="0.000000" m_d="0.582092" m_tx="-92.973999" m_ty="-380.799011"/>
   <element name="dfs0" layername="df" frame="0" z_index="14" m_a="0.582077" m_b="0.000000" m_c="0.000000" m_d="0.582092" m_tx="-239.211502" m_ty="-241.436493"/>
   <element name="splode" layername="splode" frame="4" z_index="15" m_a="1.000000" m_b="0.000000" m_c="0.000000" m_d="1.000000" m_tx="2.966226" m_ty="32.389469"/>
  </frame>
  <frame idx="450" w="917" h="889" x="-320.559570" y="-458.716370">
   <element name="dfs13" layername="df" frame="0" z_index="1" m_a="0.565933" m_b="0.000000" m_c="0.000000" m_d="0.565948" m_tx="-154.449005" m_ty="-303.773987"/>
   <element name="dfs12" layername="df" frame="0" z_index="2" m_a="0.565933" m_b="0.000000" m_c="0.000000" m_d="0.565948" m_tx="-181.449005" m_ty="-201.423996"/>
   <element name="dfs11" layername="df" frame="0" z_index="3" m_a="0.565933" m_b="0.000000" m_c="0.000000" m_d="0.565948" m_tx="-69.598999" m_ty="-351.248993"/>
   <element name="dfs10" layername="dfs" frame="0" z_index="4" m_a="0.565933" m_b="0.000000" m_c="0.000000" m_d="0.565948" m_tx="129.850006" m_ty="-261.973999"/>
   <element name="dfs9" layername="dfs9" frame="0" z_index="5" m_a="0.565933" m_b="0.000000" m_c="0.000000" m_d="0.565948" m_tx="-39.999001" m_ty="-313.398987"/>
   <element name="dfs8" layername="dfs8" frame="0" z_index="6" m_a="0.565933" m_b="0.000000" m_c="0.000000" m_d="0.565948" m_tx="215.750000" m_ty="-140.748993"/>
   <element name="dfs7" layername="dfs7" frame="0" z_index="7" m_a="0.565933" m_b="0.000000" m_c="0.000000" m_d="0.565948" m_tx="-184.798996" m_ty="-125.598999"/>
   <element name="dfs6" layername="dfs6" frame="0" z_index="8" m_a="0.565933" m_b="0.000000" m_c="0.000000" m_d="0.565948" m_tx="71.050003" m_ty="-365.374023"/>
   <element name="dfs5" layername="dfs5" frame="0" z_index="9" m_a="0.565933" m_b="0.000000" m_c="0.000000" m_d="0.565948" m_tx="110.925003" m_ty="-303.448975"/>
   <element name="dfs4" layername="dfs4" frame="0" z_index="10" m_a="0.565933" m_b="0.000000" m_c="0.000000" m_d="0.565948" m_tx="208.324997" m_ty="-206.373993"/>
   <element name="dfs3" layername="dfs3" frame="0" z_index="11" m_a="0.565933" m_b="0.000000" m_c="0.000000" m_d="0.565948" m_tx="140.799988" m_ty="-196.299011"/>
   <element name="dfs2" layername="dfs2" frame="0" z_index="12" m_a="0.565933" m_b="0.000000" m_c="0.000000" m_d="0.565948" m_tx="-212.873993" m_ty="-93.298996"/>
   <element name="dfs1" layername="df" frame="0" z_index="13" m_a="0.565933" m_b="0.000000" m_c="0.000000" m_d="0.565948" m_tx="-94.699005" m_ty="-386.748993"/>
   <element name="dfs0" layername="df" frame="0" z_index="14" m_a="0.565933" m_b="0.000000" m_c="0.000000" m_d="0.565948" m_tx="-244.074005" m_ty="-245.024002"/>
   <element name="splode" layername="splode" frame="4" z_index="15" m_a="1.000000" m_b="0.000000" m_c="0.000000" m_d="1.000000" m_tx="3.080799" m_ty="31.685030"/>
  </frame>
  <frame idx="475" w="923" h="896" x="-325.922485" y="-465.238586">
   <element name="dfs13" layername="df" frame="0" z_index="1" m_a="0.549790" m_b="0.000000" m_c="0.000000" m_d="0.549805" m_tx="-157.598999" m_ty="-308.011505"/>
   <element name="dfs12" layername="df" frame="0" z_index="2" m_a="0.549790" m_b="0.000000" m_c="0.000000" m_d="0.549805" m_tx="-185.373993" m_ty="-204.261505"/>
   <element name="dfs11" layername="df" frame="0" z_index="3" m_a="0.549790" m_b="0.000000" m_c="0.000000" m_d="0.549805" m_tx="-71.124001" m_ty="-357.373993"/>
   <element name="dfs10" layername="dfs" frame="0" z_index="4" m_a="0.549790" m_b="0.000000" m_c="0.000000" m_d="0.549805" m_tx="133.149994" m_ty="-266.111511"/>
   <element name="dfs9" layername="dfs9" frame="0" z_index="5" m_a="0.549790" m_b="0.000000" m_c="0.000000" m_d="0.549805" m_tx="-41.223999" m_ty="-319.324005"/>
   <element name="dfs8" layername="dfs8" frame="0" z_index="6" m_a="0.549790" m_b="0.000000" m_c="0.000000" m_d="0.549805" m_tx="220.625000" m_ty="-142.223999"/>
   <element name="dfs7" layername="dfs7" frame="0" z_index="7" m_a="0.549790" m_b="0.000000" m_c="0.000000" m_d="0.549805" m_tx="-188.199005" m_ty="-126.673996"/>
   <element name="dfs6" layername="dfs6" frame="0" z_index="8" m_a="0.549790" m_b="0.000000" m_c="0.000000" m_d="0.549805" m_tx="72.875000" m_ty="-369.961517"/>
   <element name="dfs5" layername="dfs5" frame="0" z_index="9" m_a="0.549790" m_b="0.000000" m_c="0.000000" m_d="0.549805" m_tx="113.187500" m_ty="-307.473999"/>
   <element name="dfs4" layername="dfs4" frame="0" z_index="10" m_a="0.549790" m_b="0.000000" m_c="0.000000" m_d="0.549805" m_tx="212.387497" m_ty="-208.061493"/>
   <element name="dfs3" layername="dfs3" frame="0" z_index="11" m_a="0.549790" m_b="0.000000" m_c="0.000000" m_d="0.549805" m_tx="145.000000" m_ty="-199.098999"/>
   <element name="dfs2" layername="dfs2" frame="0" z_index="12" m_a="0.549790" m_b="0.000000" m_c="0.000000" m_d="0.549805" m_tx="-217.236496" m_ty="-94.198997"/>
   <element name="dfs1" layername="df" frame="0" z_index="13" m_a="0.549790" m_b="0.000000" m_c="0.000000" m_d="0.549805" m_tx="-96.424004" m_ty="-392.698975"/>
   <element name="dfs0" layername="df" frame="0" z_index="14" m_a="0.549790" m_b="0.000000" m_c="0.000000" m_d="0.549805" m_tx="-248.936493" m_ty="-248.611511"/>
   <element name="splode" layername="splode" frame="4" z_index="15" m_a="1.000000" m_b="0.000000" m_c="0.000000" m_d="1.000000" m_tx="3.195372" m_ty="30.980593"/>
  </frame>
  <frame idx="500" w="925" h="908" x="-331.285400" y="-472.260864">
   <element name="dfs13" layername="df" frame="0" z_index="1" m_a="0.533646" m_b="0.000000" m_c="0.000000" m_d="0.533661" m_tx="-160.748993" m_ty="-312.248993"/>
   <element name="dfs12" layername="df" frame="0" z_index="2" m_a="0.533646" m_b="0.000000" m_c="0.000000" m_d="0.533661" m_tx="-189.298996" m_ty="-207.098999"/>
   <element name="dfs11" layername="df" frame="0" z_index="3" m_a="0.533646" m_b="0.000000" m_c="0.000000" m_d="0.533661" m_tx="-72.649002" m_ty="-363.498993"/>
   <element name="dfs10" layername="dfs" frame="0" z_index="4" m_a="0.533646" m_b="0.000000" m_c="0.000000" m_d="0.533661" m_tx="136.449997" m_ty="-270.248993"/>
   <element name="dfs9" layername="dfs9" frame="0" z_index="5" m_a="0.533646" m_b="0.000000" m_c="0.000000" m_d="0.533661" m_tx="-42.449001" m_ty="-325.248993"/>
   <element name="dfs8" layername="dfs8" frame="0" z_index="6" m_a="0.533646" m_b="0.000000" m_c="0.000000" m_d="0.533661" m_tx="225.500000" m_ty="-143.699005"/>
   <element name="dfs7" layername="dfs7" frame="0" z_index="7" m_a="0.533646" m_b="0.000000" m_c="0.000000" m_d="0.533661" m_tx="-191.598999" m_ty="-127.749001"/>
   <element name="dfs6" layername="dfs6" frame="0" z_index="8" m_a="0.533646" m_b="0.000000" m_c="0.000000" m_d="0.533661" m_tx="74.699997" m_ty="-374.549011"/>
   <element name="dfs5" layername="dfs5" frame="0" z_index="9" m_a="0.533646" m_b="0.000000" m_c="0.000000" m_d="0.533661" m_tx="115.449997" m_ty="-311.498993"/>
   <element name="dfs4" layername="dfs4" frame="0" z_index="10" m_a="0.533646" m_b="0.000000" m_c="0.000000" m_d="0.533661" m_tx="216.449997" m_ty="-209.748993"/>
   <element name="dfs3" layername="dfs3" frame="0" z_index="11" m_a="0.533646" m_b="0.000000" m_c="0.000000" m_d="0.533661" m_tx="149.199997" m_ty="-201.899002"/>
   <element name="dfs2" layername="dfs2" frame="0" z_index="12" m_a="0.533646" m_b="0.000000" m_c="0.000000" m_d="0.533661" m_tx="-221.598999" m_ty="-95.098999"/>
   <element name="dfs1" layername="df" frame="0" z_index="13" m_a="0.533646" m_b="0.000000" m_c="0.000000" m_d="0.533661" m_tx="-98.149002" m_ty="-398.648987"/>
   <element name="dfs0" layername="df" frame="0" z_index="14" m_a="0.533646" m_b="0.000000" m_c="0.000000" m_d="0.533661" m_tx="-253.798996" m_ty="-252.199005"/>
   <element name="splode" layername="splode" frame="5" z_index="15" m_a="1.000000" m_b="0.000000" m_c="0.000000" m_d="1.000000" m_tx="3.286969" m_ty="30.240524"/>
  </frame>
  <frame idx="525" w="929" h="914" x="-335.060699" y="-477.442047">
   <element name="dfs13" layername="df" frame="0" z_index="1" m_a="0.521092" m_b="0.000000" m_c="0.000000" m_d="0.521107" m_tx="-163.198990" m_ty="-315.536499"/>
   <element name="dfs12" layername="df" frame="0" z_index="2" m_a="0.521092" m_b="0.000000" m_c="0.000000" m_d="0.521107" m_tx="-192.361496" m_ty="-209.324005"/>
   <element name="dfs11" layername="df" frame="0" z_index="3" m_a="0.521092" m_b="0.000000" m_c="0.000000" m_d="0.521107" m_tx="-73.836502" m_ty="-368.261505"/>
   <element name="dfs10" layername="dfs" frame="0" z_index="4" m_a="0.521092" m_b="0.000000" m_c="0.000000" m_d="0.521107" m_tx="139.012497" m_ty="-273.449005"/>
   <element name="dfs9" layername="dfs9" frame="0" z_index="5" m_a="0.521092" m_b="0.000000" m_c="0.000000" m_d="0.521107" m_tx="-43.399002" m_ty="-329.873993"/>
   <element name="dfs8" layername="dfs8" frame="0" z_index="6" m_a="0.521092" m_b="0.000000" m_c="0.000000" m_d="0.521107" m_tx="229.287506" m_ty="-144.836502"/>
   <element name="dfs7" layername="dfs7" frame="0" z_index="7" m_a="0.521092" m_b="0.000000" m_c="0.000000" m_d="0.521107" m_tx="-194.236496" m_ty="-128.586502"/>
   <element name="dfs6" layername="dfs6" frame="0" z_index="8" m_a="0.521092" m_b="0.000000" m_c="0.000000" m_d="0.521107" m_tx="76.112495" m_ty="-378.098999"/>
   <element name="dfs5" layername="dfs5" frame="0" z_index="9" m_a="0.521092" m_b="0.000000" m_c="0.000000" m_d="0.521107" m_tx="117.212494" m_ty="-314.636505"/>
   <element name="dfs4" layername="dfs4" frame="0" z_index="10" m_a="0.521092" m_b="0.000000" m_c="0.000000" m_d="0.521107" m_tx="219.612503" m_ty="-211.061493"/>
   <element name="dfs3" layername="dfs3" frame="0" z_index="11" m_a="0.521092" m_b="0.000000" m_c="0.000000" m_d="0.521107" m_tx="152.475006" m_ty="-204.086502"/>
   <element name="dfs2" layername="dfs2" frame="0" z_index="12" m_a="0.521092" m_b="0.000000" m_c="0.000000" m_d="0.521107" m_tx="-224.986496" m_ty="-95.811501"/>
   <element name="dfs1" layername="df" frame="0" z_index="13" m_a="0.521092" m_b="0.000000" m_c="0.000000" m_d="0.521107" m_tx="-99.486504" m_ty="-403.273987"/>
   <element name="dfs0" layername="df" frame="0" z_index="14" m_a="0.521092" m_b="0.000000" m_c="0.000000" m_d="0.521107" m_tx="-257.574005" m_ty="-254.998993"/>
   <element name="splode" layername="splode" frame="5" z_index="15" m_a="1.000000" m_b="0.000000" m_c="0.000000" m_d="1.000000" m_tx="3.523964" m_ty="31.162426"/>
  </frame>
  <frame idx="550" w="934" h="920" x="-339.336029" y="-482.623199">
   <element name="dfs13" layername="df" frame="0" z_index="1" m_a="0.508538" m_b="0.000000" m_c="0.000000" m_d="0.508552" m_tx="-165.648987" m_ty="-318.823975"/>
   <element name="dfs12" layername="df" frame="0" z_index="2" m_a="0.508538" m_b="0.000000" m_c="0.000000" m_d="0.508552" m_tx="-195.423996" m_ty="-211.548996"/>
   <element name="dfs11" layername="df" frame="0" z_index="3" m_a="0.508538" m_b="0.000000" m_c="0.000000" m_d="0.508552" m_tx="-75.024002" m_ty="-373.023987"/>
   <element name="dfs10" layername="dfs" frame="0" z_index="4" m_a="0.508538" m_b="0.000000" m_c="0.000000" m_d="0.508552" m_tx="141.574997" m_ty="-276.648987"/>
   <element name="dfs9" layername="dfs9" frame="0" z_index="5" m_a="0.508538" m_b="0.000000" m_c="0.000000" m_d="0.508552" m_tx="-44.348999" m_ty="-334.498993"/>
   <element name="dfs8" layername="dfs8" frame="0" z_index="6" m_a="0.508538" m_b="0.000000" m_c="0.000000" m_d="0.508552" m_tx="233.074997" m_ty="-145.973999"/>
   <element name="dfs7" layername="dfs7" frame="0" z_index="7" m_a="0.508538" m_b="0.000000" m_c="0.000000" m_d="0.508552" m_tx="-196.873993" m_ty="-129.423996"/>
   <element name="dfs6" layername="dfs6" frame="0" z_index="8" m_a="0.508538" m_b="0.000000" m_c="0.000000" m_d="0.508552" m_tx="77.524994" m_ty="-381.648987"/>
   <element name="dfs5" layername="dfs5" frame="0" z_index="9" m_a="0.508538" m_b="0.000000" m_c="0.000000" m_d="0.508552" m_tx="118.974998" m_ty="-317.773987"/>
   <element name="dfs4" layername="dfs4" frame="0" z_index="10" m_a="0.508538" m_b="0.000000" m_c="0.000000" m_d="0.508552" m_tx="222.774994" m_ty="-212.373993"/>
   <element name="dfs3" layername="dfs3" frame="0" z_index="11" m_a="0.508538" m_b="0.000000" m_c="0.000000" m_d="0.508552" m_tx="155.750000" m_ty="-206.274002"/>
   <element name="dfs2" layername="dfs2" frame="0" z_index="12" m_a="0.508538" m_b="0.000000" m_c="0.000000" m_d="0.508552" m_tx="-228.373993" m_ty="-96.524002"/>
   <element name="dfs1" layername="df" frame="0" z_index="13" m_a="0.508538" m_b="0.000000" m_c="0.000000" m_d="0.508552" m_tx="-100.824005" m_ty="-407.898987"/>
   <element name="dfs0" layername="df" frame="0" z_index="14" m_a="0.508538" m_b="0.000000" m_c="0.000000" m_d="0.508552" m_tx="-261.348999" m_ty="-257.799011"/>
   <element name="splode" layername="splode" frame="5" z_index="15" m_a="1.000000" m_b="0.000000" m_c="0.000000" m_d="1.000000" m_tx="3.760958" m_ty="32.084324"/>
  </frame>
  <frame idx="575" w="939" h="926" x="-343.611328" y="-487.804382">
   <element name="dfs13" layername="df" frame="0" z_index="1" m_a="0.495983" m_b="0.000000" m_c="0.000000" m_d="0.495998" m_tx="-168.098999" m_ty="-322.111481"/>
   <element name="dfs12" layername="df" frame="0" z_index="2" m_a="0.495983" m_b="0.000000" m_c="0.000000" m_d="0.495998" m_tx="-198.486496" m_ty="-213.773987"/>
   <element name="dfs11" layername="df" frame="0" z_index="3" m_a="0.495983" m_b="0.000000" m_c="0.000000" m_d="0.495998" m_tx="-76.211502" m_ty="-377.786499"/>
   <element name="dfs10" layername="dfs" frame="0" z_index="4" m_a="0.495983" m_b="0.000000" m_c="0.000000" m_d="0.495998" m_tx="144.137497" m_ty="-279.848999"/>
   <element name="dfs9" layername="dfs9" frame="0" z_index="5" m_a="0.495983" m_b="0.000000" m_c="0.000000" m_d="0.495998" m_tx="-45.299000" m_ty="-339.123993"/>
   <element name="dfs8" layername="dfs8" frame="0" z_index="6" m_a="0.495983" m_b="0.000000" m_c="0.000000" m_d="0.495998" m_tx="236.862488" m_ty="-147.111496"/>
   <element name="dfs7" layername="dfs7" frame="0" z_index="7" m_a="0.495983" m_b="0.000000" m_c="0.000000" m_d="0.495998" m_tx="-199.511505" m_ty="-130.261505"/>
   <element name="dfs6" layername="dfs6" frame="0" z_index="8" m_a="0.495983" m_b="0.000000" m_c="0.000000" m_d="0.495998" m_tx="78.937500" m_ty="-385.199005"/>
   <element name="dfs5" layername="dfs5" frame="0" z_index="9" m_a="0.495983" m_b="0.000000" m_c="0.000000" m_d="0.495998" m_tx="120.737503" m_ty="-320.911499"/>
   <element name="dfs4" layername="dfs4" frame="0" z_index="10" m_a="0.495983" m_b="0.000000" m_c="0.000000" m_d="0.495998" m_tx="225.937500" m_ty="-213.686493"/>
   <element name="dfs3" layername="dfs3" frame="0" z_index="11" m_a="0.495983" m_b="0.000000" m_c="0.000000" m_d="0.495998" m_tx="159.024994" m_ty="-208.461502"/>
   <element name="dfs2" layername="dfs2" frame="0" z_index="12" m_a="0.495983" m_b="0.000000" m_c="0.000000" m_d="0.495998" m_tx="-231.761505" m_ty="-97.236496"/>
   <element name="dfs1" layername="df" frame="0" z_index="13" m_a="0.495983" m_b="0.000000" m_c="0.000000" m_d="0.495998" m_tx="-102.161499" m_ty="-412.523987"/>
   <element name="dfs0" layername="df" frame="0" z_index="14" m_a="0.495983" m_b="0.000000" m_c="0.000000" m_d="0.495998" m_tx="-265.123993" m_ty="-260.598999"/>
   <element name="splode" layername="splode" frame="5" z_index="15" m_a="1.000000" m_b="0.000000" m_c="0.000000" m_d="1.000000" m_tx="3.997953" m_ty="33.006226"/>
  </frame>
  <frame idx="600" w="914" h="935" x="-345.386658" y="-492.985565">
   <element name="dfs13" layername="df" frame="0" z_index="1" m_a="0.483429" m_b="0.000000" m_c="0.000000" m_d="0.483444" m_tx="-170.548996" m_ty="-325.398987"/>
   <element name="dfs12" layername="df" frame="0" z_index="2" m_a="0.483429" m_b="0.000000" m_c="0.000000" m_d="0.483444" m_tx="-201.548996" m_ty="-215.998993"/>
   <element name="dfs11" layername="df" frame="0" z_index="3" m_a="0.483429" m_b="0.000000" m_c="0.000000" m_d="0.483444" m_tx="-77.399002" m_ty="-382.549011"/>
   <element name="dfs10" layername="dfs" frame="0" z_index="4" m_a="0.483429" m_b="0.000000" m_c="0.000000" m_d="0.483444" m_tx="146.699997" m_ty="-283.049011"/>
   <element name="dfs9" layername="dfs9" frame="0" z_index="5" m_a="0.483429" m_b="0.000000" m_c="0.000000" m_d="0.483444" m_tx="-46.249001" m_ty="-343.748993"/>
   <element name="dfs8" layername="dfs8" frame="0" z_index="6" m_a="0.483429" m_b="0.000000" m_c="0.000000" m_d="0.483444" m_tx="240.649994" m_ty="-148.248993"/>
   <element name="dfs7" layername="dfs7" frame="0" z_index="7" m_a="0.483429" m_b="0.000000" m_c="0.000000" m_d="0.483444" m_tx="-202.149002" m_ty="-131.098999"/>
   <element name="dfs6" layername="dfs6" frame="0" z_index="8" m_a="0.483429" m_b="0.000000" m_c="0.000000" m_d="0.483444" m_tx="80.349998" m_ty="-388.748993"/>
   <element name="dfs5" layername="dfs5" frame="0" z_index="9" m_a="0.483429" m_b="0.000000" m_c="0.000000" m_d="0.483444" m_tx="122.500000" m_ty="-324.049011"/>
   <element name="dfs4" layername="dfs4" frame="0" z_index="10" m_a="0.483429" m_b="0.000000" m_c="0.000000" m_d="0.483444" m_tx="229.100006" m_ty="-214.998993"/>
   <element name="dfs3" layername="dfs3" frame="0" z_index="11" m_a="0.483429" m_b="0.000000" m_c="0.000000" m_d="0.483444" m_tx="162.300003" m_ty="-210.649002"/>
   <element name="dfs2" layername="dfs2" frame="0" z_index="12" m_a="0.483429" m_b="0.000000" m_c="0.000000" m_d="0.483444" m_tx="-235.149002" m_ty="-97.948997"/>
   <element name="dfs1" layername="df" frame="0" z_index="13" m_a="0.483429" m_b="0.000000" m_c="0.000000" m_d="0.483444" m_tx="-103.499001" m_ty="-417.148987"/>
   <element name="dfs0" layername="df" frame="0" z_index="14" m_a="0.483429" m_b="0.000000" m_c="0.000000" m_d="0.483444" m_tx="-268.898987" m_ty="-263.398987"/>
   <element name="splode" layername="splode" frame="6" z_index="15" m_a="1.000000" m_b="0.000000" m_c="0.000000" m_d="1.000000" m_tx="4.068819" m_ty="33.902855"/>
  </frame>
  <frame idx="625" w="916" h="939" x="-348.074371" y="-496.838196">
   <element name="dfs13" layername="df" frame="0" z_index="1" m_a="0.474461" m_b="0.000000" m_c="0.000000" m_d="0.474476" m_tx="-172.298996" m_ty="-327.761475"/>
   <element name="dfs12" layername="df" frame="0" z_index="2" m_a="0.474461" m_b="0.000000" m_c="0.000000" m_d="0.474476" m_tx="-203.736496" m_ty="-217.586487"/>
   <element name="dfs11" layername="df" frame="0" z_index="3" m_a="0.474461" m_b="0.000000" m_c="0.000000" m_d="0.474476" m_tx="-78.261505" m_ty="-385.949005"/>
   <element name="dfs10" layername="dfs" frame="0" z_index="4" m_a="0.474461" m_b="0.000000" m_c="0.000000" m_d="0.474476" m_tx="148.537506" m_ty="-285.336517"/>
   <element name="dfs9" layername="dfs9" frame="0" z_index="5" m_a="0.474461" m_b="0.000000" m_c="0.000000" m_d="0.474476" m_tx="-46.936501" m_ty="-347.036499"/>
   <element name="dfs8" layername="dfs8" frame="0" z_index="6" m_a="0.474461" m_b="0.000000" m_c="0.000000" m_d="0.474476" m_tx="243.362488" m_ty="-149.073990"/>
   <element name="dfs7" layername="dfs7" frame="0" z_index="7" m_a="0.474461" m_b="0.000000" m_c="0.000000" m_d="0.474476" m_tx="-204.036499" m_ty="-131.686493"/>
   <element name="dfs6" layername="dfs6" frame="0" z_index="8" m_a="0.474461" m_b="0.000000" m_c="0.000000" m_d="0.474476" m_tx="81.362503" m_ty="-391.286499"/>
   <element name="dfs5" layername="dfs5" frame="0" z_index="9" m_a="0.474461" m_b="0.000000" m_c="0.000000" m_d="0.474476" m_tx="123.762497" m_ty="-326.311523"/>
   <element name="dfs4" layername="dfs4" frame="0" z_index="10" m_a="0.474461" m_b="0.000000" m_c="0.000000" m_d="0.474476" m_tx="231.362503" m_ty="-215.936493"/>
   <element name="dfs3" layername="dfs3" frame="0" z_index="11" m_a="0.474461" m_b="0.000000" m_c="0.000000" m_d="0.474476" m_tx="164.637497" m_ty="-212.211502"/>
   <element name="dfs2" layername="dfs2" frame="0" z_index="12" m_a="0.474461" m_b="0.000000" m_c="0.000000" m_d="0.474476" m_tx="-237.574005" m_ty="-98.461502"/>
   <element name="dfs1" layername="df" frame="0" z_index="13" m_a="0.474461" m_b="0.000000" m_c="0.000000" m_d="0.474476" m_tx="-104.461502" m_ty="-420.461487"/>
   <element name="dfs0" layername="df" frame="0" z_index="14" m_a="0.474461" m_b="0.000000" m_c="0.000000" m_d="0.474476" m_tx="-271.586487" m_ty="-265.398987"/>
   <element name="splode" layername="splode" frame="6" z_index="15" m_a="1.000000" m_b="0.000000" m_c="0.000000" m_d="1.000000" m_tx="3.803465" m_ty="34.312466"/>
  </frame>
  <frame idx="650" w="920" h="943" x="-351.262115" y="-500.690826">
   <element name="dfs13" layername="df" frame="0" z_index="1" m_a="0.465492" m_b="0.000000" m_c="0.000000" m_d="0.465508" m_tx="-174.048996" m_ty="-330.123993"/>
   <element name="dfs12" layername="df" frame="0" z_index="2" m_a="0.465492" m_b="0.000000" m_c="0.000000" m_d="0.465508" m_tx="-205.923996" m_ty="-219.173996"/>
   <element name="dfs11" layername="df" frame="0" z_index="3" m_a="0.465492" m_b="0.000000" m_c="0.000000" m_d="0.465508" m_tx="-79.124001" m_ty="-389.348999"/>
   <element name="dfs10" layername="dfs" frame="0" z_index="4" m_a="0.465492" m_b="0.000000" m_c="0.000000" m_d="0.465508" m_tx="150.375000" m_ty="-287.624023"/>
   <element name="dfs9" layername="dfs9" frame="0" z_index="5" m_a="0.465492" m_b="0.000000" m_c="0.000000" m_d="0.465508" m_tx="-47.624001" m_ty="-350.323975"/>
   <element name="dfs8" layername="dfs8" frame="0" z_index="6" m_a="0.465492" m_b="0.000000" m_c="0.000000" m_d="0.465508" m_tx="246.074997" m_ty="-149.898987"/>
   <element name="dfs7" layername="dfs7" frame="0" z_index="7" m_a="0.465492" m_b="0.000000" m_c="0.000000" m_d="0.465508" m_tx="-205.924011" m_ty="-132.274002"/>
   <element name="dfs6" layername="dfs6" frame="0" z_index="8" m_a="0.465492" m_b="0.000000" m_c="0.000000" m_d="0.465508" m_tx="82.375000" m_ty="-393.823975"/>
   <element name="dfs5" layername="dfs5" frame="0" z_index="9" m_a="0.465492" m_b="0.000000" m_c="0.000000" m_d="0.465508" m_tx="125.025002" m_ty="-328.574005"/>
   <element name="dfs4" layername="dfs4" frame="0" z_index="10" m_a="0.465492" m_b="0.000000" m_c="0.000000" m_d="0.465508" m_tx="233.625000" m_ty="-216.873993"/>
   <element name="dfs3" layername="dfs3" frame="0" z_index="11" m_a="0.465492" m_b="0.000000" m_c="0.000000" m_d="0.465508" m_tx="166.975006" m_ty="-213.774002"/>
   <element name="dfs2" layername="dfs2" frame="0" z_index="12" m_a="0.465492" m_b="0.000000" m_c="0.000000" m_d="0.465508" m_tx="-239.998993" m_ty="-98.973999"/>
   <element name="dfs1" layername="df" frame="0" z_index="13" m_a="0.465492" m_b="0.000000" m_c="0.000000" m_d="0.465508" m_tx="-105.423996" m_ty="-423.773987"/>
   <element name="dfs0" layername="df" frame="0" z_index="14" m_a="0.465492" m_b="0.000000" m_c="0.000000" m_d="0.465508" m_tx="-274.273987" m_ty="-267.398987"/>
   <element name="splode" layername="splode" frame="6" z_index="15" m_a="1.000000" m_b="0.000000" m_c="0.000000" m_d="1.000000" m_tx="3.538110" m_ty="34.722073"/>
  </frame>
  <frame idx="675" w="586" h="611" x="-46.294292" y="-196.300278">
   <element name="splode" layername="splode" frame="6" z_index="15" m_a="1.000000" m_b="0.000000" m_c="0.000000" m_d="1.000000" m_tx="3.272756" m_ty="35.131680"/>
  </frame>
  <frame idx="700" w="567" h="610" x="-44.434948" y="-195.104767">
   <element name="splode" layername="splode" frame="7" z_index="15" m_a="1.000000" m_b="0.000000" m_c="0.000000" m_d="1.000000" m_tx="2.920154" m_ty="35.541286"/>
  </frame>
  <frame idx="725" w="567" h="609" x="-44.053875" y="-194.374695">
   <element name="splode" layername="splode" frame="7" z_index="15" m_a="1.000000" m_b="0.000000" m_c="0.000000" m_d="1.000000" m_tx="3.301229" m_ty="36.271358"/>
  </frame>
  <frame idx="750" w="567" h="609" x="-43.672798" y="-193.644638">
   <element name="splode" layername="splode" frame="7" z_index="15" m_a="1.000000" m_b="0.000000" m_c="0.000000" m_d="1.000000" m_tx="3.682305" m_ty="37.001423"/>
  </frame>
  <frame idx="775" w="567" h="609" x="-43.291721" y="-192.914566">
   <element name="splode" layername="splode" frame="7" z_index="15" m_a="1.000000" m_b="0.000000" m_c="0.000000" m_d="1.000000" m_tx="4.063381" m_ty="37.731495"/>
  </frame>
  <frame idx="800" w="567" h="593" x="-43.744675" y="-186.776886">
   <element name="splode" layername="splode" frame="8" z_index="15" m_a="1.000000" m_b="0.000000" m_c="0.000000" m_d="1.000000" m_tx="4.444456" m_ty="38.526176"/>
  </frame>
  <frame idx="825" w="567" h="592" x="-43.800114" y="-186.326691">
   <element name="splode" layername="splode" frame="8" z_index="15" m_a="1.000000" m_b="0.000000" m_c="0.000000" m_d="1.000000" m_tx="4.389020" m_ty="38.976372"/>
  </frame>
  <frame idx="850" w="567" h="592" x="-43.855549" y="-185.876495">
   <element name="splode" layername="splode" frame="8" z_index="15" m_a="1.000000" m_b="0.000000" m_c="0.000000" m_d="1.000000" m_tx="4.333584" m_ty="39.426567"/>
  </frame>
  <frame idx="875" w="567" h="592" x="-43.855549" y="-185.876495"/>
  <frame idx="900" w="567" h="592" x="-43.855549" y="-185.876495"/>
  <frame idx="925" w="567" h="592" x="-43.855549" y="-185.876495"/>
  <frame idx="950" w="567" h="592" x="-43.855549" y="-185.876495"/>
  <frame idx="975" w="567" h="592" x="-43.855549" y="-185.876495"/>
 </anim>
</Anims>
